"tradeup_id","skinsnipe_id","slug","type"
"68","68","community-stickers-series-2","capsule"
"71","71","community-stickers-series-4","capsule"
"1","1","AK-47-Asiimov","item"
"2","2","Desert-Eagle-Mecha-Industries","item"
"3","3","AWP-Neo-Noir","item"
"4","4","MP5-SD-Phosphor","item"
"5","5","UMP-45-Momentum","item"
"6","6","USP-S-Flashback","item"
"7","7","P250-Nevermore","item"
"8","8","MAC-10-Pipe-Down","item"
"9","9","Galil-AR-Signal","item"
"10","10","G3SG1-Scavenger","item"
"11","11","M4A4-Magnesium","item"
"12","12","Glock-18-Oxide-Blaze","item"
"13","13","Tec-9-Fubar","item"
"14","14","SG-553-Danger-Close","item"
"15","15","MP9-Modest-Threat","item"
"16","16","Sawed-Off-Black-Sand","item"
"17","17","Nova-Wood-Fired","item"
"18","18","AK-47-Neon-Rider","item"
"19","19","Desert-Eagle-Code-Red","item"
"20","20","M4A1-S-Nightmare","item"
"21","21","FAMAS-Eye-of-Athena","item"
"22","22","Sawed-Off-Devourer","item"
"23","23","AWP-PAW","item"
"24","24","CZ75-Auto-Eco","item"
"25","25","MP7-Powercore","item"
"26","26","Nova-Toy-Soldier","item"
"27","27","G3SG1-High-Seas","item"
"28","28","Glock-18-Warhawk","item"
"29","29","AUG-Amber-Slipstream","item"
"30","30","P90-Traction","item"
"31","31","Tec-9-Snek-9","item"
"32","32","R8-Revolver-Survivalist","item"
"33","33","MP9-Capillary","item"
"34","34","Dual-Berettas-Shred","item"
"35","35","M4A4-Neo-Noir","item"
"36","36","MP7-Bloodsport","item"
"37","37","USP-S-Cortex","item"
"38","38","AWP-Mortis","item"
"39","39","AUG-Stymphalian","item"
"40","40","Glock-18-Moonrise","item"
"41","41","UMP-45-Arctic-Wolf","item"
"42","42","MAG-7-SWAG-7","item"
"43","43","Nova-Wild-Six","item"
"44","44","Negev-Lionfish","item"
"45","45","SG-553-Aloha","item"
"46","46","R8-Revolver-Grip","item"
"47","47","Five-SeveN-Flame-Test","item"
"48","48","P2000-Urban-Hazard","item"
"49","49","PP-Bizon-Night-Riot","item"
"50","50","MP9-Black-Sand","item"
"51","51","XM1014-Oxide-Blaze","item"
"52","52","AK-47-The-Empress","item"
"53","53","P250-See-Ya-Later","item"
"54","54","M4A1-S-Leaded-Glass","item"
"55","55","PP-Bizon-High-Roller","item"
"56","56","R8-Revolver-Llama-Cannon","item"
"57","57","SG-553-Phantom","item"
"58","58","CZ75-Auto-Tacticat","item"
"59","59","UMP-45-Exposure","item"
"60","60","MP9-Goo","item"
"61","61","XM1014-Ziggy","item"
"62","62","AUG-Triqua","item"
"63","63","Glock-18-Off-World","item"
"64","64","MAC-10-Oceanic","item"
"65","65","Tec-9-Cracked-Opal","item"
"66","66","G3SG1-Hunter","item"
"67","67","Sawed-Off-Morris","item"
"69","69","M4A1-S-Mecha-Industries","item"
"70","70","Glock-18-Wasteland-Rebel","item"
"72","72","P2000-Imperial-Dragon","item"
"73","73","SCAR-20-Bloodsport","item"
"74","74","AWP-Phobos","item"
"75","75","AUG-Aristocrat","item"
"76","76","R8-Revolver-Reboot","item"
"77","77","P90-Chopper","item"
"78","78","Sawed-Off-Limelight","item"
"79","79","Five-SeveN-Violent-Daimyo","item"
"80","80","SG-553-Aerial","item"
"81","81","P250-Iron-Clad","item"
"82","82","MAC-10-Carnivore","item"
"83","83","Tec-9-Ice-Cap","item"
"84","84","PP-Bizon-Harvester","item"
"85","85","Nova-Exo","item"
"86","86","AK-47-Neon-Revolution","item"
"87","87","FAMAS-Roll-Cage","item"
"88","88","AUG-Syd-Mead","item"
"89","89","Tec-9-Fuel-Injector","item"
"90","90","MP9-Airlock","item"
"91","91","Desert-Eagle-Directive","item"
"92","92","Glock-18-Weasel","item"
"93","93","SG-553-Triarch","item"
"94","94","MAG-7-Petroglyph","item"
"95","95","SCAR-20-Powercore","item"
"96","96","P90-Grim","item"
"97","97","UMP-45-Briefing","item"
"98","98","CZ75-Auto-Imprint","item"
"99","99","Negev-Dazzle","item"
"100","100","Five-SeveN-Scumbria","item"
"101","101","XM1014-Slipstream","item"
"102","102","G3SG1-Ventilator","item"
"103","103","M4A4-Buzz-Kill","item"
"104","104","SSG-08-Dragonfire","item"
"105","105","Sawed-Off-Wasteland-Princess","item"
"106","106","FAMAS-Mecha-Industries","item"
"107","107","P90-Shallow-Grave","item"
"108","108","USP-S-Cyrex","item"
"109","109","M4A1-S-Flashback","item"
"110","110","Dual-Berettas-Royal-Consorts","item"
"111","111","Nova-Gila","item"
"112","112","G3SG1-Stinger","item"
"113","113","Glock-18-Ironwork","item"
"114","114","MP7-Cirrus","item"
"115","115","Galil-AR-Black-Sand","item"
"116","116","P2000-Turf","item"
"117","117","CZ75-Auto-Polymer","item"
"118","118","MAG-7-Sonar","item"
"119","119","MP9-Sand-Scale","item"
"120","120","AK-47-Bloodsport","item"
"121","121","USP-S-Neo-Noir","item"
"122","122","AWP-Fever-Dream","item"
"123","123","M4A1-S-Decimator","item"
"124","124","CZ75-Auto-Xiangliu","item"
"125","125","UMP-45-Scaffold","item"
"126","126","M249-Emerald-Poison-Dart","item"
"127","127","XM1014-Seasons","item"
"128","128","MAC-10-Last-Dive","item"
"129","129","Galil-AR-Crimson-Tsunami","item"
"130","130","Desert-Eagle-Oxide-Blaze","item"
"131","131","Five-SeveN-Capillary","item"
"132","132","P250-Ripple","item"
"133","133","SCAR-20-Blueprint","item"
"134","134","Sawed-Off-Zander","item"
"135","135","MP7-Akoben","item"
"136","136","PP-Bizon-Jungle-Slipstream","item"
"137","137","AWP-Lightning-Strike","item"
"138","138","AK-47-Case-Hardened","item"
"139","139","Desert-Eagle-Hypnotic","item"
"140","140","Glock-18-Dragon-Tattoo","item"
"141","141","M4A1-S-Dark-Water","item"
"142","142","USP-S-Dark-Water","item"
"143","143","SG-553-Ultraviolet","item"
"144","144","AUG-Wings","item"
"145","145","MP7-Skulls","item"
"146","146","SSG-08-Blood-in-the-Water","item"
"147","147","P90-Cold-Blooded","item"
"148","148","USP-S-Serum","item"
"149","149","Five-SeveN-Case-Hardened","item"
"150","150","MP9-Hypnotic","item"
"151","151","Dual-Berettas-Hemoglobin","item"
"152","152","Nova-Graphite","item"
"153","153","SCAR-20-Crimson-Web","item"
"154","154","M4A1-S-Blood-Tiger","item"
"155","155","FAMAS-Hexane","item"
"156","156","Tec-9-Blue-Titanium","item"
"157","157","P250-Hive","item"
"158","158","CZ75-Auto-Victoria","item"
"159","159","P250-Undertow","item"
"160","160","CZ75-Auto-The-Fuschia-Is-Now","item"
"161","161","Desert-Eagle-Heirloom","item"
"162","162","Five-SeveN-Copper-Galaxy","item"
"163","163","Tec-9-Titanium-Bit","item"
"164","164","CZ75-Auto-Tread-Plate","item"
"165","165","CZ75-Auto-Crimson-Web","item"
"166","166","USP-S-Stainless","item"
"167","167","Glock-18-Blue-Fissure","item"
"168","168","Dual-Berettas-Panther","item"
"169","169","P2000-Red-FragCam","item"
"170","170","Galil-AR-Chatterbox","item"
"171","171","AWP-Man-o'-war","item"
"172","172","M4A4-龍王-(Dragon-King)","item"
"173","173","AK-47-Cartel","item"
"174","174","P250-Muertos","item"
"175","175","Desert-Eagle-Naga","item"
"176","176","MAC-10-Malachite","item"
"177","177","Dual-Berettas-Urban-Shock","item"
"178","178","Sawed-Off-Serenity","item"
"179","179","Glock-18-Catacombs","item"
"180","180","MP9-Deadly-Poison","item"
"181","181","M249-System-Lock","item"
"182","182","SCAR-20-Grotto","item"
"183","183","XM1014-Quicksilver","item"
"184","184","M4A1-S-Hyper-Beast","item"
"185","185","MAC-10-Neon-Rider","item"
"186","186","Galil-AR-Eco","item"
"187","187","Five-SeveN-Monkey-Business","item"
"188","188","FAMAS-Djinn","item"
"189","189","AWP-Worm-God","item"
"190","190","MAG-7-Heat","item"
"191","191","CZ75-Auto-Pole-Position","item"
"192","192","UMP-45-Grand-Prix","item"
"193","193","AK-47-Elite-Build","item"
"194","194","Desert-Eagle-Bronze-Deco","item"
"195","195","P250-Valence","item"
"196","196","Sawed-Off-Origami","item"
"197","197","MP7-Armor-Core","item"
"198","198","Negev-Man-o'-war","item"
"199","199","M4A1-S-Chantico's-Fire","item"
"200","200","PP-Bizon-Judgement-of-Anubis","item"
"201","201","P250-Asiimov","item"
"202","202","AUG-Fleet-Flock","item"
"203","203","UMP-45-Primal-Saber","item"
"204","204","SSG-08-Ghost-Crusader","item"
"205","205","CZ75-Auto-Red-Astor","item"
"206","206","XM1014-Black-Tie","item"
"207","207","Galil-AR-Firefight","item"
"208","208","Tec-9-Re-Entry","item"
"209","209","SG-553-Atlas","item"
"210","210","P2000-Oceanic","item"
"211","211","MP9-Bioleak","item"
"212","212","Dual-Berettas-Ventilators","item"
"213","213","G3SG1-Orange-Crash","item"
"214","214","M249-Spectre","item"
"215","215","Sawed-Off-Fubar","item"
"216","216","P90-Death-by-Kitty","item"
"217","217","AK-47-Red-Laminate","item"
"218","218","AWP-BOOM","item"
"219","219","Galil-AR-Orange-DDPAT","item"
"220","220","P250-Splash","item"
"221","221","Sawed-Off-Orange-DDPAT","item"
"222","222","M4A4-Faded-Zebra","item"
"223","223","MAG-7-Memento","item"
"224","224","FAMAS-Doomkitty","item"
"225","225","M4A4-X-Ray","item"
"226","226","Desert-Eagle-Cobalt-Disruption","item"
"227","227","AWP-Electric-Hive","item"
"228","228","FAMAS-Afterimage","item"
"229","229","AK-47-Blue-Laminate","item"
"230","230","P90-Blind-Spot","item"
"231","231","Nova-Ghost-Camo","item"
"232","232","Galil-AR-Blue-Titanium","item"
"233","233","P250-Steel-Disruption","item"
"234","234","G3SG1-Azure-Zebra","item"
"235","235","Five-SeveN-Nightshade","item"
"236","236","PP-Bizon-Water-Sigil","item"
"237","237","AK-47-Jaguar","item"
"238","238","M4A4-Bullet-Rain","item"
"239","239","AWP-Corticera","item"
"240","240","AUG-Bengal-Tiger","item"
"241","241","Nova-Bloomstick","item"
"242","242","P2000-Corticera","item"
"243","243","Desert-Eagle-Crimson-Web","item"
"244","244","PP-Bizon-Blue-Streak","item"
"245","245","P90-Virus","item"
"246","246","MP7-Ocean-Foam","item"
"247","247","Glock-18-Steel-Disruption","item"
"248","248","USP-S-Blood-Tiger","item"
"249","249","MAC-10-Ultraviolet","item"
"250","250","Negev-Bratatat","item"
"251","251","CZ75-Auto-Hexane","item"
"252","252","SSG-08-Dark-Water","item"
"253","253","XM1014-Red-Python","item"
"254","254","AWP-Hyper-Beast","item"
"255","255","AK-47-Aquamarine-Revenge","item"
"256","256","SG-553-Cyrex","item"
"257","257","MP7-Nemesis","item"
"258","258","CZ75-Auto-Yellow-Jacket","item"
"259","259","M4A4-Evil-Daimyo","item"
"260","260","Negev-Loudmouth","item"
"261","261","P2000-Handgun","item"
"262","262","FAMAS-Neural-Net","item"
"263","263","MP9-Ruby-Poison-Dart","item"
"264","264","USP-S-Torque","item"
"265","265","Galil-AR-Rocket-Pop","item"
"266","266","Glock-18-Bunsen-Burner","item"
"267","267","Nova-Ranger","item"
"268","268","UMP-45-Riot","item"
"269","269","M4A4-Desert-Strike","item"
"270","270","AK-47-Vulcan","item"
"271","271","USP-S-Caiman","item"
"272","272","USP-S-Orion","item"
"273","273","M4A1-S-Atomic-Alloy","item"
"274","274","SCAR-20-Cyrex","item"
"275","275","MAC-10-Tatter","item"
"276","276","MAC-10-Curse","item"
"277","277","AUG-Torque","item"
"278","278","XM1014-Heaven-Guard","item"
"279","279","PP-Bizon-Antique","item"
"280","280","P90-Module","item"
"281","281","CZ75-Auto-Twist","item"
"282","282","P2000-Pulse","item"
"283","283","CZ75-Auto-Poison-Dart","item"
"284","284","P90-Desert-Warfare","item"
"285","285","Dual-Berettas-Retribution","item"
"286","286","Tec-9-Isaac","item"
"287","287","SSG-08-Slashed","item"
"288","288","Galil-AR-Kami","item"
"289","289","AK-47-Fire-Serpent","item"
"290","290","Desert-Eagle-Golden-Koi","item"
"291","291","P90-Emerald-Dragon","item"
"292","292","AWP-Graphite","item"
"293","293","P2000-Ocean-Foam","item"
"294","294","USP-S-Overgrowth","item"
"295","295","M4A4-Zirka","item"
"296","296","MAC-10-Graven","item"
"297","297","M4A1-S-Bright-Water","item"
"298","298","Galil-AR-Shattered","item"
"299","299","Dual-Berettas-Black-Limba","item"
"300","300","UMP-45-Bone-Pile","item"
"301","301","Nova-Tempest","item"
"302","302","G3SG1-Demeter","item"
"303","303","SG-553-Wave-Spray","item"
"304","304","P90-Asiimov","item"
"305","305","M4A1-S-Cyrex","item"
"306","306","Glock-18-Water-Elemental","item"
"307","307","Desert-Eagle-Conspiracy","item"
"308","308","Five-SeveN-Fowl-Play","item"
"309","309","CZ75-Auto-Tigris","item"
"310","310","P250-Supernova","item"
"311","311","Nova-Koi","item"
"312","312","PP-Bizon-Osiris","item"
"313","313","SSG-08-Abyss","item"
"314","314","P2000-Ivory","item"
"315","315","UMP-45-Labyrinth","item"
"316","316","MP7-Urban-Hazard","item"
"317","317","Negev-Desert-Strike","item"
"318","318","AWP-Oni-Taiji","item"
"319","319","Five-SeveN-Hyper-Beast","item"
"320","320","M4A4-Hellfire","item"
"321","321","Galil-AR-Sugar-Rush","item"
"322","322","Dual-Berettas-Cobra-Strike","item"
"323","323","AK-47-Orbit-Mk01","item"
"324","324","SSG-08-Death's-Head","item"
"325","325","P90-Death-Grip","item"
"326","326","P2000-Woodsman","item"
"327","327","P250-Red-Rock","item"
"328","328","USP-S-Blueprint","item"
"329","329","M4A1-S-Briefing","item"
"330","330","Tec-9-Cut-Out","item"
"331","331","MAG-7-Hard-Water","item"
"332","332","FAMAS-Macabre","item"
"333","333","UMP-45-Metal-Flowers","item"
"334","334","MAC-10-Aloha","item"
"335","335","AWP-Asiimov","item"
"336","336","AUG-Chameleon","item"
"337","337","AK-47-Redline","item"
"338","338","Nova-Antique","item"
"339","339","P90-Trigon","item"
"340","340","USP-S-Guardian","item"
"341","341","SG-553-Pulse","item"
"342","342","MAC-10-Heat","item"
"343","343","FAMAS-Sergeant","item"
"344","344","UMP-45-Corporal","item"
"345","345","Negev-Terrain","item"
"346","346","Tec-9-Sandstorm","item"
"347","347","MAG-7-Heaven-Guard","item"
"348","348","AK-47-Wasteland-Rebel","item"
"349","349","P2000-Fire-Elemental","item"
"350","350","XM1014-Tranquility","item"
"351","351","P250-Cartel","item"
"352","352","SCAR-20-Cardiac","item"
"353","353","M4A4-Griffin","item"
"354","354","M4A1-S-Basilisk","item"
"355","355","Glock-18-Grinder","item"
"356","356","Sawed-Off-Highwayman","item"
"357","357","MAG-7-Firestarter","item"
"358","358","MP9-Dart","item"
"359","359","UMP-45-Delusion","item"
"360","360","Five-SeveN-Urban-Hazard","item"
"361","361","G3SG1-Murky","item"
"362","362","AK-47-Fuel-Injector","item"
"363","363","M4A4-The-Battlestar","item"
"364","364","Desert-Eagle-Kumicho-Dragon","item"
"365","365","AWP-Elite-Build","item"
"366","366","Nova-Hyper-Beast","item"
"367","367","Glock-18-Royal-Legion","item"
"368","368","FAMAS-Valence","item"
"369","369","MP7-Impire","item"
"370","370","MAG-7-Praetorian","item"
"371","371","Five-SeveN-Triumvirate","item"
"372","372","USP-S-Lead-Conduit","item"
"373","373","SSG-08-Necropos","item"
"374","374","PP-Bizon-Photic-Zone","item"
"375","375","Dual-Berettas-Cartel","item"
"376","376","Tec-9-Jambiya","item"
"377","377","MAC-10-Lapis-Gator","item"
"378","378","M4A4-Royal-Paladin","item"
"379","379","R8-Revolver-Fade","item"
"380","380","G3SG1-The-Executioner","item"
"381","381","AK-47-Point-Disarray","item"
"382","382","P90-Shapewood","item"
"383","383","SG-553-Tiger-Moth","item"
"384","384","Negev-Power-Loader","item"
"385","385","Five-SeveN-Retrobution","item"
"386","386","PP-Bizon-Fuel-Rod","item"
"387","387","Tec-9-Avalanche","item"
"388","388","XM1014-Teclu-Burner","item"
"389","389","Desert-Eagle-Corinthian","item"
"390","390","R8-Revolver-Crimson-Web","item"
"391","391","AUG-Ricochet","item"
"392","392","P2000-Imperial","item"
"393","393","Sawed-Off-Yorick","item"
"394","394","SCAR-20-Outbreak","item"
"395","395","USP-S-Kill-Confirmed","item"
"396","396","M4A1-S-Golden-Coil","item"
"397","397","AK-47-Frontside-Misty","item"
"398","398","SSG-08-Big-Iron","item"
"399","399","G3SG1-Flux","item"
"400","400","P250-Wingshot","item"
"401","401","Galil-AR-Stone-Cold","item"
"402","402","M249-Nebula-Crusader","item"
"403","403","MP7-Special-Delivery","item"
"404","404","Dual-Berettas-Dualing-Dragons","item"
"405","405","Glock-18-Wraiths","item"
"406","406","FAMAS-Survivor-Z","item"
"407","407","SCAR-20-Green-Marine","item"
"408","408","MAC-10-Rangeen","item"
"409","409","MAG-7-Cobalt-Core","item"
"410","410","XM1014-Scumbria","item"
"411","411","M4A4-Asiimov","item"
"412","412","Sawed-Off-The-Kraken","item"
"413","413","AWP-Redline","item"
"414","414","M4A1-S-Guardian","item"
"415","415","P250-Mehndi","item"
"416","416","FAMAS-Pulse","item"
"417","417","Dual-Berettas-Marina","item"
"418","418","MP9-Rose-Iron","item"
"419","419","Nova-Rising-Skull","item"
"420","420","Galil-AR-Sandstorm","item"
"421","421","Five-SeveN-Kami","item"
"422","422","PP-Bizon-Cobalt-Halftone","item"
"423","423","M249-Magma","item"
"424","424","SG-553-Integrale","item"
"425","425","Dual-Berettas-Twin-Turbo","item"
"426","426","AK-47-Safety-Net","item"
"427","427","MP7-Fade","item"
"428","428","P250-Vino-Primo","item"
"429","429","M4A4-Converter","item"
"430","430","SSG-08-Hand-Brake","item"
"431","431","USP-S-Check-Engine","item"
"432","432","Sawed-Off-Brake-Light","item"
"433","433","Glock-18-High-Beam","item"
"434","434","R8-Revolver-Nitro","item"
"435","435","MAC-10-Calf-Skin","item"
"436","436","PP-Bizon-Candy-Apple","item"
"437","437","MP5-SD-Dirt-Drop","item"
"438","438","AUG-Sweeper","item"
"439","439","UMP-45-Mudder","item"
"440","440","MP9-Slide","item"
"441","441","MAG-7-Rust-Coat","item"
"442","442","M4A1-S-Control-Panel","item"
"443","443","Tec-9-Remote-Control","item"
"444","444","Glock-18-Nuclear-Garden","item"
"445","445","AUG-Random-Access","item"
"446","446","MAG-7-Core-Breach","item"
"447","447","AWP-Acheron","item"
"448","448","MP5-SD-Co-Processor","item"
"449","449","P90-Facility-Negative","item"
"450","450","P250-Exchanger","item"
"451","451","M4A4-Mainframe","item"
"452","452","Galil-AR-Cold-Fusion","item"
"453","453","Negev-Bulkhead","item"
"454","454","MP7-Motherboard","item"
"455","455","P250-Facility-Draft","item"
"456","456","Five-SeveN-Coolant","item"
"457","457","UMP-45-Facility-Dark","item"
"458","458","PP-Bizon-Facility-Sketch","item"
"459","459","Nova-Mandrel","item"
"460","460","FAMAS-Spitfire","item"
"461","461","SCAR-20-Emerald","item"
"462","462","MAG-7-Hazard","item"
"463","463","AUG-Anodized-Navy","item"
"464","464","PP-Bizon-Rust-Coat","item"
"465","465","P250-Facets","item"
"466","466","Glock-18-Sand-Dune","item"
"467","467","SSG-08-Mayan-Dreams","item"
"468","468","Negev-Palm","item"
"469","469","Sawed-Off-Mosaico","item"
"470","470","MP7-Groundwater","item"
"471","471","XM1014-Jungle","item"
"472","472","M249-Jungle-DDPAT","item"
"473","473","Tec-9-Tornado","item"
"474","474","Five-SeveN-Anodized-Gunmetal","item"
"475","475","MP9-Dry-Season","item"
"476","476","Glock-18-Fade","item"
"477","477","MP9-Bulldozer","item"
"478","478","Negev-Anodized-Navy","item"
"479","479","AUG-Hot-Rod","item"
"480","480","Five-SeveN-Candy-Apple","item"
"481","481","UMP-45-Caramel","item"
"482","482","SG-553-Tornado","item"
"483","483","Tec-9-Ossified","item"
"484","484","AK-47-Jungle-Spray","item"
"485","485","M4A4-Jungle-Tiger","item"
"486","486","SSG-08-Lichen-Dashed","item"
"487","487","Nova-Forest-Leaves","item"
"488","488","Five-SeveN-Jungle","item"
"489","489","AK-47-Jet-Set","item"
"490","490","Desert-Eagle-Pilot","item"
"491","491","AK-47-First-Class","item"
"492","492","Sawed-Off-First-Class","item"
"493","493","USP-S-Business-Class","item"
"494","494","XM1014-Red-Leather","item"
"495","495","MAC-10-Commuter","item"
"496","496","P90-Leather","item"
"497","497","P2000-Coach-Class","item"
"498","498","SG-553-Traveler","item"
"499","499","SSG-08-Sand-Dune","item"
"500","500","MP7-Olive-Plaid","item"
"501","501","G3SG1-Contractor","item"
"502","502","MP9-Green-Plaid","item"
"503","503","CZ75-Auto-Green-Plaid","item"
"504","504","P250-Franklin","item"
"505","505","AK-47-Emerald-Pinstripe","item"
"506","506","Desert-Eagle-Meteorite","item"
"507","507","Galil-AR-Tuxedo","item"
"508","508","CZ75-Auto-Tuxedo","item"
"509","509","MAC-10-Silver","item"
"510","510","Glock-18-Death-Rattle","item"
"511","511","UMP-45-Carbon-Fiber","item"
"512","512","G3SG1-Green-Apple","item"
"513","513","Nova-Caged-Steel","item"
"514","514","R8-Revolver-Bone-Mask","item"
"515","515","Tec-9-Urban-DDPAT","item"
"516","516","Sawed-Off-Forest-DDPAT","item"
"517","517","MP7-Forest-DDPAT","item"
"518","518","SG-553-Army-Sheen","item"
"519","519","Negev-Army-Sheen","item"
"520","520","Galil-AR-Cerberus","item"
"521","521","FAMAS-Styx","item"
"522","522","Glock-18-Reactor","item"
"523","523","MP9-Setting-Sun","item"
"524","524","Tec-9-Toxic","item"
"525","525","MAC-10-Nuclear-Garden","item"
"526","526","XM1014-Bone-Machine","item"
"527","527","AUG-Radiation-Hazard","item"
"528","528","SG-553-Fallout-Warning","item"
"529","529","Five-SeveN-Hot-Shot","item"
"530","530","P250-Contamination","item"
"531","531","Negev-Nuclear-Waste","item"
"532","532","PP-Bizon-Chemical-Green","item"
"533","533","M4A1-S-Hot-Rod","item"
"534","534","Glock-18-Twilight-Galaxy","item"
"535","535","SG-553-Bulldozer","item"
"536","536","Dual-Berettas-Duelist","item"
"537","537","P250-Whiteout","item"
"538","538","MAC-10-Fade","item"
"539","539","CZ75-Auto-Emerald","item"
"540","540","Five-SeveN-Nitro","item"
"541","541","MP7-Full-Stop","item"
"542","542","Desert-Eagle-Night","item"
"543","543","USP-S-Para-Green","item"
"544","544","Galil-AR-Urban-Rubble","item"
"545","545","SCAR-20-Army-Sheen","item"
"546","546","CZ75-Auto-Army-Sheen","item"
"547","547","MAG-7-Seabird","item"
"548","548","M249-Impact-Drill","item"
"549","549","AWP-Dragon-Lore","item"
"550","550","M4A1-S-Knight","item"
"551","551","Desert-Eagle-Hand-Cannon","item"
"552","552","CZ75-Auto-Chalice","item"
"553","553","P2000-Chainmail","item"
"554","554","MP9-Dark-Age","item"
"555","555","USP-S-Royal-Blue","item"
"556","556","MAG-7-Silver","item"
"557","557","Nova-Green-Apple","item"
"558","558","Sawed-Off-Rust-Coat","item"
"559","559","UMP-45-Indigo","item"
"560","560","MAC-10-Indigo","item"
"561","561","P90-Storm","item"
"562","562","SCAR-20-Storm","item"
"563","563","Dual-Berettas-Briar","item"
"564","564","Desert-Eagle-Blaze","item"
"565","565","P2000-Scorpion","item"
"566","566","Glock-18-Brass","item"
"567","567","AWP-Snake-Camo","item"
"568","568","AUG-Copperhead","item"
"569","569","Sawed-Off-Copper","item"
"570","570","AK-47-Predator","item"
"571","571","M4A4-Desert-Storm","item"
"572","572","SCAR-20-Palm","item"
"573","573","R8-Revolver-Amber-Fade","item"
"574","574","P2000-Amber-Fade","item"
"575","575","SG-553-Damascus-Steel","item"
"576","576","M4A1-S-VariCamo","item"
"577","577","PP-Bizon-Brass","item"
"578","578","AK-47-Safari-Mesh","item"
"579","579","Five-SeveN-Orange-Peel","item"
"580","580","MAC-10-Palm","item"
"581","581","Sawed-Off-Snake-Camo","item"
"582","582","Tec-9-VariCamo","item"
"583","583","P250-Sand-Dune","item"
"584","584","G3SG1-Desert-Storm","item"
"585","585","P90-Sand-Spray","item"
"586","586","MP9-Sand-Dashed","item"
"587","587","Nova-Predator","item"
"588","588","SCAR-20-Sand-Mesh","item"
"589","589","AWP-Medusa","item"
"590","590","M4A4-Poseidon","item"
"591","591","G3SG1-Chronos","item"
"592","592","M4A1-S-Icarus-Fell","item"
"593","593","MP9-Pandora's-Box","item"
"594","594","UMP-45-Minotaur's-Labyrinth","item"
"595","595","AWP-Sun-in-Leo","item"
"596","596","Tec-9-Hades","item"
"597","597","M249-Shipping-Forecast","item"
"598","598","P2000-Pathfinder","item"
"599","599","Dual-Berettas-Moon-in-Libra","item"
"600","600","AUG-Daedalus","item"
"601","601","Nova-Moon-in-Libra","item"
"602","602","MP7-Asterion","item"
"603","603","Tec-9-Brass","item"
"604","604","Dual-Berettas-Anodized-Navy","item"
"605","605","M4A4-Tornado","item"
"606","606","P250-Gunsmoke","item"
"607","607","Nova-Walnut","item"
"608","608","MAG-7-Sand-Dune","item"
"609","609","AWP-Pit-Viper","item"
"610","610","Glock-18-Candy-Apple","item"
"611","611","Sawed-Off-Full-Stop","item"
"612","612","MP7-Anodized-Navy","item"
"613","613","M4A1-S-Boreal-Forest","item"
"614","614","XM1014-CaliCamo","item"
"615","615","Nova-Candy-Apple","item"
"616","616","UMP-45-Gunsmoke","item"
"617","617","Dual-Berettas-Stained","item"
"618","618","P2000-Granite-Marbleized","item"
"619","619","FAMAS-Colony","item"
"620","620","Nova-Sand-Dune","item"
"621","621","PP-Bizon-Sand-Dashed","item"
"622","622","AUG-Contractor","item"
"623","623","Tec-9-Groundwater","item"
"624","624","Dual-Berettas-Cobalt-Quartz","item"
"625","625","SG-553-Anodized-Navy","item"
"626","626","USP-S-Night-Ops","item"
"627","627","P90-Teardown","item"
"628","628","AWP-Safari-Mesh","item"
"629","629","Desert-Eagle-Mudder","item"
"630","630","XM1014-Blue-Steel","item"
"631","631","PP-Bizon-Night-Ops","item"
"632","632","FAMAS-Cyanospatter","item"
"633","633","G3SG1-Jungle-Dashed","item"
"634","634","Galil-AR-Sage-Spray","item"
"635","635","AUG-Storm","item"
"636","636","SG-553-Waves-Perforated","item"
"637","637","P250-Boreal-Forest","item"
"638","638","XM1014-Blue-Spruce","item"
"639","639","SCAR-20-Splash-Jam","item"
"640","640","M4A4-Modern-Hunter","item"
"641","641","P250-Modern-Hunter","item"
"642","642","XM1014-Blaze-Orange","item"
"643","643","Nova-Modern-Hunter","item"
"644","644","Nova-Blaze-Orange","item"
"645","645","PP-Bizon-Modern-Hunter","item"
"646","646","P2000-Grassland-Leaves","item"
"647","647","MAC-10-Tornado","item"
"648","648","PP-Bizon-Forest-Leaves","item"
"649","649","XM1014-Grassland","item"
"650","650","MAG-7-Bulldozer","item"
"651","651","UMP-45-Blaze","item"
"652","652","MP9-Hot-Rod","item"
"653","653","MAC-10-Amber-Fade","item"
"654","654","Glock-18-Groundwater","item"
"655","655","SSG-08-Tropical-Storm","item"
"656","656","MP7-Orange-Peel","item"
"657","657","SG-553-Gator-Mesh","item"
"658","658","Negev-CaliCamo","item"
"659","659","AUG-Colony","item"
"660","660","P90-Scorched","item"
"661","661","P250-Bone-Mask","item"
"662","662","Five-SeveN-Contractor","item"
"663","663","G3SG1-Safari-Mesh","item"
"664","664","Galil-AR-Hunting-Blind","item"
"665","665","Tec-9-Nuclear-Threat","item"
"666","666","P250-Nuclear-Threat","item"
"667","667","M4A4-Radiation-Hazard","item"
"668","668","XM1014-Fallout-Warning","item"
"669","669","UMP-45-Fallout-Warning","item"
"670","670","P90-Fallout-Warning","item"
"671","671","MAG-7-Irradiated-Alert","item"
"672","672","Sawed-Off-Irradiated-Alert","item"
"673","673","PP-Bizon-Irradiated-Alert","item"
"674","674","MP7-Whiteout","item"
"675","675","P2000-Silver","item"
"676","676","M249-Blizzard-Marbleized","item"
"677","677","G3SG1-Arctic-Camo","item"
"678","678","Galil-AR-Winter-Forest","item"
"679","679","FAMAS-Contrast-Spray","item"
"680","680","M4A1-S-Master-Piece","item"
"681","681","AWP-Pink-DDPAT","item"
"682","682","USP-S-Road-Rash","item"
"683","683","CZ75-Auto-Nitro","item"
"684","684","SSG-08-Detour","item"
"685","685","XM1014-VariCamo-Blue","item"
"686","686","Glock-18-Night","item"
"687","687","Desert-Eagle-Urban-DDPAT","item"
"688","688","MP7-Gunsmoke","item"
"689","689","P2000-Grassland","item"
"690","690","UMP-45-Scorched","item"
"691","691","MP9-Storm","item"
"692","692","M249-Contrast-Spray","item"
"693","693","MAG-7-Storm","item"
"694","694","Sawed-Off-Sage-Spray","item"
"695","695","AUG-Akihabara-Accept","item"
"696","696","AK-47-Hydroponic","item"
"697","697","Desert-Eagle-Sunset-Storm-弐","item"
"698","698","Desert-Eagle-Sunset-Storm-壱","item"
"699","699","Five-SeveN-Neon-Kimono","item"
"700","700","M4A4-Daybreak","item"
"701","701","Tec-9-Terrace","item"
"702","702","MAG-7-Counter-Terrace","item"
"703","703","Galil-AR-Aqua-Terrace","item"
"704","704","Desert-Eagle-Midnight-Storm","item"
"705","705","P250-Crimson-Kimono","item"
"706","706","P250-Mint-Kimono","item"
"707","707","Tec-9-Bamboo-Forest","item"
"708","708","G3SG1-Orange-Kimono","item"
"709","709","PP-Bizon-Bamboo-Print","item"
"710","710","Sawed-Off-Bamboo-Shadow","item"
"711","711","M4A1-S-Nitro","item"
"712","712","SSG-08-Acid-Fade","item"
"713","713","Five-SeveN-Silver-Quartz","item"
"714","714","FAMAS-Teardown","item"
"715","715","USP-S-Forest-Leaves","item"
"716","716","Galil-AR-VariCamo","item"
"717","717","AUG-Condemned","item"
"718","718","M249-Gator-Mesh","item"
"719","719","MP9-Orange-Peel","item"
"720","720","G3SG1-VariCamo","item"
"721","721","SSG-08-Blue-Spruce","item"
"722","722","SCAR-20-Contractor","item"
"723","723","Dual-Berettas-Contractor","item"
"724","724","MP7-Army-Recon","item"
"725","725","Tec-9-Army-Mesh","item"
"726","726","Tec-9-Red-Quartz","item"
"727","727","Desert-Eagle-Urban-Rubble","item"
"728","728","Sawed-Off-Amber-Fade","item"
"729","729","M4A4-Urban-DDPAT","item"
"730","730","P250-Metallic-DDPAT","item"
"731","731","MAC-10-Candy-Apple","item"
"732","732","SCAR-20-Carbon-Fiber","item"
"733","733","P90-Ash-Wood","item"
"734","734","MAG-7-Metallic-DDPAT","item"
"735","735","UMP-45-Urban-DDPAT","item"
"736","736","G3SG1-Polar-Camo","item"
"737","737","Dual-Berettas-Colony","item"
"738","738","Five-SeveN-Forest-Night","item"
"739","739","Nova-Polar-Mesh","item"
"740","740","PP-Bizon-Urban-Dashed","item"
"741","741","Dual-Berettas-Demolition","item"
"742","742","AK-47-Black-Laminate","item"
"743","743","P90-Glacier-Mesh","item"
"744","744","PP-Bizon-Carbon-Fiber","item"
"745","745","MAC-10-Urban-DDPAT","item"
"746","746","XM1014-Urban-Perforated","item"
"747","747","M4A4-The-Emperor","item"
"748","748","Five-SeveN-Angry-Mob","item"
"749","749","AUG-Momentum","item"
"750","750","XM1014-Incinegator","item"
"751","751","R8-Revolver-Skull-Crusher","item"
"752","752","AWP-Atheris","item"
"753","753","Desert-Eagle-Light-Rail","item"
"754","754","MP5-SD-Gauss","item"
"755","755","UMP-45-Moonrise","item"
"756","756","Tec-9-Bamboozle","item"
"757","757","AK-47-Uncharted","item"
"758","758","MAC-10-Whitefish","item"
"759","759","P90-Off-World","item"
"760","760","P250-Verdigris","item"
"761","761","FAMAS-Crypsis","item"
"762","762","Galil-AR-Akoben","item"
"763","763","MP7-Mischief","item"
"764","764","AWP-Wildfire","item"
"765","765","FAMAS-Commemoration","item"
"766","766","MP9-Hydra","item"
"767","767","AUG-Death-by-Puppy","item"
"768","768","P90-Nostalgia","item"
"769","769","MP5-SD-Agent","item"
"770","770","P250-Inferno","item"
"771","771","UMP-45-Plastique","item"
"772","772","M249-Aztec","item"
"773","773","Five-SeveN-Buddy","item"
"774","774","Glock-18-Sacrifice","item"
"775","775","FAMAS-Decommissioned","item"
"776","776","Dual-Berettas-Elite-1.6","item"
"777","777","MAC-10-Classic-Crate","item"
"778","778","MAG-7-Popdog","item"
"779","779","Tec-9-Flash-Out","item"
"780","780","SCAR-20-Assault","item"
"781","781","SCAR-20-Torn","item"
"782","782","G3SG1-Black-Sand","item"
"783","783","R8-Revolver-Memento","item"
"784","784","MP5-SD-Acid-Wash","item"
"785","785","Nova-Plume","item"
"786","786","Dual-Berettas-Balance","item"
"787","787","M249-Warbird","item"
"788","788","P2000-Obsidian","item"
"789","789","PP-Bizon-Embargo","item"
"790","790","MP7-Neon-Ply","item"
"791","791","AUG-Arctic-Wolf","item"
"792","792","AK-47-Rat-Rod","item"
"793","793","SSG-08-Bloodshot","item"
"794","794","Tec-9-Decimator","item"
"795","795","SG-553-Colony-IV","item"
"796","796","MAC-10-Stalker","item"
"797","797","AWP-Containment-Breach","item"
"798","798","Sawed-Off-Jungle-Thicket","item"
"799","799","MAC-10-Surfwood","item"
"800","800","PP-Bizon-Seabird","item"
"801","801","MP5-SD-Bamboo-Garden","item"
"802","802","M249-Jungle","item"
"803","803","Tec-9-Rust-Leaf","item"
"804","804","XM1014-Banana-Leaf","item"
"805","805","P90-Sunset-Lily","item"
"806","806","M4A4-Dark-Blossom","item"
"807","807","MP7-Teal-Blossom","item"
"808","808","UMP-45-Day-Lily","item"
"809","809","Five-SeveN-Crimson-Blossom","item"
"810","810","FAMAS-Sundown","item"
"811","811","Glock-18-Synth-Leaf","item"
"812","812","AUG-Midnight-Lily","item"
"813","813","SSG-08-Sea-Calico","item"
"814","814","MP9-Wild-Lily","item"
"815","815","AK-47-Wild-Lotus","item"
"816","816","R8-Revolver-Canal-Spray","item"
"817","817","SCAR-20-Stone-Mosaico","item"
"818","818","AUG-Navy-Murano","item"
"819","819","CZ75-Auto-Indigo","item"
"820","820","Negev-Boroque-Sand","item"
"821","821","P250-Dark-Filigree","item"
"822","822","Tec-9-Orange-Murano","item"
"823","823","SG-553-Candy-Apple","item"
"824","824","AK-47-Baroque-Purple","item"
"825","825","P90-Baroque-Red","item"
"826","826","G3SG1-Violet-Murano","item"
"827","827","SSG-08-Orange-Filigree","item"
"828","828","Dual-Berettas-Emerald","item"
"829","829","Nova-Baroque-Orange","item"
"830","830","MP9-Stained-Glass","item"
"831","831","MAC-10-Red-Filigree","item"
"832","832","MAG-7-Cinquedea","item"
"833","833","AWP-The-Prince","item"
"834","834","SG-553-Barricade","item"
"835","835","FAMAS-Night-Borre","item"
"836","836","MP7-Scorched","item"
"837","837","Galil-AR-Tornado","item"
"838","838","SSG-08-Red-Stone","item"
"839","839","MAG-7-Chainmail","item"
"840","840","M4A1-S-Moss-Quartz","item"
"841","841","USP-S-Pathfinder","item"
"842","842","Dual-Berettas-Pyre","item"
"843","843","CZ75-Auto-Emerald-Quartz","item"
"844","844","MAC-10-Copper-Borre","item"
"845","845","SCAR-20-Brass","item"
"846","846","XM1014-Frost-Borre","item"
"847","847","P90-Astral-Jörmungandr","item"
"848","848","AUG-Flame-Jörmungandr","item"
"849","849","Desert-Eagle-Emerald-Jörmungandr","item"
"850","850","Negev-Mjölnir","item"
"851","851","AWP-Gungnir","item"
"852","852","P90-Elite-Build","item"
"853","853","M4A1-S-Player-Two","item"
"854","854","Glock-18-Bullet-Queen","item"
"855","855","AK-47-Phantom-Disruptor","item"
"856","856","MAC-10-Disco-Tech","item"
"857","857","MAG-7-Justice","item"
"858","858","SG-553-Darkwing","item"
"859","859","P2000-Acid-Etched","item"
"860","860","SSG-08-Fever-Dream","item"
"861","861","SCAR-20-Enforcer","item"
"862","862","Sawed-Off-Apocalypto","item"
"863","863","Desert-Eagle-Blue-Ply","item"
"864","864","AWP-Capillary","item"
"865","865","R8-Revolver-Bone-Forged","item"
"866","866","AUG-Tom-Cat","item"
"867","867","MP5-SD-Desert-Strike","item"
"868","868","Negev-Prototype","item"
"869","869","CZ75-Auto-Distressed","item"
"870","870","AK-47-Legion-of-Anubis","item"
"871","871","Desert-Eagle-Printstream","item"
"872","872","M4A4-Tooth-Fairy","item"
"873","873","Glock-18-Vogue","item"
"874","874","XM1014-Entombed","item"
"875","875","Tec-9-Brother","item"
"876","876","MAG-7-Monster-Call","item"
"877","877","MP5-SD-Kitbash","item"
"878","878","Galil-AR-Connexion","item"
"879","879","MAC-10-Allure","item"
"880","880","P250-Cassette","item"
"881","881","SSG-08-Mainframe-001","item"
"882","882","P2000-Gnarled","item"
"883","883","P90-Freight","item"
"884","884","PP-Bizon-Runic","item"
"885","885","SG-553-Ol'-Rusty","item"
"886","886","Negev-Ultralight","item"
"887","887","M4A1-S-Printstream","item"
"888","888","Glock-18-Neo-Noir","item"
"889","889","M4A4-Cyber-Security","item"
"890","890","USP-S-Monster-Mashup","item"
"891","891","Five-SeveN-Fairy-Tale","item"
"892","892","AWP-Exoskeleton","item"
"893","893","SSG-08-Parallax","item"
"894","894","Dual-Berettas-Dezastre","item"
"895","895","Nova-Clear-Polymer","item"
"896","896","UMP-45-Gold-Bismuth","item"
"897","897","G3SG1-Digital-Mesh","item"
"898","898","MP5-SD-Condition-Zero","item"
"899","899","P250-Contaminant","item"
"900","900","P90-Cocoa-Rampage","item"
"901","901","Galil-AR-Vandal","item"
"902","902","M249-Deep-Relief","item"
"903","903","CZ75-Auto-Vendetta","item"
"904","904","AWP-Fade","item"
"905","905","M4A1-S-Blue-Phosphor","item"
"906","906","USP-S-Target-Acquired","item"
"907","907","Five-SeveN-Berries-And-Cherries","item"
"908","908","UMP-45-Crime-Scene","item"
"909","909","FAMAS-Prime-Conspiracy","item"
"910","910","M4A4-Global-Offensive","item"
"911","911","P2000-Dispatch","item"
"912","912","SCAR-20-Magna-Carta","item"
"913","913","SSG-08-Threat-Detected","item"
"914","914","MP5-SD-Nitro","item"
"915","915","Desert-Eagle-The-Bronze","item"
"916","916","MAG-7-Carbon-Fiber","item"
"917","917","Dual-Berettas-Switch-Board","item"
"918","918","CZ75-Auto-Jungle-Dashed","item"
"919","919","MP9-Army-Sheen","item"
"920","920","P250-Forest-Night","item"
"921","921","AUG-Surveillance","item"
"922","922","XM1014-Charter","item"
"923","923","AK-47-X-Ray","item"
"924","924","AWP-Silk-Tiger","item"
"925","925","MAC-10-Hot-Snakes","item"
"926","926","SG-553-Hypnotic","item"
"927","927","Glock-18-Franklin","item"
"928","928","Galil-AR-Phoenix-Blacklight","item"
"929","929","P250-Bengal-Tiger","item"
"930","930","Desert-Eagle-Night-Heist","item"
"931","931","Negev-Phoenix-Stencil","item"
"932","932","P90-Tiger-Pit","item"
"933","933","Nova-Rust-Coat","item"
"934","934","UMP-45-Houndstooth","item"
"935","935","MP7-Vault-Heist","item"
"936","936","R8-Revolver-Phoenix-Marker","item"
"937","937","M249-Predator","item"
"938","938","Tec-9-Phoenix-Chalk","item"
"939","939","Dual-Berettas-Heist","item"
"940","940","Sawed-Off-Clay-Ambush","item"
"941","941","PP-Bizon-Death-Rattle","item"
"942","942","M4A1-S-Welcome-to-the-Jungle","item"
"943","943","AK-47-Panthera-onca","item"
"944","944","P90-Run-and-Hide","item"
"945","945","USP-S-Ancient-Visions","item"
"946","946","MAC-10-Gold-Brick","item"
"947","947","XM1014-Ancient-Lore","item"
"948","948","AUG-Carved-Jade","item"
"949","949","Tec-9-Blast-From-the-Past","item"
"950","950","Galil-AR-Dusk-Ruins","item"
"951","951","FAMAS-Dark-Water","item"
"952","952","G3SG1-Ancient-Ritual","item"
"953","953","CZ75-Auto-Silver","item"
"954","954","MP7-Tall-Grass","item"
"955","955","P2000-Panther-Camo","item"
"956","956","R8-Revolver-Night","item"
"957","957","SSG-08-Jungle-Dashed","item"
"958","958","SG-553-Lush-Ruins","item"
"959","959","P90-Ancient-Earth","item"
"960","960","Nova-Army-Sheen","item"
"961","961","Nomad-Knife-Night-Stripe","item"
"962","962","Nomad-Knife-Safari-Mesh","item"
"963","963","Nomad-Knife-Scorched","item"
"964","964","Nomad-Knife-Slaughter","item"
"965","965","Nomad-Knife-Stained","item"
"966","966","Nomad-Knife-Urban-Masked","item"
"967","967","Paracord-Knife-Blue-Steel","item"
"968","968","Paracord-Knife-Boreal-Forest","item"
"969","969","Paracord-Knife-Case-Hardened","item"
"970","970","Paracord-Knife-Fade","item"
"971","971","Paracord-Knife-Forest-DDPAT","item"
"972","972","Paracord-Knife-Night-Stripe","item"
"973","973","Paracord-Knife-Safari-Mesh","item"
"974","974","Paracord-Knife-Scorched","item"
"975","975","Paracord-Knife-Slaughter","item"
"976","976","Paracord-Knife-Stained","item"
"977","977","Paracord-Knife-Urban-Masked","item"
"978","978","Shadow-Daggers-Blue-Steel","item"
"979","979","Shadow-Daggers-Boreal-Forest","item"
"980","980","Shadow-Daggers-Case-Hardened","item"
"981","981","Shadow-Daggers-Crimson-Web","item"
"982","982","Shadow-Daggers-Damascus-Steel","item"
"983","983","Shadow-Daggers-Doppler","item"
"984","984","Shadow-Daggers-Fade","item"
"985","985","Shadow-Daggers-Forest-DDPAT","item"
"986","986","Shadow-Daggers-Marble-Fade","item"
"987","987","Shadow-Daggers-Night","item"
"988","988","Shadow-Daggers-Safari-Mesh","item"
"989","989","Shadow-Daggers-Scorched","item"
"990","990","Shadow-Daggers-Slaughter","item"
"991","991","Shadow-Daggers-Stained","item"
"992","992","Shadow-Daggers-Tiger-Tooth","item"
"993","993","Shadow-Daggers-Ultraviolet","item"
"994","994","Shadow-Daggers-Urban-Masked","item"
"995","995","Skeleton-Knife-Blue-Steel","item"
"996","996","Skeleton-Knife-Boreal-Forest","item"
"997","997","Skeleton-Knife-Case-Hardened","item"
"998","998","Skeleton-Knife-Fade","item"
"999","999","Skeleton-Knife-Forest-DDPAT","item"
"1000","1000","Skeleton-Knife-Night-Stripe","item"
"1001","1001","Skeleton-Knife-Safari-Mesh","item"
"1002","1002","Skeleton-Knife-Slaughter","item"
"1003","1003","Skeleton-Knife-Stained","item"
"1004","1004","Skeleton-Knife-Urban-Masked","item"
"1005","1005","Specialist-Gloves-Buckshot","item"
"1006","1006","Specialist-Gloves-Crimson-Web","item"
"1007","1007","Specialist-Gloves-Emerald-Web","item"
"1008","1008","Specialist-Gloves-Forest-DDPAT","item"
"1009","1009","Specialist-Gloves-Foundation","item"
"1010","1010","Specialist-Gloves-Mogul","item"
"1011","1011","Sport-Gloves-Arid","item"
"1012","1012","Sport-Gloves-Bronze-Morph","item"
"1013","1013","Sport-Gloves-Hedge-Maze","item"
"1014","1014","Sport-Gloves-Slingshot","item"
"1015","1015","Sport-Gloves-Superconductor","item"
"1016","1016","Stiletto-Knife-Blue-Steel","item"
"1017","1017","Stiletto-Knife-Boreal-Forest","item"
"1018","1018","Stiletto-Knife-Case-Hardened","item"
"1019","1019","Stiletto-Knife-Crimson-Web","item"
"1020","1020","Stiletto-Knife-Damascus-Steel","item"
"1021","1021","Stiletto-Knife-Doppler","item"
"1022","1022","Stiletto-Knife-Fade","item"
"1023","1023","Stiletto-Knife-Forest-DDPAT","item"
"1024","1024","Stiletto-Knife-Marble-Fade","item"
"1025","1025","Stiletto-Knife-Night-Stripe","item"
"1026","1026","Stiletto-Knife-Safari-Mesh","item"
"1027","1027","Stiletto-Knife-Scorched","item"
"1028","1028","Stiletto-Knife-Slaughter","item"
"1029","1029","Stiletto-Knife-Stained","item"
"1030","1030","Stiletto-Knife-Tiger-Tooth","item"
"1031","1031","Stiletto-Knife-Ultraviolet","item"
"1032","1032","Stiletto-Knife-Urban-Masked","item"
"1033","1033","Survival-Knife-Blue-Steel","item"
"1034","1034","Survival-Knife-Case-Hardened","item"
"1035","1035","Survival-Knife-Fade","item"
"1036","1036","Survival-Knife-Forest-DDPAT","item"
"1037","1037","Survival-Knife-Night-Stripe","item"
"1038","1038","Survival-Knife-Safari-Mesh","item"
"1039","1039","Survival-Knife-Scorched","item"
"1040","1040","Survival-Knife-Slaughter","item"
"1041","1041","Survival-Knife-Stained","item"
"1042","1042","Survival-Knife-Urban-Masked","item"
"1043","1043","Talon-Knife-Blue-Steel","item"
"1044","1044","Talon-Knife-Boreal-Forest","item"
"1045","1045","Talon-Knife-Case-Hardened","item"
"1046","1046","Talon-Knife-Damascus-Steel","item"
"1047","1047","Talon-Knife-Doppler","item"
"1048","1048","Talon-Knife-Fade","item"
"1049","1049","Talon-Knife-Forest-DDPAT","item"
"1050","1050","Talon-Knife-Marble-Fade","item"
"1051","1051","Talon-Knife-Night-Stripe","item"
"1052","1052","Talon-Knife-Safari-Mesh","item"
"1053","1053","Talon-Knife-Scorched","item"
"1054","1054","Talon-Knife-Slaughter","item"
"1055","1055","Talon-Knife-Stained","item"
"1056","1056","Talon-Knife-Tiger-Tooth","item"
"1057","1057","Talon-Knife-Ultraviolet","item"
"1058","1058","Talon-Knife-Urban-Masked","item"
"1059","1059","Ursus-Knife-Blue-Steel","item"
"1060","1060","Ursus-Knife-Boreal-Forest","item"
"1061","1061","Ursus-Knife-Case-Hardened","item"
"1062","1062","Ursus-Knife-Damascus-Steel","item"
"1063","1063","Ursus-Knife-Doppler","item"
"1064","1064","Ursus-Knife-Fade","item"
"1065","1065","Ursus-Knife-Forest-DDPAT","item"
"1066","1066","Ursus-Knife-Marble-Fade","item"
"1067","1067","Ursus-Knife-Night-Stripe","item"
"1068","1068","Ursus-Knife-Safari-Mesh","item"
"1069","1069","Ursus-Knife-Scorched","item"
"1070","1070","Ursus-Knife-Slaughter","item"
"1071","1071","Ursus-Knife-Stained","item"
"1072","1072","Ursus-Knife-Tiger-Tooth","item"
"1073","1073","Ursus-Knife-Ultraviolet","item"
"1074","1074","Ursus-Knife-Urban-Masked","item"
"1075","1075","Bayonet-Autotronic","item"
"1076","1076","Bayonet-Black-Laminate","item"
"1077","1077","Bayonet-Blue-Steel","item"
"1078","1078","Bayonet-Boreal-Forest","item"
"1079","1079","Bayonet-Bright-Water","item"
"1080","1080","Bayonet-Case-Hardened","item"
"1081","1081","Bayonet-Crimson-Web","item"
"1082","1082","Bayonet-Damascus-Steel","item"
"1083","1083","Bayonet-Doppler","item"
"1084","1084","Bayonet-Fade","item"
"1085","1085","Bayonet-Forest-DDPAT","item"
"1086","1086","Bayonet-Freehand","item"
"1087","1087","Bayonet-Gamma-Doppler","item"
"1088","1088","Bayonet-Lore","item"
"1089","1089","Bayonet-Marble-Fade","item"
"1090","1090","Bayonet-Night","item"
"1091","1091","Bayonet-Safari-Mesh","item"
"1092","1092","Bayonet-Scorched","item"
"1093","1093","Bayonet-Slaughter","item"
"1094","1094","Bayonet-Stained","item"
"1095","1095","Bayonet-Tiger-Tooth","item"
"1096","1096","Bayonet-Ultraviolet","item"
"1097","1097","Bayonet-Urban-Masked","item"
"1098","1098","Bloodhound-Gloves-Bronzed","item"
"1099","1099","Bloodhound-Gloves-Charred","item"
"1100","1100","Bloodhound-Gloves-Guerrilla","item"
"1101","1101","Bloodhound-Gloves-Snakebite","item"
"1102","1102","Bowie-Knife-Blue-Steel","item"
"1103","1103","Bowie-Knife-Boreal-Forest","item"
"1104","1104","Bowie-Knife-Case-Hardened","item"
"1105","1105","Bowie-Knife-Crimson-Web","item"
"1106","1106","Bowie-Knife-Damascus-Steel","item"
"1107","1107","Bowie-Knife-Doppler","item"
"1108","1108","Bowie-Knife-Fade","item"
"1109","1109","Bowie-Knife-Forest-DDPAT","item"
"1110","1110","Bowie-Knife-Marble-Fade","item"
"1111","1111","Bowie-Knife-Night","item"
"1112","1112","Bowie-Knife-Safari-Mesh","item"
"1113","1113","Bowie-Knife-Scorched","item"
"1114","1114","Bowie-Knife-Slaughter","item"
"1115","1115","Bowie-Knife-Stained","item"
"1116","1116","Bowie-Knife-Tiger-Tooth","item"
"1117","1117","Bowie-Knife-Ultraviolet","item"
"1118","1118","Bowie-Knife-Urban-Masked","item"
"1119","1119","Broken-Fang-Gloves-Needle-Point","item"
"1120","1120","Broken-Fang-Gloves-Unhinged","item"
"1121","1121","Butterfly-Knife-Blue-Steel","item"
"1122","1122","Butterfly-Knife-Boreal-Forest","item"
"1123","1123","Butterfly-Knife-Case-Hardened","item"
"1124","1124","Butterfly-Knife-Crimson-Web","item"
"1125","1125","Butterfly-Knife-Damascus-Steel","item"
"1126","1126","Butterfly-Knife-Doppler","item"
"1127","1127","Butterfly-Knife-Fade","item"
"1128","1128","Butterfly-Knife-Forest-DDPAT","item"
"1129","1129","Butterfly-Knife-Marble-Fade","item"
"1130","1130","Butterfly-Knife-Night","item"
"1131","1131","Butterfly-Knife-Safari-Mesh","item"
"1132","1132","Butterfly-Knife-Scorched","item"
"1133","1133","Butterfly-Knife-Slaughter","item"
"1134","1134","Butterfly-Knife-Stained","item"
"1135","1135","Butterfly-Knife-Tiger-Tooth","item"
"1136","1136","Butterfly-Knife-Ultraviolet","item"
"1137","1137","Butterfly-Knife-Urban-Masked","item"
"1138","1138","Classic-Knife-Blue-Steel","item"
"1139","1139","Classic-Knife-Boreal-Forest","item"
"1140","1140","Classic-Knife-Case-Hardened","item"
"1141","1141","Classic-Knife-Fade","item"
"1142","1142","Classic-Knife-Forest-DDPAT","item"
"1143","1143","Classic-Knife-Night-Stripe","item"
"1144","1144","Classic-Knife-Safari-Mesh","item"
"1145","1145","Classic-Knife-Scorched","item"
"1146","1146","Classic-Knife-Slaughter","item"
"1147","1147","Classic-Knife-Stained","item"
"1148","1148","Classic-Knife-Urban-Masked","item"
"1149","1149","Driver-Gloves-Convoy","item"
"1150","1150","Driver-Gloves-Crimson-Weave","item"
"1151","1151","Driver-Gloves-Diamondback","item"
"1152","1152","Driver-Gloves-Lunar-Weave","item"
"1153","1153","Driver-Gloves-Overtake","item"
"1154","1154","Driver-Gloves-Queen-Jaguar","item"
"1155","1155","Driver-Gloves-Racing-Green","item"
"1156","1156","Falchion-Knife-Blue-Steel","item"
"1157","1157","Falchion-Knife-Boreal-Forest","item"
"1158","1158","Falchion-Knife-Case-Hardened","item"
"1159","1159","Falchion-Knife-Crimson-Web","item"
"1160","1160","Falchion-Knife-Damascus-Steel","item"
"1161","1161","Falchion-Knife-Doppler","item"
"1162","1162","Falchion-Knife-Fade","item"
"1163","1163","Falchion-Knife-Forest-DDPAT","item"
"1164","1164","Falchion-Knife-Marble-Fade","item"
"1165","1165","Falchion-Knife-Night","item"
"1166","1166","Falchion-Knife-Safari-Mesh","item"
"1167","1167","Falchion-Knife-Scorched","item"
"1168","1168","Falchion-Knife-Slaughter","item"
"1169","1169","Falchion-Knife-Stained","item"
"1170","1170","Falchion-Knife-Tiger-Tooth","item"
"1171","1171","Falchion-Knife-Ultraviolet","item"
"1172","1172","Falchion-Knife-Urban-Masked","item"
"1173","1173","Flip-Knife-Autotronic","item"
"1174","1174","Flip-Knife-Black-Laminate","item"
"1175","1175","Flip-Knife-Blue-Steel","item"
"1176","1176","Flip-Knife-Boreal-Forest","item"
"1177","1177","Flip-Knife-Bright-Water","item"
"1178","1178","Flip-Knife-Case-Hardened","item"
"1179","1179","Flip-Knife-Crimson-Web","item"
"1180","1180","Flip-Knife-Damascus-Steel","item"
"1181","1181","Flip-Knife-Doppler","item"
"1182","1182","Flip-Knife-Fade","item"
"1183","1183","Flip-Knife-Forest-DDPAT","item"
"1184","1184","Flip-Knife-Freehand","item"
"1185","1185","Flip-Knife-Gamma-Doppler","item"
"1186","1186","Flip-Knife-Lore","item"
"1187","1187","Flip-Knife-Marble-Fade","item"
"1188","1188","Flip-Knife-Night","item"
"1189","1189","Flip-Knife-Safari-Mesh","item"
"1190","1190","Flip-Knife-Scorched","item"
"1191","1191","Flip-Knife-Slaughter","item"
"1192","1192","Flip-Knife-Stained","item"
"1193","1193","Flip-Knife-Tiger-Tooth","item"
"1194","1194","Flip-Knife-Ultraviolet","item"
"1195","1195","Flip-Knife-Urban-Masked","item"
"1196","1196","Gut-Knife-Autotronic","item"
"1197","1197","Gut-Knife-Black-Laminate","item"
"1198","1198","Gut-Knife-Blue-Steel","item"
"1199","1199","Gut-Knife-Boreal-Forest","item"
"1200","1200","Gut-Knife-Bright-Water","item"
"1201","1201","Gut-Knife-Case-Hardened","item"
"1202","1202","Gut-Knife-Crimson-Web","item"
"1203","1203","Gut-Knife-Damascus-Steel","item"
"1204","1204","Gut-Knife-Doppler","item"
"1205","1205","Gut-Knife-Fade","item"
"1206","1206","Gut-Knife-Forest-DDPAT","item"
"1207","1207","Gut-Knife-Freehand","item"
"1208","1208","Gut-Knife-Gamma-Doppler","item"
"1209","1209","Gut-Knife-Lore","item"
"1210","1210","Gut-Knife-Marble-Fade","item"
"1211","1211","Gut-Knife-Night","item"
"1212","1212","Gut-Knife-Safari-Mesh","item"
"1213","1213","Gut-Knife-Scorched","item"
"1214","1214","Gut-Knife-Slaughter","item"
"1215","1215","Gut-Knife-Stained","item"
"1216","1216","Gut-Knife-Tiger-Tooth","item"
"1217","1217","Gut-Knife-Ultraviolet","item"
"1218","1218","Gut-Knife-Urban-Masked","item"
"1219","1219","Hand-Wraps-Arboreal","item"
"1220","1220","Hand-Wraps-Badlands","item"
"1221","1221","Hand-Wraps-Desert-Shamagh","item"
"1222","1222","Hand-Wraps-Duct-Tape","item"
"1223","1223","Hand-Wraps-Leather","item"
"1224","1224","Hand-Wraps-Overprint","item"
"1225","1225","Hand-Wraps-Slaughter","item"
"1226","1226","Hand-Wraps-Spruce-DDPAT","item"
"1227","1227","Huntsman-Knife-Blue-Steel","item"
"1228","1228","Huntsman-Knife-Boreal-Forest","item"
"1229","1229","Huntsman-Knife-Case-Hardened","item"
"1230","1230","Huntsman-Knife-Crimson-Web","item"
"1231","1231","Huntsman-Knife-Damascus-Steel","item"
"1232","1232","Huntsman-Knife-Doppler","item"
"1233","1233","Huntsman-Knife-Fade","item"
"1234","1234","Huntsman-Knife-Forest-DDPAT","item"
"1235","1235","Huntsman-Knife-Marble-Fade","item"
"1236","1236","Huntsman-Knife-Night","item"
"1237","1237","Huntsman-Knife-Safari-Mesh","item"
"1238","1238","Huntsman-Knife-Scorched","item"
"1239","1239","Huntsman-Knife-Slaughter","item"
"1240","1240","Huntsman-Knife-Stained","item"
"1241","1241","Huntsman-Knife-Tiger-Tooth","item"
"1242","1242","Huntsman-Knife-Ultraviolet","item"
"1243","1243","Huntsman-Knife-Urban-Masked","item"
"1244","1244","Hydra-Gloves-Case-Hardened","item"
"1245","1245","Hydra-Gloves-Emerald","item"
"1246","1246","Hydra-Gloves-Mangrove","item"
"1247","1247","Hydra-Gloves-Rattler","item"
"1248","1248","Karambit-Autotronic","item"
"1249","1249","Karambit-Black-Laminate","item"
"1250","1250","Karambit-Blue-Steel","item"
"1251","1251","Karambit-Boreal-Forest","item"
"1252","1252","Karambit-Bright-Water","item"
"1253","1253","Karambit-Case-Hardened","item"
"1254","1254","Karambit-Damascus-Steel","item"
"1255","1255","Karambit-Doppler","item"
"1256","1256","Karambit-Fade","item"
"1257","1257","Karambit-Forest-DDPAT","item"
"1258","1258","Karambit-Freehand","item"
"1259","1259","Karambit-Gamma-Doppler","item"
"1260","1260","Karambit-Lore","item"
"1261","1261","Karambit-Marble-Fade","item"
"1262","1262","Karambit-Night","item"
"1263","1263","Karambit-Safari-Mesh","item"
"1264","1264","Karambit-Scorched","item"
"1265","1265","Karambit-Slaughter","item"
"1266","1266","Karambit-Stained","item"
"1267","1267","Karambit-Tiger-Tooth","item"
"1268","1268","Karambit-Ultraviolet","item"
"1269","1269","Karambit-Urban-Masked","item"
"1270","1270","M9-Bayonet-Autotronic","item"
"1271","1271","M9-Bayonet-Black-Laminate","item"
"1272","1272","M9-Bayonet-Blue-Steel","item"
"1273","1273","M9-Bayonet-Boreal-Forest","item"
"1274","1274","M9-Bayonet-Bright-Water","item"
"1275","1275","M9-Bayonet-Case-Hardened","item"
"1276","1276","M9-Bayonet-Damascus-Steel","item"
"1277","1277","M9-Bayonet-Doppler","item"
"1278","1278","M9-Bayonet-Fade","item"
"1279","1279","M9-Bayonet-Forest-DDPAT","item"
"1280","1280","M9-Bayonet-Freehand","item"
"1281","1281","M9-Bayonet-Gamma-Doppler","item"
"1282","1282","M9-Bayonet-Lore","item"
"1283","1283","M9-Bayonet-Marble-Fade","item"
"1284","1284","M9-Bayonet-Night","item"
"1285","1285","M9-Bayonet-Safari-Mesh","item"
"1286","1286","M9-Bayonet-Scorched","item"
"1287","1287","M9-Bayonet-Slaughter","item"
"1288","1288","M9-Bayonet-Stained","item"
"1289","1289","M9-Bayonet-Tiger-Tooth","item"
"1290","1290","M9-Bayonet-Ultraviolet","item"
"1291","1291","M9-Bayonet-Urban-Masked","item"
"1292","1292","Moto-Gloves-3rd-Commando-Company","item"
"1293","1293","Moto-Gloves-Boom!","item"
"1294","1294","Moto-Gloves-Cool-Mint","item"
"1295","1295","Moto-Gloves-Eclipse","item"
"1296","1296","Moto-Gloves-Polygon","item"
"1297","1297","Moto-Gloves-Transport","item"
"1298","1298","Moto-Gloves-Turtle","item"
"1299","1299","Navaja-Knife-Blue-Steel","item"
"1300","1300","Navaja-Knife-Boreal-Forest","item"
"1301","1301","Navaja-Knife-Case-Hardened","item"
"1302","1302","Navaja-Knife-Crimson-Web","item"
"1303","1303","Navaja-Knife-Damascus-Steel","item"
"1304","1304","Navaja-Knife-Doppler","item"
"1305","1305","Navaja-Knife-Fade","item"
"1306","1306","Navaja-Knife-Forest-DDPAT","item"
"1307","1307","Navaja-Knife-Marble-Fade","item"
"1308","1308","Navaja-Knife-Night-Stripe","item"
"1309","1309","Navaja-Knife-Safari-Mesh","item"
"1310","1310","Navaja-Knife-Scorched","item"
"1311","1311","Navaja-Knife-Slaughter","item"
"1312","1312","Navaja-Knife-Stained","item"
"1313","1313","Navaja-Knife-Tiger-Tooth","item"
"1314","1314","Navaja-Knife-Ultraviolet","item"
"1315","1315","Navaja-Knife-Urban-Masked","item"
"1316","1316","Nomad-Knife-Blue-Steel","item"
"1317","1317","Nomad-Knife-Boreal-Forest","item"
"1318","1318","Nomad-Knife-Case-Hardened","item"
"1319","1319","Nomad-Knife-Fade","item"
"1320","1320","Nomad-Knife-Forest-DDPAT","item"
"1321","1321","Paracord-Knife-Crimson-Web","item"
"1322","1322","Skeleton-Knife-Crimson-Web","item"
"1323","1323","Skeleton-Knife-Scorched","item"
"1324","1324","Specialist-Gloves-Crimson-Kimono","item"
"1325","1325","Specialist-Gloves-Fade","item"
"1326","1326","Specialist-Gloves-Field-Agent","item"
"1327","1327","Specialist-Gloves-Lt.-Commander","item"
"1328","1328","Specialist-Gloves-Marble-Fade","item"
"1329","1329","Specialist-Gloves-Tiger-Strike","item"
"1330","1330","Sport-Gloves-Amphibious","item"
"1331","1331","Sport-Gloves-Big-Game","item"
"1332","1332","Sport-Gloves-Nocts","item"
"1333","1333","Sport-Gloves-Omega","item"
"1334","1334","Sport-Gloves-Pandora's-Box","item"
"1335","1335","Sport-Gloves-Scarlet-Shamagh","item"
"1336","1336","Sport-Gloves-Vice","item"
"1337","1337","Survival-Knife-Boreal-Forest","item"
"1338","1338","Survival-Knife-Crimson-Web","item"
"1339","1339","Talon-Knife-Crimson-Web","item"
"1340","1340","Ursus-Knife-Crimson-Web","item"
"1341","1341","Broken-Fang-Gloves-Jade","item"
"1342","1342","Broken-Fang-Gloves-Yellow-banded","item"
"1343","1343","Classic-Knife-Crimson-Web","item"
"1344","1344","Driver-Gloves-Black-Tie","item"
"1345","1345","Driver-Gloves-Imperial-Plaid","item"
"1346","1346","Driver-Gloves-King-Snake","item"
"1347","1347","Driver-Gloves-Rezan-the-Red","item"
"1348","1348","Driver-Gloves-Snow-Leopard","item"
"1349","1349","Hand-Wraps-CAUTION!","item"
"1350","1350","Hand-Wraps-Cobalt-Skulls","item"
"1351","1351","Hand-Wraps-Constrictor","item"
"1352","1352","Hand-Wraps-Giraffe","item"
"1353","1353","Karambit-Crimson-Web","item"
"1354","1354","M9-Bayonet-Crimson-Web","item"
"1355","1355","Moto-Gloves-Blood-Pressure","item"
"1356","1356","Moto-Gloves-Finish-Line","item"
"1357","1357","Moto-Gloves-POW!","item"
"1358","1358","Moto-Gloves-Smoke-Out","item"
"1359","1359","Moto-Gloves-Spearmint","item"
"1360","1360","Nomad-Knife-Crimson-Web","item"
"1361","1361","Shadow-Daggers-Rust-Coat","item"
"1362","1362","Stiletto-Knife-Rust-Coat","item"
"1363","1363","Talon-Knife-Rust-Coat","item"
"1364","1364","Ursus-Knife-Rust-Coat","item"
"1365","1365","Bayonet-Rust-Coat","item"
"1366","1366","Bowie-Knife-Rust-Coat","item"
"1367","1367","Butterfly-Knife-Rust-Coat","item"
"1368","1368","Falchion-Knife-Rust-Coat","item"
"1369","1369","Flip-Knife-Rust-Coat","item"
"1370","1370","Gut-Knife-Rust-Coat","item"
"1371","1371","Huntsman-Knife-Rust-Coat","item"
"1372","1372","Karambit-Rust-Coat","item"
"1373","1373","M9-Bayonet-Rust-Coat","item"
"1374","1374","Navaja-Knife-Rust-Coat","item"
"1375","1375","Skeleton-Knife","item"
"1376","1376","Paracord-Knife","item"
"1377","1377","Survival-Knife","item"
"1378","1378","Nomad-Knife","item"
"1379","1379","Classic-Knife","item"
"1380","1380","Talon-Knife","item"
"1381","1381","Ursus-Knife","item"
"1382","1382","Stiletto-Knife","item"
"1383","1383","Navaja-Knife","item"
"1384","1384","Bowie-Knife","item"
"1385","1385","Shadow-Daggers","item"
"1386","1386","Falchion-Knife","item"
"1387","1387","Butterfly-Knife","item"
"1388","1388","Huntsman-Knife","item"
"1389","1389","Karambit","item"
"1390","1390","M9-Bayonet","item"
"1391","1391","Bayonet","item"
"1392","1392","Flip-Knife","item"
"1393","1393","Gut-Knife","item"
"1394","1394","Sticker-100-Thieves-Foil-2020-RMR","item"
"1395","1395","Sticker-100-Thieves-Foil-Boston-2018","item"
"1396","1396","Sticker-100-Thieves-Gold-2020-RMR","item"
"1397","1397","Sticker-100-Thieves-Holo-2020-RMR","item"
"1398","1398","Sticker-100-Thieves-Holo-Boston-2018","item"
"1399","1399","Sticker-100-Thieves-2020-RMR","item"
"1400","1400","Sticker-100-Thieves-Boston-2018","item"
"1401","1401","Sticker-3DMAX-Foil-Katowice-2015","item"
"1402","1402","Sticker-3DMAX-Holo-Katowice-2014","item"
"1403","1403","Sticker-3DMAX-Holo-Katowice-2015","item"
"1404","1404","Sticker-3DMAX-Katowice-2014","item"
"1405","1405","Sticker-3DMAX-Katowice-2015","item"
"1406","1406","Sticker-ALEX-Foil-Berlin-2019","item"
"1407","1407","Sticker-ALEX-Foil-Katowice-2019","item"
"1408","1408","Sticker-ALEX-Gold-Berlin-2019","item"
"1409","1409","Sticker-ALEX-Gold-Katowice-2019","item"
"1410","1410","Sticker-ALEX-Berlin-2019","item"
"1411","1411","Sticker-ALEX-Katowice-2019","item"
"1412","1412","Sticker-ANDROID-Foil-London-2018","item"
"1413","1413","Sticker-ANDROID-Gold-London-2018","item"
"1414","1414","Sticker-ANDROID-London-2018","item"
"1415","1415","Sticker-ANGE1-Foil-Atlanta-2017","item"
"1416","1416","Sticker-ANGE1-Foil-Berlin-2019","item"
"1417","1417","Sticker-ANGE1-Foil-Katowice-2019","item"
"1418","1418","Sticker-ANGE1-Foil-London-2018","item"
"1419","1419","Sticker-ANGE1-Gold-Berlin-2019","item"
"1420","1420","Sticker-ANGE1-Gold-Katowice-2019","item"
"1421","1421","Sticker-ANGE1-Gold-London-2018","item"
"1422","1422","Sticker-ANGE1-Atlanta-2017","item"
"1423","1423","Sticker-ANGE1-Berlin-2019","item"
"1424","1424","Sticker-ANGE1-Katowice-2019","item"
"1425","1425","Sticker-ANGE1-London-2018","item"
"1426","1426","Sticker-AZR-Foil-Berlin-2019","item"
"1427","1427","Sticker-AZR-Foil-Boston-2018","item"
"1428","1428","Sticker-AZR-Foil-Cologne-2015","item"
"1429","1429","Sticker-AZR-Foil-Katowice-2019","item"
"1430","1430","Sticker-AZR-Foil-London-2018","item"
"1431","1431","Sticker-AZR-Gold-Berlin-2019","item"
"1432","1432","Sticker-AZR-Gold-Boston-2018","item"
"1433","1433","Sticker-AZR-Gold-Katowice-2019","item"
"1434","1434","Sticker-AZR-Gold-London-2018","item"
"1435","1435","Sticker-AZR-Berlin-2019","item"
"1436","1436","Sticker-AZR-Boston-2018","item"
"1437","1437","Sticker-AZR-Cologne-2015","item"
"1438","1438","Sticker-AZR-Katowice-2019","item"
"1439","1439","Sticker-AZR-London-2018","item"
"1440","1440","Sticker-Aces-High","item"
"1441","1441","Sticker-Aces-High-Holo","item"
"1442","1442","Sticker-Adepta-Sororitas","item"
"1443","1443","Sticker-AdreN--MLG-Columbus-2016","item"
"1444","3753","Sticker-AdreN-Foil--MLG-Columbus-2016","item"
"1445","1445","Sticker-AdreN-Foil-Atlanta-2017","item"
"1446","1446","Sticker-AdreN-Foil-Berlin-2019","item"
"1447","1447","Sticker-AdreN-Foil-Boston-2018","item"
"1448","1448","Sticker-AdreN-Foil-Cologne-2016","item"
"1449","1449","Sticker-AdreN-Foil-Katowice-2019","item"
"1450","1450","Sticker-AdreN-Foil-Krakow-2017","item"
"1451","1451","Sticker-AdreN-Foil-London-2018","item"
"1452","1452","Sticker-AdreN-Gold-Berlin-2019","item"
"1453","1453","Sticker-AdreN-Gold-Boston-2018","item"
"1454","1454","Sticker-AdreN-Gold-Katowice-2019","item"
"1455","1455","Sticker-AdreN-Gold-Krakow-2017","item"
"1456","1456","Sticker-AdreN-Gold-London-2018","item"
"1457","1457","Sticker-AdreN-Atlanta-2017","item"
"1458","1458","Sticker-AdreN-Berlin-2019","item"
"1459","1459","Sticker-AdreN-Boston-2018","item"
"1460","1460","Sticker-AdreN-Cologne-2016","item"
"1461","1461","Sticker-AdreN-Katowice-2019","item"
"1462","1462","Sticker-AdreN-Krakow-2017","item"
"1463","1463","Sticker-AdreN-London-2018","item"
"1464","1464","Sticker-Aeldari-Avatar","item"
"1465","1465","Sticker-Aerial-Foil-Berlin-2019","item"
"1466","1466","Sticker-Aerial-Foil-Katowice-2019","item"
"1467","1467","Sticker-Aerial-Gold-Berlin-2019","item"
"1468","1468","Sticker-Aerial-Gold-Katowice-2019","item"
"1469","1469","Sticker-Aerial-Berlin-2019","item"
"1470","1470","Sticker-Aerial-Katowice-2019","item"
"1471","1471","Sticker-Aleksib-Foil-Berlin-2019","item"
"1472","1472","Sticker-Aleksib-Foil-Katowice-2019","item"
"1473","1473","Sticker-Aleksib-Gold-Berlin-2019","item"
"1474","1474","Sticker-Aleksib-Gold-Katowice-2019","item"
"1475","1475","Sticker-Aleksib-Berlin-2019","item"
"1476","1476","Sticker-Aleksib-Katowice-2019","item"
"1477","1477","Sticker-All-Hail-the-King-Foil","item"
"1478","1478","Sticker-AmaNEk-Foil-Berlin-2019","item"
"1479","1479","Sticker-AmaNEk-Foil-Boston-2018","item"
"1480","1480","Sticker-AmaNEk-Gold-Berlin-2019","item"
"1481","1481","Sticker-AmaNEk-Gold-Boston-2018","item"
"1482","1482","Sticker-AmaNEk-Berlin-2019","item"
"1483","1483","Sticker-AmaNEk-Boston-2018","item"
"1484","1484","Sticker-Ancient-Beast","item"
"1485","1485","Sticker-Ancient-Beast-Foil","item"
"1486","1486","Sticker-Ancient-Marauder","item"
"1487","1487","Sticker-Ancient-Protector","item"
"1488","1488","Sticker-Assassin","item"
"1489","1489","Sticker-Assassin-Holo","item"
"1490","1490","Sticker-Astralis-Foil-2020-RMR","item"
"1491","1491","Sticker-Astralis-Foil-Atlanta-2017","item"
"1492","1492","Sticker-Astralis-Foil-Berlin-2019","item"
"1493","1493","Sticker-Astralis-Foil-Boston-2018","item"
"1494","1494","Sticker-Astralis-Foil-Cologne-2016","item"
"1495","1495","Sticker-Astralis-Foil-Katowice-2019","item"
"1496","1496","Sticker-Astralis-Foil-Krakow-2017","item"
"1497","1497","Sticker-Astralis-Foil-London-2018","item"
"1498","1498","Sticker-Astralis-Foil-MLG-Columbus-2016","item"
"1499","1499","Sticker-Astralis-Gold-2020-RMR","item"
"1500","1500","Sticker-Astralis-Holo-2020-RMR","item"
"1501","1501","Sticker-Astralis-Holo-Atlanta-2017","item"
"1502","1502","Sticker-Astralis-Holo-Berlin-2019","item"
"1503","1503","Sticker-Astralis-Holo-Boston-2018","item"
"1504","1504","Sticker-Astralis-Holo-Cologne-2016","item"
"1505","1505","Sticker-Astralis-Holo-Katowice-2019","item"
"1506","1506","Sticker-Astralis-Holo-Krakow-2017","item"
"1507","1507","Sticker-Astralis-Holo-London-2018","item"
"1508","1508","Sticker-Astralis-Holo-MLG-Columbus-2016","item"
"1509","1509","Sticker-Astralis-2020-RMR","item"
"1510","1510","Sticker-Astralis-Atlanta-2017","item"
"1511","1511","Sticker-Astralis-Berlin-2019","item"
"1512","1512","Sticker-Astralis-Boston-2018","item"
"1513","1513","Sticker-Astralis-Cologne-2016","item"
"1514","1514","Sticker-Astralis-Katowice-2019","item"
"1515","1515","Sticker-Astralis-Krakow-2017","item"
"1516","1516","Sticker-Astralis-London-2018","item"
"1517","1517","Sticker-Astralis-MLG-Columbus-2016","item"
"1518","1518","Sticker-Attacker-Foil-Berlin-2019","item"
"1519","1519","Sticker-Attacker-Foil-Boston-2018","item"
"1520","1520","Sticker-Attacker-Foil-Katowice-2019","item"
"1521","1521","Sticker-Attacker-Gold-Berlin-2019","item"
"1522","1522","Sticker-Attacker-Gold-Boston-2018","item"
"1523","1523","Sticker-Attacker-Gold-Katowice-2019","item"
"1524","1524","Sticker-Attacker-Berlin-2019","item"
"1525","1525","Sticker-Attacker-Boston-2018","item"
"1526","1526","Sticker-Attacker-Katowice-2019","item"
"1527","1527","Sticker-Avangar-Foil-Berlin-2019","item"
"1528","1528","Sticker-Avangar-Foil-Boston-2018","item"
"1529","1529","Sticker-Avangar-Foil-Katowice-2019","item"
"1530","1530","Sticker-Avangar-Holo-Berlin-2019","item"
"1531","1531","Sticker-Avangar-Holo-Boston-2018","item"
"1532","1532","Sticker-Avangar-Holo-Katowice-2019","item"
"1533","1533","Sticker-Avangar-Berlin-2019","item"
"1534","1534","Sticker-Avangar-Boston-2018","item"
"1535","1535","Sticker-Avangar-Katowice-2019","item"
"1536","1536","Sticker-Awp-Country","item"
"1537","1537","Sticker-Aztec","item"
"1538","1538","Sticker-B1ad3-Foil-Atlanta-2017","item"
"1539","1539","Sticker-B1ad3-Foil-Boston-2018","item"
"1540","1540","Sticker-B1ad3-Foil-Cluj-Napoca-2015","item"
"1541","1541","Sticker-B1ad3-Foil-Cologne-2015","item"
"1542","1542","Sticker-B1ad3-Foil-Cologne-2016","item"
"1543","1543","Sticker-B1ad3-Foil-Krakow-2017","item"
"1544","1544","Sticker-B1ad3-Foil-MLG-Columbus-2016","item"
"1545","1545","Sticker-B1ad3-Gold-Boston-2018","item"
"1546","1546","Sticker-B1ad3-Gold-Krakow-2017","item"
"1547","1547","Sticker-B1ad3-Atlanta-2017","item"
"1548","1548","Sticker-B1ad3-Boston-2018","item"
"1549","1549","Sticker-B1ad3-Cluj-Napoca-2015","item"
"1550","1550","Sticker-B1ad3-Cologne-2015","item"
"1551","1551","Sticker-B1ad3-Cologne-2016","item"
"1552","1552","Sticker-B1ad3-Krakow-2017","item"
"1553","1553","Sticker-B1ad3-MLG-Columbus-2016","item"
"1554","1554","Sticker-BIG-Foil-2020-RMR","item"
"1555","1555","Sticker-BIG-Foil-Boston-2018","item"
"1556","1556","Sticker-BIG-Foil-Katowice-2019","item"
"1557","1557","Sticker-BIG-Foil-Krakow-2017","item"
"1558","1558","Sticker-BIG-Foil-London-2018","item"
"1559","1559","Sticker-BIG-Gold-2020-RMR","item"
"1560","1560","Sticker-BIG-Holo-2020-RMR","item"
"1561","1561","Sticker-BIG-Holo-Boston-2018","item"
"1562","1562","Sticker-BIG-Holo-Katowice-2019","item"
"1563","1563","Sticker-BIG-Holo-Krakow-2017","item"
"1564","1564","Sticker-BIG-Holo-London-2018","item"
"1565","1565","Sticker-BIG-2020-RMR","item"
"1566","1566","Sticker-BIG-Boston-2018","item"
"1567","1567","Sticker-BIG-Katowice-2019","item"
"1568","1568","Sticker-BIG-Krakow-2017","item"
"1569","1569","Sticker-BIG-London-2018","item"
"1570","1570","Sticker-BIT-Foil-Boston-2018","item"
"1571","1571","Sticker-BIT-Gold-Boston-2018","item"
"1572","1572","Sticker-BIT-Boston-2018","item"
"1573","1573","Sticker-Baaa-ckstabber!","item"
"1574","1574","Sticker-Backstab","item"
"1575","1575","Sticker-Badge-of-Service","item"
"1576","1576","Sticker-Baited","item"
"1577","1577","Sticker-Baited-Holo","item"
"1578","1578","Sticker-Banana","item"
"1579","1579","Sticker-Bash-Holo","item"
"1580","1580","Sticker-Basilisk","item"
"1581","1581","Sticker-Basilisk-Foil","item"
"1582","1582","Sticker-Battle-Scarred","item"
"1583","1583","Sticker-Battle-Scarred-Holo","item"
"1584","1584","Sticker-Big-Clucks","item"
"1585","1585","Sticker-Big-Clucks-Foil","item"
"1586","1586","Sticker-Big-Hugs","item"
"1587","1587","Sticker-Big-Hugs-Holo","item"
"1588","1588","Sticker-Bish-Holo","item"
"1589","1589","Sticker-Bite-Me","item"
"1590","1590","Sticker-Bite-Me-Foil","item"
"1591","1591","Sticker-Black-Dog","item"
"1592","1592","Sticker-Blitzkrieg","item"
"1593","1593","Sticker-Blood-Boiler","item"
"1594","1594","Sticker-Bloodthirster-Foil","item"
"1595","1595","Sticker-Blue-Swallow","item"
"1596","1596","Sticker-BnTeT-Foil-Berlin-2019","item"
"1597","1597","Sticker-BnTeT-Foil-Boston-2018","item"
"1598","1598","Sticker-BnTeT-Foil-Katowice-2019","item"
"1599","1599","Sticker-BnTeT-Foil-London-2018","item"
"1600","1600","Sticker-BnTeT-Gold-Berlin-2019","item"
"1601","1601","Sticker-BnTeT-Gold-Boston-2018","item"
"1602","1602","Sticker-BnTeT-Gold-Katowice-2019","item"
"1603","1603","Sticker-BnTeT-Gold-London-2018","item"
"1604","1604","Sticker-BnTeT-Berlin-2019","item"
"1605","1605","Sticker-BnTeT-Boston-2018","item"
"1606","1606","Sticker-BnTeT-Katowice-2019","item"
"1607","1607","Sticker-BnTeT-London-2018","item"
"1608","1608","Sticker-Bomb-Code","item"
"1609","1609","Sticker-Bomb-Doge","item"
"1610","1610","Sticker-Bomb-Squad-Foil","item"
"1611","1611","Sticker-Bombsquad","item"
"1612","1612","Sticker-Bombsquad-Foil","item"
"1613","1613","Sticker-Bonehead","item"
"1614","1614","Sticker-Bonehead-Holo","item"
"1615","1615","Sticker-Boom","item"
"1616","1616","Sticker-Boom-Foil","item"
"1617","1617","Sticker-Boom-Foil-2020-RMR","item"
"1618","1618","Sticker-Boom-Gold-2020-RMR","item"
"1619","1619","Sticker-Boom-Holo","item"
"1620","1620","Sticker-Boom-Holo-2020-RMR","item"
"1621","1621","Sticker-Boom-2020-RMR","item"
"1624","1622","Sticker-Boombl4-Foil-Berlin-2019","item"
"1625","1623","Sticker-Boombl4-Foil-Boston-2018","item"
"1626","1624","Sticker-Boombl4-Foil-Katowice-2019","item"
"1627","1625","Sticker-Boombl4-Foil-London-2018","item"
"1628","1626","Sticker-Boombl4-Gold-Berlin-2019","item"
"1629","1627","Sticker-Boombl4-Gold-Boston-2018","item"
"1630","1628","Sticker-Boombl4-Gold-Katowice-2019","item"
"1631","1629","Sticker-Boombl4-Gold-London-2018","item"
"1632","1630","Sticker-Boombl4-Berlin-2019","item"
"1633","1631","Sticker-Boombl4-Boston-2018","item"
"1634","1632","Sticker-Boombl4-Katowice-2019","item"
"1635","1633","Sticker-Boombl4-London-2018","item"
"1636","1634","Sticker-Boost-Holo","item"
"1637","1635","Sticker-Boris","item"
"1638","1636","Sticker-Boris-Holo","item"
"1639","1637","Sticker-Bosh-Holo","item"
"1640","1638","Sticker-Bossy-Burger","item"
"1641","1639","Sticker-Bravado-Gaming-DreamHack-2014","item"
"1642","1640","Sticker-Brehze-Foil-Berlin-2019","item"
"1643","1641","Sticker-Brehze-Foil-Katowice-2019","item"
"1644","1642","Sticker-Brehze-Gold-Berlin-2019","item"
"1645","1643","Sticker-Brehze-Gold-Katowice-2019","item"
"1646","1644","Sticker-Brehze-Berlin-2019","item"
"1647","1645","Sticker-Brehze-Katowice-2019","item"
"1648","1646","Sticker-Broken-Fang","item"
"1649","1647","Sticker-Broken-Fang-Holo","item"
"1650","1648","Sticker-Brollan-Foil-Katowice-2019","item"
"1651","1649","Sticker-Brollan-Gold-Katowice-2019","item"
"1652","1650","Sticker-Brollan-Katowice-2019","item"
"1653","1651","Sticker-BukAWP","item"
"1654","1652","Sticker-Bullet-Rain","item"
"1655","1653","Sticker-Bullet-Rain-Foil","item"
"1656","1654","Sticker-Burn-Them-All","item"
"1657","1655","Sticker-COLDYY1-Foil-Katowice-2019","item"
"1658","1656","Sticker-COLDYY1-Foil-London-2018","item"
"1659","1657","Sticker-COLDYY1-Gold-Katowice-2019","item"
"1660","1658","Sticker-COLDYY1-Gold-London-2018","item"
"1661","1659","Sticker-COLDYY1-Katowice-2019","item"
"1662","1660","Sticker-COLDYY1-London-2018","item"
"1663","1661","Sticker-CR4ZY-Foil-Berlin-2019","item"
"1664","1662","Sticker-CR4ZY-Holo-Berlin-2019","item"
"1665","1663","Sticker-CR4ZY-Berlin-2019","item"
"1666","1664","Sticker-CS-On-The-Mind","item"
"1667","1665","Sticker-CS20-Classic-Holo","item"
"1668","1666","Sticker-CT-in-Banana","item"
"1669","1667","Sticker-Calyx-Foil-Boston-2018","item"
"1670","1668","Sticker-Calyx-Foil-London-2018","item"
"1671","1669","Sticker-Calyx-Gold-Boston-2018","item"
"1672","1670","Sticker-Calyx-Gold-London-2018","item"
"1673","1671","Sticker-Calyx-Boston-2018","item"
"1674","1672","Sticker-Calyx-London-2018","item"
"1675","1673","Sticker-Camper","item"
"1676","1674","Sticker-Camper-Foil","item"
"1677","1675","Sticker-Cat-Call","item"
"1678","1676","Sticker-CeRq-Foil-Berlin-2019","item"
"1679","1677","Sticker-CeRq-Foil-Katowice-2019","item"
"1680","1678","Sticker-CeRq-Gold-Berlin-2019","item"
"1681","1679","Sticker-CeRq-Gold-Katowice-2019","item"
"1682","1680","Sticker-CeRq-Berlin-2019","item"
"1683","1681","Sticker-CeRq-Katowice-2019","item"
"1684","1682","Sticker-Cerberus","item"
"1685","1683","Sticker-Chabo","item"
"1686","1684","Sticker-Chaos-Marine-Foil","item"
"1687","1685","Sticker-Cheongsam","item"
"1688","1686","Sticker-Cheongsam-Holo","item"
"1689","1687","Sticker-Chi-Bomb","item"
"1690","1688","Sticker-Chicken-Lover","item"
"1691","1689","Sticker-Chicken-Strike","item"
"1692","1690","Sticker-Chief","item"
"1693","1691","Sticker-Chief-Foil","item"
"1694","1692","Sticker-Chief-Holo","item"
"1695","1693","Sticker-Clan-Mystik-Holo-Katowice-2014","item"
"1696","1694","Sticker-Clan-Mystik-Katowice-2014","item"
"1697","1695","Sticker-Cloud9-Foil-Boston-2018","item"
"1698","1696","Sticker-Cloud9-Foil-Cluj-Napoca-2015","item"
"1699","1697","Sticker-Cloud9-Foil-DreamHack-2014","item"
"1700","1698","Sticker-Cloud9-Foil-Katowice-2019","item"
"1701","1699","Sticker-Cloud9-Foil-Krakow-2017","item"
"1702","1700","Sticker-Cloud9-Foil-London-2018","item"
"1703","1701","Sticker-Cloud9-Foil-MLG-Columbus-2016","item"
"1704","1702","Sticker-Cloud9-Holo-Boston-2018","item"
"1705","1703","Sticker-Cloud9-Holo-Cologne-2014","item"
"1706","1704","Sticker-Cloud9-Holo-DreamHack-2014","item"
"1707","1705","Sticker-Cloud9-Holo-Katowice-2019","item"
"1708","1706","Sticker-Cloud9-Holo-Krakow-2017","item"
"1709","1707","Sticker-Cloud9-Holo-London-2018","item"
"1710","1708","Sticker-Cloud9-Holo-MLG-Columbus-2016","item"
"1711","1709","Sticker-Cloud9-G2A-Foil-Cologne-2015","item"
"1712","1710","Sticker-Cloud9-G2A-Foil-Katowice-2015","item"
"1713","1711","Sticker-Cloud9-G2A-Holo-Katowice-2015","item"
"1714","1712","Sticker-Cloud9-G2A-Cologne-2015","item"
"1715","1713","Sticker-Cloud9-G2A-Katowice-2015","item"
"1716","1714","Sticker-Cloud9-Boston-2018","item"
"1717","1715","Sticker-Cloud9-Cluj-Napoca-2015","item"
"1718","1716","Sticker-Cloud9-Cologne-2014","item"
"1719","1717","Sticker-Cloud9-DreamHack-2014","item"
"1720","1718","Sticker-Cloud9-Katowice-2019","item"
"1721","1719","Sticker-Cloud9-Krakow-2017","item"
"1722","1720","Sticker-Cloud9-London-2018","item"
"1723","1721","Sticker-Cloud9-MLG-Columbus-2016","item"
"1724","1722","Sticker-Cluck","item"
"1725","1723","Sticker-Cluck-Holo","item"
"1726","1724","Sticker-Clutchman-Holo","item"
"1727","1725","Sticker-Coiled-Strike","item"
"1728","1726","Sticker-Coiled-Strike-Holo","item"
"1729","1727","Sticker-Combine-Helmet","item"
"1730","1728","Sticker-Combine-Helmet-Holo","item"
"1731","1729","Sticker-Copenhagen-Wolves-Holo-Cologne-2014","item"
"1732","1730","Sticker-Copenhagen-Wolves-Cologne-2014","item"
"1733","1731","Sticker-Copenhagen-Wolves-DreamHack-2014","item"
"1734","1732","Sticker-Countdown","item"
"1735","1733","Sticker-Countdown-Foil","item"
"1736","1734","Sticker-Countdown-Holo","item"
"1738","1735","Sticker-Counter-Logic-Gaming-Foil-Cluj-Napoca-2015","item"
"1739","1736","Sticker-Counter-Logic-Gaming-Foil-Cologne-2015","item"
"1740","1737","Sticker-Counter-Logic-Gaming-Foil-Cologne-2016","item"
"1741","1738","Sticker-Counter-Logic-Gaming-Foil-Katowice-2015","item"
"1742","1739","Sticker-Counter-Logic-Gaming-Foil-MLG-Columbus-2016","item"
"1743","1740","Sticker-Counter-Logic-Gaming-Holo-Cologne-2016","item"
"1744","1741","Sticker-Counter-Logic-Gaming-Holo-Katowice-2015","item"
"1745","1742","Sticker-Counter-Logic-Gaming-Holo-MLG-Columbus-2016","item"
"1746","1743","Sticker-Counter-Logic-Gaming-Cluj-Napoca-2015","item"
"1747","1744","Sticker-Counter-Logic-Gaming-Cologne-2015","item"
"1748","1745","Sticker-Counter-Logic-Gaming-Cologne-2016","item"
"1749","1746","Sticker-Counter-Logic-Gaming-Katowice-2015","item"
"1750","1747","Sticker-Counter-Logic-Gaming-MLG-Columbus-2016","item"
"1751","1748","Sticker-Counter-Tech","item"
"1754","1749","Sticker-Crown-Foil","item"
"1755","1750","Sticker-DAVEY-Foil-MLG-Columbus-2016","item"
"1756","1751","Sticker-DAVEY-MLG-Columbus-2016","item"
"1757","1752","Sticker-DD-Foil-Boston-2018","item"
"1758","1753","Sticker-DD-Foil-London-2018","item"
"1759","1754","Sticker-DD-Gold-Boston-2018","item"
"1760","1755","Sticker-DD-Gold-London-2018","item"
"1761","1756","Sticker-DD-Boston-2018","item"
"1762","1757","Sticker-DD-London-2018","item"
"1763","1758","Sticker-DEVIL-Foil-Cologne-2016","item"
"1764","1759","Sticker-DEVIL-Foil-MLG-Columbus-2016","item"
"1765","1760","Sticker-DEVIL-Cologne-2016","item"
"1766","1761","Sticker-DEVIL-MLG-Columbus-2016","item"
"1767","1762","Sticker-DavCost-Foil-Cluj-Napoca-2015","item"
"1768","1763","Sticker-DavCost-Foil-Cologne-2015","item"
"1769","1764","Sticker-DavCost-Foil-Katowice-2019","item"
"1770","1765","Sticker-DavCost-Foil-London-2018","item"
"1771","1766","Sticker-DavCost-Gold-Katowice-2019","item"
"1772","1767","Sticker-DavCost-Gold-London-2018","item"
"1773","1768","Sticker-DavCost-Cluj-Napoca-2015","item"
"1774","1769","Sticker-DavCost-Cologne-2015","item"
"1775","1770","Sticker-DavCost-Katowice-2019","item"
"1776","1771","Sticker-DavCost-London-2018","item"
"1777","1772","Sticker-DeStiNy-Foil-Berlin-2019","item"
"1778","1773","Sticker-DeStiNy-Gold-Berlin-2019","item"
"1779","1774","Sticker-DeStiNy-Berlin-2019","item"
"1780","1775","Sticker-DeadFox-Foil-Atlanta-2017","item"
"1781","1776","Sticker-DeadFox-Foil-Berlin-2019","item"
"1782","1777","Sticker-DeadFox-Foil-Katowice-2019","item"
"1783","1778","Sticker-DeadFox-Foil-London-2018","item"
"1784","1779","Sticker-DeadFox-Gold-Berlin-2019","item"
"1785","1780","Sticker-DeadFox-Gold-Katowice-2019","item"
"1786","1781","Sticker-DeadFox-Gold-London-2018","item"
"1787","1782","Sticker-DeadFox-Atlanta-2017","item"
"1788","1783","Sticker-DeadFox-Berlin-2019","item"
"1789","1784","Sticker-DeadFox-Katowice-2019","item"
"1790","1785","Sticker-DeadFox-London-2018","item"
"1791","1786","Sticker-Death-Comes","item"
"1792","1787","Sticker-Delicious-Tears","item"
"1793","1788","Sticker-Dessert-Eagle","item"
"1794","1789","Sticker-Devouring-Flame","item"
"1795","1790","Sticker-Devouring-Flame-Holo","item"
"1796","1791","Sticker-DickStacy-Foil-Berlin-2019","item"
"1797","1792","Sticker-DickStacy-Foil-Katowice-2019","item"
"1798","1793","Sticker-DickStacy-Gold-Berlin-2019","item"
"1799","1794","Sticker-DickStacy-Gold-Katowice-2019","item"
"1800","1795","Sticker-DickStacy-Berlin-2019","item"
"1801","1796","Sticker-DickStacy-Katowice-2019","item"
"1802","1797","Sticker-Dima-Foil-Katowice-2019","item"
"1803","1798","Sticker-Dima-Foil-London-2018","item"
"1804","1799","Sticker-Dima-Gold-Katowice-2019","item"
"1805","1800","Sticker-Dima-Gold-London-2018","item"
"1806","1801","Sticker-Dima-Katowice-2019","item"
"1807","1802","Sticker-Dima-London-2018","item"
"1808","1803","Sticker-Dinked","item"
"1809","1804","Sticker-Dirty-Money","item"
"1810","1805","Sticker-Distinguished-Master-Guardian","item"
"1811","1806","Sticker-Distinguished-Master-Guardian-Holo","item"
"1812","1807","Sticker-Don't-Worry","item"
"1813","1808","Sticker-Don't-Worry-Foil","item"
"1814","1809","Sticker-Don't-Worry-Holo","item"
"1817","1810","Sticker-Don't-Worry,-I'm-Pro","item"
"1818","1811","Sticker-Doomed","item"
"1819","1812","Sticker-Door-Stuck-Foil","item"
"1820","1813","Sticker-Doru-The-Fox","item"
"1821","1814","Sticker-Dosia-Foil-Atlanta-2017","item"
"1822","1815","Sticker-Dosia-Foil-Boston-2018","item"
"1823","1816","Sticker-Dosia-Foil-Cologne-2016","item"
"1824","1817","Sticker-Dosia-Foil-Krakow-2017","item"
"1825","1818","Sticker-Dosia-Foil-London-2018","item"
"1826","1819","Sticker-Dosia-Foil-MLG-Columbus-2016","item"
"1827","1820","Sticker-Dosia-Gold-Boston-2018","item"
"1828","1821","Sticker-Dosia-Gold-Krakow-2017","item"
"1829","1822","Sticker-Dosia-Gold-London-2018","item"
"1830","1823","Sticker-Dosia-Atlanta-2017","item"
"1831","1824","Sticker-Dosia-Boston-2018","item"
"1832","1825","Sticker-Dosia-Cologne-2016","item"
"1833","1826","Sticker-Dosia-Krakow-2017","item"
"1834","1827","Sticker-Dosia-London-2018","item"
"1835","1828","Sticker-Dosia-MLG-Columbus-2016","item"
"1836","1829","Sticker-Double-Dip","item"
"1837","1830","Sticker-Double-Dip-Holo","item"
"1838","1831","Sticker-Dragon","item"
"1839","1832","Sticker-Dragon-Foil","item"
"1840","1833","Sticker-Dragon-Lore-Foil","item"
"1841","1834","Sticker-DreamEaters-Foil-Berlin-2019","item"
"1842","1835","Sticker-DreamEaters-Holo-Berlin-2019","item"
"1843","1836","Sticker-DreamEaters-Berlin-2019","item"
"1844","1837","Sticker-DreamHack-Foil-Cluj-Napoca-2015","item"
"1845","1838","Sticker-DreamHack-Winter-2014","item"
"1846","1839","Sticker-DreamHack-Winter-2014-Foil","item"
"1847","1840","Sticker-DreamHack-Cluj-Napoca-2015","item"
"1848","1841","Sticker-Drug-War-Veteran","item"
"1849","1842","Sticker-ELEAGUE-Foil-Atlanta-2017","item"
"1850","1843","Sticker-ELEAGUE-Foil-Boston-2018","item"
"1851","1844","Sticker-ELEAGUE-Holo-Atlanta-2017","item"
"1852","1845","Sticker-ELEAGUE-Holo-Boston-2018","item"
"1853","1846","Sticker-ELEAGUE-Atlanta-2017","item"
"1854","1847","Sticker-ELEAGUE-Boston-2018","item"
"1855","1848","Sticker-ENCE-Foil-Berlin-2019","item"
"1856","1849","Sticker-ENCE-Foil-Katowice-2019","item"
"1857","1850","Sticker-ENCE-Holo-Berlin-2019","item"
"1858","1851","Sticker-ENCE-Holo-Katowice-2019","item"
"1859","1852","Sticker-ENCE-Berlin-2019","item"
"1860","1853","Sticker-ENCE-Katowice-2019","item"
"1861","1854","Sticker-ESC-Gaming-DreamHack-2014","item"
"1862","1855","Sticker-ESL-Foil-Cologne-2015","item"
"1863","1856","Sticker-ESL-Foil-Cologne-2016","item"
"1864","1857","Sticker-ESL-Holo-Cologne-2016","item"
"1865","1858","Sticker-ESL-One-Foil-Katowice-2015","item"
"1866","1859","Sticker-ESL-One-Cologne-2014-Blue","item"
"1867","1860","Sticker-ESL-One-Cologne-2014-Red","item"
"1868","1861","Sticker-ESL-One-Katowice-2015","item"
"1869","1862","Sticker-ESL-Skull-Foil-Katowice-2014","item"
"1870","1863","Sticker-ESL-Wolf-Foil-Katowice-2014","item"
"1871","1864","Sticker-ESL-Cologne-2015","item"
"1872","1865","Sticker-ESL-Cologne-2016","item"
"1873","1866","Sticker-ESPADA-Foil-2020-RMR","item"
"1874","1867","Sticker-ESPADA-Gold-2020-RMR","item"
"1875","1868","Sticker-ESPADA-Holo-2020-RMR","item"
"1876","1869","Sticker-ESPADA-2020-RMR","item"
"1877","1870","Sticker-Easy-Peasy","item"
"1878","1871","Sticker-Eco-Rush","item"
"1879","1872","Sticker-Edward-Foil-Atlanta-2017","item"
"1880","1873","Sticker-Edward-Foil-Boston-2018","item"
"1881","1874","Sticker-Edward-Foil-Cluj-Napoca-2015","item"
"1882","1875","Sticker-Edward-Foil-Cologne-2015","item"
"1883","1876","Sticker-Edward-Foil-Cologne-2016","item"
"1884","1877","Sticker-Edward-Foil-Katowice-2019","item"
"1885","1878","Sticker-Edward-Foil-Krakow-2017","item"
"1886","1879","Sticker-Edward-Foil-London-2018","item"
"1887","1880","Sticker-Edward-Foil-MLG-Columbus-2016","item"
"1888","1881","Sticker-Edward-Gold-Boston-2018","item"
"1889","1882","Sticker-Edward-Gold-Katowice-2019","item"
"1890","1883","Sticker-Edward-Gold-Krakow-2017","item"
"1891","1884","Sticker-Edward-Gold-London-2018","item"
"1892","1885","Sticker-Edward-Atlanta-2017","item"
"1893","1886","Sticker-Edward-Boston-2018","item"
"1894","1887","Sticker-Edward-Cluj-Napoca-2015","item"
"1895","1888","Sticker-Edward-Cologne-2015","item"
"1896","1889","Sticker-Edward-Cologne-2016","item"
"1897","1890","Sticker-Edward-Katowice-2019","item"
"1898","1891","Sticker-Edward-Krakow-2017","item"
"1899","1892","Sticker-Edward-London-2018","item"
"1900","1893","Sticker-Edward-MLG-Columbus-2016","item"
"1901","1894","Sticker-EliGE-Foil-Atlanta-2017","item"
"1902","1895","Sticker-EliGE-Foil-Berlin-2019","item"
"1903","1896","Sticker-EliGE-Foil-Boston-2018","item"
"1904","1897","Sticker-EliGE-Foil-Cluj-Napoca-2015","item"
"1905","1898","Sticker-EliGE-Foil-Cologne-2016","item"
"1906","1899","Sticker-EliGE-Foil-Katowice-2019","item"
"1907","1900","Sticker-EliGE-Foil-London-2018","item"
"1908","1901","Sticker-EliGE-Foil-MLG-Columbus-2016","item"
"1909","1902","Sticker-EliGE-Gold-Berlin-2019","item"
"1910","1903","Sticker-EliGE-Gold-Boston-2018","item"
"1911","1904","Sticker-EliGE-Gold-Katowice-2019","item"
"1912","1905","Sticker-EliGE-Gold-London-2018","item"
"1913","1906","Sticker-EliGE-Atlanta-2017","item"
"1914","1907","Sticker-EliGE-Berlin-2019","item"
"1915","1908","Sticker-EliGE-Boston-2018","item"
"1916","1909","Sticker-EliGE-Cluj-Napoca-2015","item"
"1917","1910","Sticker-EliGE-Cologne-2016","item"
"1918","1911","Sticker-EliGE-Katowice-2019","item"
"1919","1912","Sticker-EliGE-London-2018","item"
"1920","1913","Sticker-EliGE-MLG-Columbus-2016","item"
"1921","1914","Sticker-Emperor-Foil","item"
"1922","1915","Sticker-Enemy-Spotted","item"
"1923","1916","Sticker-Enemy-Spotted-Holo","item"
"1924","1917","Sticker-Entry-Fragger","item"
"1925","1918","Sticker-Epsilon-eSports-Holo-Cologne-2014","item"
"1926","1919","Sticker-Epsilon-eSports-Cologne-2014","item"
"1927","1920","Sticker-EspiranTo-Foil-Berlin-2019","item"
"1928","1921","Sticker-EspiranTo-Gold-Berlin-2019","item"
"1929","1922","Sticker-EspiranTo-Berlin-2019","item"
"1930","1923","Sticker-Ethan-Foil-Berlin-2019","item"
"1931","1924","Sticker-Ethan-Foil-Katowice-2019","item"
"1932","1925","Sticker-Ethan-Gold-Berlin-2019","item"
"1933","1926","Sticker-Ethan-Gold-Katowice-2019","item"
"1934","1927","Sticker-Ethan-Berlin-2019","item"
"1935","1928","Sticker-Ethan-Katowice-2019","item"
"1936","1929","Sticker-Evil-Geniuses-Foil-2020-RMR","item"
"1937","1930","Sticker-Evil-Geniuses-Gold-2020-RMR","item"
"1938","1931","Sticker-Evil-Geniuses-Holo-2020-RMR","item"
"1939","1932","Sticker-Evil-Geniuses-2020-RMR","item"
"1940","1933","Sticker-Ex6TenZ-Foil-Cluj-Napoca-2015","item"
"1941","1934","Sticker-Ex6TenZ-Foil-Cologne-2015","item"
"1942","1935","Sticker-Ex6TenZ-Foil-London-2018","item"
"1943","1936","Sticker-Ex6TenZ-Foil-MLG-Columbus-2016","item"
"1944","1937","Sticker-Ex6TenZ-Gold-London-2018","item"
"1945","1938","Sticker-Ex6TenZ-Cluj-Napoca-2015","item"
"1946","1939","Sticker-Ex6TenZ-Cologne-2015","item"
"1947","1940","Sticker-Ex6TenZ-London-2018","item"
"1948","1941","Sticker-Ex6TenZ-MLG-Columbus-2016","item"
"1949","1942","Sticker-Extermination","item"
"1950","1943","Sticker-FACEIT-Foil-London-2018","item"
"1951","1944","Sticker-FACEIT-Holo-London-2018","item"
"1952","1945","Sticker-FACEIT-London-2018","item"
"1953","1946","Sticker-FL1T-Foil-Berlin-2019","item"
"1954","1947","Sticker-FL1T-Gold-Berlin-2019","item"
"1955","1948","Sticker-FL1T-Berlin-2019","item"
"1956","1949","Sticker-FNS-Foil-Cluj-Napoca-2015","item"
"1957","1950","Sticker-FNS-Foil-Cologne-2015","item"
"1958","1951","Sticker-FNS-Cluj-Napoca-2015","item"
"1959","1952","Sticker-FNS-Cologne-2015","item"
"1960","1953","Sticker-FURIA-Foil-2020-RMR","item"
"1961","1954","Sticker-FURIA-Foil-Berlin-2019","item"
"1962","1955","Sticker-FURIA-Foil-Katowice-2019","item"
"1963","1956","Sticker-FURIA-Gold-2020-RMR","item"
"1964","1957","Sticker-FURIA-Holo-2020-RMR","item"
"1965","1958","Sticker-FURIA-Holo-Berlin-2019","item"
"1966","1959","Sticker-FURIA-Holo-Katowice-2019","item"
"1967","1960","Sticker-FURIA-2020-RMR","item"
"1968","1961","Sticker-FURIA-Berlin-2019","item"
"1969","1962","Sticker-FURIA-Katowice-2019","item"
"1970","1963","Sticker-FaZe-Foil-2020-RMR","item"
"1971","1964","Sticker-FaZe-Gold-2020-RMR","item"
"1972","1965","Sticker-FaZe-Holo-2020-RMR","item"
"1973","1966","Sticker-FaZe-Clan-Foil-Atlanta-2017","item"
"1974","1967","Sticker-FaZe-Clan-Foil-Berlin-2019","item"
"1975","1968","Sticker-FaZe-Clan-Foil-Boston-2018","item"
"1976","1969","Sticker-FaZe-Clan-Foil-Cologne-2016","item"
"1977","1970","Sticker-FaZe-Clan-Foil-Katowice-2019","item"
"1978","1971","Sticker-FaZe-Clan-Foil-Krakow-2017","item"
"1979","1972","Sticker-FaZe-Clan-Foil-London-2018","item"
"1980","1973","Sticker-FaZe-Clan-Foil-MLG-Columbus-2016","item"
"1981","1974","Sticker-FaZe-Clan-Holo-Atlanta-2017","item"
"1982","1975","Sticker-FaZe-Clan-Holo-Berlin-2019","item"
"1983","1976","Sticker-FaZe-Clan-Holo-Boston-2018","item"
"1984","1977","Sticker-FaZe-Clan-Holo-Cologne-2016","item"
"1985","1978","Sticker-FaZe-Clan-Holo-Katowice-2019","item"
"1986","1979","Sticker-FaZe-Clan-Holo-Krakow-2017","item"
"1987","1980","Sticker-FaZe-Clan-Holo-London-2018","item"
"1988","1981","Sticker-FaZe-Clan-Holo-MLG-Columbus-2016","item"
"1989","1982","Sticker-FaZe-Clan-Atlanta-2017","item"
"1990","1983","Sticker-FaZe-Clan-Berlin-2019","item"
"1991","1984","Sticker-FaZe-Clan-Boston-2018","item"
"1992","1985","Sticker-FaZe-Clan-Cologne-2016","item"
"1993","1986","Sticker-FaZe-Clan-Katowice-2019","item"
"1994","1987","Sticker-FaZe-Clan-Krakow-2017","item"
"1995","1988","Sticker-FaZe-Clan-London-2018","item"
"1996","1989","Sticker-FaZe-Clan-MLG-Columbus-2016","item"
"1997","1990","Sticker-FaZe-2020-RMR","item"
"1998","1991","Sticker-FalleN-Foil-Atlanta-2017","item"
"1999","1992","Sticker-FalleN-Foil-Berlin-2019","item"
"2000","1993","Sticker-FalleN-Foil-Boston-2018","item"
"2001","1994","Sticker-FalleN-Foil-Cluj-Napoca-2015","item"
"2002","1995","Sticker-FalleN-Foil-Cologne-2015","item"
"2003","1996","Sticker-FalleN-Foil-Cologne-2016","item"
"2004","1997","Sticker-FalleN-Foil-Katowice-2019","item"
"2005","1998","Sticker-FalleN-Foil-Krakow-2017","item"
"2006","1999","Sticker-FalleN-Foil-London-2018","item"
"2007","2000","Sticker-FalleN-Foil-MLG-Columbus-2016","item"
"2008","2001","Sticker-FalleN-Gold-Berlin-2019","item"
"2009","2002","Sticker-FalleN-Gold-Boston-2018","item"
"2010","2003","Sticker-FalleN-Gold-Katowice-2019","item"
"2011","2004","Sticker-FalleN-Gold-Krakow-2017","item"
"2012","2005","Sticker-FalleN-Gold-London-2018","item"
"2013","2006","Sticker-FalleN-Atlanta-2017","item"
"2014","2007","Sticker-FalleN-Berlin-2019","item"
"2015","2008","Sticker-FalleN-Boston-2018","item"
"2016","2009","Sticker-FalleN-Cluj-Napoca-2015","item"
"2017","2010","Sticker-FalleN-Cologne-2015","item"
"2018","2011","Sticker-FalleN-Cologne-2016","item"
"2019","2012","Sticker-FalleN-Katowice-2019","item"
"2020","2013","Sticker-FalleN-Krakow-2017","item"
"2021","2014","Sticker-FalleN-London-2018","item"
"2022","2015","Sticker-FalleN-MLG-Columbus-2016","item"
"2023","2016","Sticker-Fancy-Koi","item"
"2024","2017","Sticker-Fancy-Koi-Foil","item"
"2025","2018","Sticker-Fearsome","item"
"2026","2019","Sticker-Fearsome-Holo","item"
"2027","2020","Sticker-Fight-like-a-Girl","item"
"2028","2021","Sticker-Fire-in-the-Hole-Holo","item"
"2029","2022","Sticker-Firestarter-Holo","item"
"2030","2023","Sticker-First-Blood","item"
"2031","2024","Sticker-First-Blood-Holo","item"
"2032","2025","Sticker-Flammable-Foil","item"
"2033","2026","Sticker-Flash-Gaming-Foil-Boston-2018","item"
"2034","2027","Sticker-Flash-Gaming-Holo-Boston-2018","item"
"2035","2028","Sticker-Flash-Gaming-Boston-2018","item"
"2036","2029","Sticker-Flashbang","item"
"2037","2030","Sticker-Flickshot","item"
"2038","2031","Sticker-Flipsid3-Tactics-Foil-Atlanta-2017","item"
"2039","2032","Sticker-Flipsid3-Tactics-Foil-Boston-2018","item"
"2040","2033","Sticker-Flipsid3-Tactics-Foil-Cluj-Napoca-2015","item"
"2041","2034","Sticker-Flipsid3-Tactics-Foil-Cologne-2015","item"
"2042","2035","Sticker-Flipsid3-Tactics-Foil-Cologne-2016","item"
"2043","2036","Sticker-Flipsid3-Tactics-Foil-Katowice-2015","item"
"2044","2037","Sticker-Flipsid3-Tactics-Foil-Krakow-2017","item"
"2045","2038","Sticker-Flipsid3-Tactics-Foil-MLG-Columbus-2016","item"
"2046","2039","Sticker-Flipsid3-Tactics-Holo-Atlanta-2017","item"
"2047","2040","Sticker-Flipsid3-Tactics-Holo-Boston-2018","item"
"2048","2041","Sticker-Flipsid3-Tactics-Holo-Cologne-2016","item"
"2049","2042","Sticker-Flipsid3-Tactics-Holo-Katowice-2015","item"
"2050","2043","Sticker-Flipsid3-Tactics-Holo-Krakow-2017","item"
"2051","2044","Sticker-Flipsid3-Tactics-Holo-MLG-Columbus-2016","item"
"2052","2045","Sticker-Flipsid3-Tactics-Atlanta-2017","item"
"2053","2046","Sticker-Flipsid3-Tactics-Boston-2018","item"
"2054","2047","Sticker-Flipsid3-Tactics-Cluj-Napoca-2015","item"
"2055","2048","Sticker-Flipsid3-Tactics-Cologne-2015","item"
"2056","2049","Sticker-Flipsid3-Tactics-Cologne-2016","item"
"2057","2050","Sticker-Flipsid3-Tactics-DreamHack-2014","item"
"2058","2051","Sticker-Flipsid3-Tactics-Katowice-2015","item"
"2059","2052","Sticker-Flipsid3-Tactics-Krakow-2017","item"
"2060","2053","Sticker-Flipsid3-Tactics-MLG-Columbus-2016","item"
"2061","2054","Sticker-Fnatic-Foil-2020-RMR","item"
"2062","2055","Sticker-Fnatic-Foil-Atlanta-2017","item"
"2063","2056","Sticker-Fnatic-Foil-Boston-2018","item"
"2064","2057","Sticker-Fnatic-Foil-Cluj-Napoca-2015","item"
"2065","2058","Sticker-Fnatic-Foil-Cologne-2015","item"
"2066","2059","Sticker-Fnatic-Foil-Cologne-2016","item"
"2067","2060","Sticker-Fnatic-Foil-DreamHack-2014","item"
"2068","2061","Sticker-Fnatic-Foil-Katowice-2015","item"
"2069","2062","Sticker-Fnatic-Foil-Katowice-2019","item"
"2070","2063","Sticker-Fnatic-Foil-Krakow-2017","item"
"2071","2064","Sticker-Fnatic-Foil-London-2018","item"
"2072","2065","Sticker-Fnatic-Foil-MLG-Columbus-2016","item"
"2073","2066","Sticker-Fnatic-Gold-2020-RMR","item"
"2074","2067","Sticker-Fnatic-Holo-2020-RMR","item"
"2075","2068","Sticker-Fnatic-Holo-Atlanta-2017","item"
"2076","2069","Sticker-Fnatic-Holo-Boston-2018","item"
"2077","2070","Sticker-Fnatic-Holo-Cologne-2014","item"
"2078","2071","Sticker-Fnatic-Holo-Cologne-2016","item"
"2079","2072","Sticker-Fnatic-Holo-DreamHack-2014","item"
"2080","2073","Sticker-Fnatic-Holo-Katowice-2014","item"
"2081","2074","Sticker-Fnatic-Holo-Katowice-2015","item"
"2082","2075","Sticker-Fnatic-Holo-Katowice-2019","item"
"2083","2076","Sticker-Fnatic-Holo-Krakow-2017","item"
"2084","2077","Sticker-Fnatic-Holo-London-2018","item"
"2085","2078","Sticker-Fnatic-Holo-MLG-Columbus-2016","item"
"2086","2079","Sticker-Fnatic-2020-RMR","item"
"2087","2080","Sticker-Fnatic-Atlanta-2017","item"
"2088","2081","Sticker-Fnatic-Boston-2018","item"
"2089","2082","Sticker-Fnatic-Cluj-Napoca-2015","item"
"2090","2083","Sticker-Fnatic-Cologne-2014","item"
"2091","2084","Sticker-Fnatic-Cologne-2015","item"
"2092","2085","Sticker-Fnatic-Cologne-2016","item"
"2093","2086","Sticker-Fnatic-DreamHack-2014","item"
"2094","2087","Sticker-Fnatic-Katowice-2014","item"
"2095","2088","Sticker-Fnatic-Katowice-2015","item"
"2096","2089","Sticker-Fnatic-Katowice-2019","item"
"2097","2090","Sticker-Fnatic-Krakow-2017","item"
"2098","2091","Sticker-Fnatic-London-2018","item"
"2099","2092","Sticker-Fnatic-MLG-Columbus-2016","item"
"2100","2093","Sticker-Forester-Foil-Berlin-2019","item"
"2101","2094","Sticker-Forester-Gold-Berlin-2019","item"
"2102","2095","Sticker-Forester-Berlin-2019","item"
"2103","2096","Sticker-Fowl-Play","item"
"2104","2097","Sticker-Fowl-Play-Holo","item"
"2105","2098","Sticker-Free-Hugs","item"
"2106","2099","Sticker-Free-Hugs-Holo","item"
"2107","2100","Sticker-Freeman-Foil-Berlin-2019","item"
"2108","2101","Sticker-Freeman-Foil-Katowice-2019","item"
"2109","2102","Sticker-Freeman-Gold-Berlin-2019","item"
"2110","2103","Sticker-Freeman-Gold-Katowice-2019","item"
"2111","2104","Sticker-Freeman-Berlin-2019","item"
"2112","2105","Sticker-Freeman-Katowice-2019","item"
"2113","2106","Sticker-Friend-Code","item"
"2114","2107","Sticker-Friendly-Fire","item"
"2115","2108","Sticker-Friendly-Fire-Holo","item"
"2116","2109","Sticker-FugLy-Foil-Cluj-Napoca-2015","item"
"2117","2110","Sticker-FugLy-Foil-Katowice-2019","item"
"2118","2111","Sticker-FugLy-Foil-MLG-Columbus-2016","item"
"2119","2112","Sticker-FugLy-Gold-Katowice-2019","item"
"2120","2113","Sticker-FugLy-Cluj-Napoca-2015","item"
"2121","2114","Sticker-FugLy-Katowice-2019","item"
"2122","2115","Sticker-FugLy-MLG-Columbus-2016","item"
"2123","2116","Sticker-Full-Buy","item"
"2124","2117","Sticker-Furlan-Foil-Cluj-Napoca-2015","item"
"2125","2118","Sticker-Furlan-Foil-Cologne-2015","item"
"2126","2119","Sticker-Furlan-Cluj-Napoca-2015","item"
"2127","2120","Sticker-Furlan-Cologne-2015","item"
"2128","2121","Sticker-G2-Foil-2020-RMR","item"
"2129","2122","Sticker-G2-Gold-2020-RMR","item"
"2130","2123","Sticker-G2-Holo-2020-RMR","item"
"2131","2124","Sticker-G2-Esports-Foil-Atlanta-2017","item"
"2132","2125","Sticker-G2-Esports-Foil-Berlin-2019","item"
"2133","2126","Sticker-G2-Esports-Foil-Boston-2018","item"
"2134","2127","Sticker-G2-Esports-Foil-Cluj-Napoca-2015","item"
"2135","2128","Sticker-G2-Esports-Foil-Cologne-2016","item"
"2136","2129","Sticker-G2-Esports-Foil-Katowice-2019","item"
"2137","2130","Sticker-G2-Esports-Foil-Krakow-2017","item"
"2138","2131","Sticker-G2-Esports-Foil-London-2018","item"
"2139","2132","Sticker-G2-Esports-Foil-MLG-Columbus-2016","item"
"2140","2133","Sticker-G2-Esports-Holo-Atlanta-2017","item"
"2141","2134","Sticker-G2-Esports-Holo-Berlin-2019","item"
"2142","2135","Sticker-G2-Esports-Holo-Boston-2018","item"
"2143","2136","Sticker-G2-Esports-Holo-Cologne-2016","item"
"2144","2137","Sticker-G2-Esports-Holo-Katowice-2019","item"
"2145","2138","Sticker-G2-Esports-Holo-Krakow-2017","item"
"2146","2139","Sticker-G2-Esports-Holo-London-2018","item"
"2147","2140","Sticker-G2-Esports-Holo-MLG-Columbus-2016","item"
"2148","2141","Sticker-G2-Esports-Atlanta-2017","item"
"2149","2142","Sticker-G2-Esports-Berlin-2019","item"
"2150","2143","Sticker-G2-Esports-Boston-2018","item"
"2151","2144","Sticker-G2-Esports-Cluj-Napoca-2015","item"
"2152","2145","Sticker-G2-Esports-Cologne-2016","item"
"2153","2146","Sticker-G2-Esports-Katowice-2019","item"
"2154","2147","Sticker-G2-Esports-Krakow-2017","item"
"2155","2148","Sticker-G2-Esports-London-2018","item"
"2156","2149","Sticker-G2-Esports-MLG-Columbus-2016","item"
"2157","2150","Sticker-G2-2020-RMR","item"
"2158","2151","Sticker-GODSENT-Foil-2020-RMR","item"
"2159","2152","Sticker-GODSENT-Foil-Atlanta-2017","item"
"2160","2153","Sticker-GODSENT-Gold-2020-RMR","item"
"2161","2154","Sticker-GODSENT-Holo-2020-RMR","item"
"2162","2155","Sticker-GODSENT-Holo-Atlanta-2017","item"
"2163","2156","Sticker-GODSENT-2020-RMR","item"
"2164","2157","Sticker-GODSENT-Atlanta-2017","item"
"2165","2158","Sticker-Gambit-Foil-Krakow-2017","item"
"2166","2159","Sticker-Gambit-Holo-Krakow-2017","item"
"2167","2160","Sticker-Gambit-Esports-Foil-Boston-2018","item"
"2168","2161","Sticker-Gambit-Esports-Foil-London-2018","item"
"2169","2162","Sticker-Gambit-Esports-Holo-Boston-2018","item"
"2170","2163","Sticker-Gambit-Esports-Holo-London-2018","item"
"2171","2164","Sticker-Gambit-Esports-Boston-2018","item"
"2172","2165","Sticker-Gambit-Esports-London-2018","item"
"2173","2166","Sticker-Gambit-Gaming-Foil-Atlanta-2017","item"
"2174","2167","Sticker-Gambit-Gaming-Foil-Cologne-2016","item"
"2175","2168","Sticker-Gambit-Gaming-Foil-MLG-Columbus-2016","item"
"2176","2169","Sticker-Gambit-Gaming-Holo-Atlanta-2017","item"
"2177","2170","Sticker-Gambit-Gaming-Holo-Cologne-2016","item"
"2178","2171","Sticker-Gambit-Gaming-Holo-MLG-Columbus-2016","item"
"2179","2172","Sticker-Gambit-Gaming-Atlanta-2017","item"
"2180","2173","Sticker-Gambit-Gaming-Cologne-2016","item"
"2181","2174","Sticker-Gambit-Gaming-MLG-Columbus-2016","item"
"2182","2175","Sticker-Gambit-Krakow-2017","item"
"2183","2176","Sticker-GeT_RiGhT-Foil-Berlin-2019","item"
"2184","2177","Sticker-GeT_RiGhT-Foil-Cluj-Napoca-2015","item"
"2185","2178","Sticker-GeT_RiGhT-Foil-Cologne-2015","item"
"2186","2179","Sticker-GeT_RiGhT-Foil-Cologne-2016","item"
"2187","2180","Sticker-GeT_RiGhT-Foil-Katowice-2019","item"
"2188","2181","Sticker-GeT_RiGhT-Foil-London-2018","item"
"2189","2182","Sticker-GeT_RiGhT-Foil-MLG-Columbus-2016","item"
"2190","2183","Sticker-GeT_RiGhT-Gold-Berlin-2019","item"
"2191","2184","Sticker-GeT_RiGhT-Gold-Katowice-2019","item"
"2192","2185","Sticker-GeT_RiGhT-Gold-London-2018","item"
"2193","2186","Sticker-GeT_RiGhT-Berlin-2019","item"
"2194","2187","Sticker-GeT_RiGhT-Cluj-Napoca-2015","item"
"2195","2188","Sticker-GeT_RiGhT-Cologne-2015","item"
"2196","2189","Sticker-GeT_RiGhT-Cologne-2016","item"
"2197","2190","Sticker-GeT_RiGhT-Katowice-2019","item"
"2198","2191","Sticker-GeT_RiGhT-London-2018","item"
"2199","2192","Sticker-GeT_RiGhT-MLG-Columbus-2016","item"
"2200","2193","Sticker-Gen.G-Foil-2020-RMR","item"
"2201","2194","Sticker-Gen.G-Gold-2020-RMR","item"
"2202","2195","Sticker-Gen.G-Holo-2020-RMR","item"
"2203","2196","Sticker-Gen.G-2020-RMR","item"
"2204","2197","Sticker-Global-Elite","item"
"2205","2198","Sticker-Global-Elite-Foil","item"
"2206","2199","Sticker-Gnome-Mercy","item"
"2207","2200","Sticker-God-of-Fortune","item"
"2208","2201","Sticker-Gold-Nova","item"
"2209","2202","Sticker-Gold-Nova-Holo","item"
"2210","2203","Sticker-Gold-Web","item"
"2211","2204","Sticker-Gold-Web-Foil","item"
"2212","2205","Sticker-Golden-Foil-Berlin-2019","item"
"2213","2206","Sticker-Golden-Foil-Boston-2018","item"
"2214","2207","Sticker-Golden-Foil-Katowice-2019","item"
"2215","2208","Sticker-Golden-Foil-London-2018","item"
"2216","2209","Sticker-Golden-Gold-Berlin-2019","item"
"2217","2210","Sticker-Golden-Gold-Boston-2018","item"
"2218","2211","Sticker-Golden-Gold-Katowice-2019","item"
"2219","2212","Sticker-Golden-Gold-London-2018","item"
"2220","2213","Sticker-Golden-Berlin-2019","item"
"2221","2214","Sticker-Golden-Boston-2018","item"
"2222","2215","Sticker-Golden-Katowice-2019","item"
"2223","2216","Sticker-Golden-London-2018","item"
"2224","2217","Sticker-Good-Game","item"
"2225","2218","Sticker-Good-Luck","item"
"2226","2219","Sticker-Gratisfaction-Foil-Berlin-2019","item"
"2227","2220","Sticker-Gratisfaction-Foil-Katowice-2019","item"
"2228","2221","Sticker-Gratisfaction-Gold-Berlin-2019","item"
"2229","2222","Sticker-Gratisfaction-Gold-Katowice-2019","item"
"2230","2223","Sticker-Gratisfaction-Berlin-2019","item"
"2231","2224","Sticker-Gratisfaction-Katowice-2019","item"
"2232","2225","Sticker-Grayhound-Gaming-Foil-Berlin-2019","item"
"2233","2226","Sticker-Grayhound-Gaming-Foil-Katowice-2019","item"
"2234","2227","Sticker-Grayhound-Gaming-Holo-Berlin-2019","item"
"2235","2228","Sticker-Grayhound-Gaming-Holo-Katowice-2019","item"
"2236","2229","Sticker-Grayhound-Gaming-Berlin-2019","item"
"2237","2230","Sticker-Grayhound-Gaming-Katowice-2019","item"
"2238","2231","Sticker-Green-Swallow","item"
"2239","2232","Sticker-Greetings","item"
"2240","2233","Sticker-GruBy-Foil-Cluj-Napoca-2015","item"
"2241","2234","Sticker-GruBy-Foil-Cologne-2015","item"
"2242","2235","Sticker-GruBy-Cluj-Napoca-2015","item"
"2243","2236","Sticker-GruBy-Cologne-2015","item"
"2244","2237","Sticker-GuardiaN-Foil-Atlanta-2017","item"
"2245","2238","Sticker-GuardiaN-Foil-Berlin-2019","item"
"2246","2239","Sticker-GuardiaN-Foil-Boston-2018","item"
"2247","2240","Sticker-GuardiaN-Foil-Cluj-Napoca-2015","item"
"2248","2241","Sticker-GuardiaN-Foil-Cologne-2015","item"
"2249","2242","Sticker-GuardiaN-Foil-Cologne-2016","item"
"2250","2243","Sticker-GuardiaN-Foil-Katowice-2019","item"
"2251","2244","Sticker-GuardiaN-Foil-Krakow-2017","item"
"2252","2245","Sticker-GuardiaN-Foil-London-2018","item"
"2253","2246","Sticker-GuardiaN-Foil-MLG-Columbus-2016","item"
"2254","2247","Sticker-GuardiaN-Gold-Berlin-2019","item"
"2255","2248","Sticker-GuardiaN-Gold-Boston-2018","item"
"2256","2249","Sticker-GuardiaN-Gold-Katowice-2019","item"
"2257","2250","Sticker-GuardiaN-Gold-Krakow-2017","item"
"2258","2251","Sticker-GuardiaN-Gold-London-2018","item"
"2259","2252","Sticker-GuardiaN-Atlanta-2017","item"
"2260","2253","Sticker-GuardiaN-Berlin-2019","item"
"2261","2254","Sticker-GuardiaN-Boston-2018","item"
"2262","2255","Sticker-GuardiaN-Cluj-Napoca-2015","item"
"2263","2256","Sticker-GuardiaN-Cologne-2015","item"
"2264","2257","Sticker-GuardiaN-Cologne-2016","item"
"2265","2258","Sticker-GuardiaN-Katowice-2019","item"
"2266","2259","Sticker-GuardiaN-Krakow-2017","item"
"2267","2260","Sticker-GuardiaN-London-2018","item"
"2268","2261","Sticker-GuardiaN-MLG-Columbus-2016","item"
"2269","2262","Sticker-Guardian-Dragon","item"
"2270","2263","Sticker-Guardian-Dragon-Foil","item"
"2271","2264","Sticker-Guinea-Pig-Holo","item"
"2272","2265","Sticker-HEN1-Foil-Boston-2018","item"
"2273","2266","Sticker-HEN1-Foil-Krakow-2017","item"
"2274","2267","Sticker-HEN1-Gold-Boston-2018","item"
"2275","2268","Sticker-HEN1-Gold-Krakow-2017","item"
"2276","2269","Sticker-HEN1-Boston-2018","item"
"2277","2270","Sticker-HEN1-Krakow-2017","item"
"2278","2271","Sticker-HS-Foil-Krakow-2017","item"
"2279","2272","Sticker-HS-Gold-Krakow-2017","item"
"2280","2273","Sticker-HS-Krakow-2017","item"
"2281","2274","Sticker-Hamster-Hawk","item"
"2282","2275","Sticker-Happy-Foil-Atlanta-2017","item"
"2283","2276","Sticker-Happy-Foil-Boston-2018","item"
"2284","2277","Sticker-Happy-Foil-Cluj-Napoca-2015","item"
"2285","2278","Sticker-Happy-Foil-Cologne-2015","item"
"2286","2279","Sticker-Happy-Foil-Cologne-2016","item"
"2287","2280","Sticker-Happy-Foil-MLG-Columbus-2016","item"
"2288","2281","Sticker-Happy-Gold-Boston-2018","item"
"2289","2282","Sticker-Happy-Atlanta-2017","item"
"2290","2283","Sticker-Happy-Boston-2018","item"
"2291","2284","Sticker-Happy-Cluj-Napoca-2015","item"
"2292","2285","Sticker-Happy-Cologne-2015","item"
"2293","2286","Sticker-Happy-Cologne-2016","item"
"2294","2287","Sticker-Happy-MLG-Columbus-2016","item"
"2295","2288","Sticker-Hard-Cluck-Life","item"
"2296","2289","Sticker-Hard-Cluck-Life-Foil","item"
"2297","2290","Sticker-Hard-Cluck-Life-Holo","item"
"2300","2291","Sticker-Harp-of-War-Holo","item"
"2301","2292","Sticker-Have-Fun","item"
"2302","2293","Sticker-Havoc-Foil-Cologne-2015","item"
"2303","2294","Sticker-Havoc-Cologne-2015","item"
"2304","2295","Sticker-Headhunter-Foil","item"
"2305","2296","Sticker-Headless-Chicken","item"
"2306","2297","Sticker-Heads-Up","item"
"2307","2298","Sticker-Headshot-Guarantee","item"
"2308","2299","Sticker-Health-Gold","item"
"2309","2300","Sticker-HellRaisers-Foil-Atlanta-2017","item"
"2310","2301","Sticker-HellRaisers-Foil-Berlin-2019","item"
"2311","2302","Sticker-HellRaisers-Foil-Katowice-2015","item"
"2312","2303","Sticker-HellRaisers-Foil-Katowice-2019","item"
"2313","2304","Sticker-HellRaisers-Foil-London-2018","item"
"2314","2305","Sticker-HellRaisers-Holo-Atlanta-2017","item"
"2315","2306","Sticker-HellRaisers-Holo-Berlin-2019","item"
"2316","2307","Sticker-HellRaisers-Holo-Cologne-2014","item"
"2317","2308","Sticker-HellRaisers-Holo-Katowice-2014","item"
"2318","2309","Sticker-HellRaisers-Holo-Katowice-2015","item"
"2319","2310","Sticker-HellRaisers-Holo-Katowice-2019","item"
"2320","2311","Sticker-HellRaisers-Holo-London-2018","item"
"2321","2312","Sticker-HellRaisers-Atlanta-2017","item"
"2322","2313","Sticker-HellRaisers-Berlin-2019","item"
"2323","2314","Sticker-HellRaisers-Cologne-2014","item"
"2324","2315","Sticker-HellRaisers-DreamHack-2014","item"
"2325","2316","Sticker-HellRaisers-Katowice-2014","item"
"2326","2317","Sticker-HellRaisers-Katowice-2015","item"
"2327","2318","Sticker-HellRaisers-Katowice-2019","item"
"2328","2319","Sticker-HellRaisers-London-2018","item"
"2329","2320","Sticker-Hello-AK-47","item"
"2330","2321","Sticker-Hello-AK-47-Gold","item"
"2331","2322","Sticker-Hello-AUG","item"
"2332","2323","Sticker-Hello-AUG-Gold","item"
"2333","2324","Sticker-Hello-AWP","item"
"2334","2325","Sticker-Hello-AWP-Gold","item"
"2335","2326","Sticker-Hello-CZ75-Auto","item"
"2336","2327","Sticker-Hello-CZ75-Auto-Gold","item"
"2337","2328","Sticker-Hello-FAMAS","item"
"2338","2329","Sticker-Hello-FAMAS-Gold","item"
"2339","2330","Sticker-Hello-Galil-AR","item"
"2340","2331","Sticker-Hello-Galil-AR-Gold","item"
"2341","2332","Sticker-Hello-M4A1-S","item"
"2342","2333","Sticker-Hello-M4A1-S-Gold","item"
"2343","2334","Sticker-Hello-M4A4","item"
"2344","2335","Sticker-Hello-M4A4-Gold","item"
"2345","2336","Sticker-Hello-MAC-10","item"
"2346","2337","Sticker-Hello-MAC-10-Gold","item"
"2347","2338","Sticker-Hello-MP7","item"
"2348","2339","Sticker-Hello-MP7-Gold","item"
"2349","2340","Sticker-Hello-MP9","item"
"2350","2341","Sticker-Hello-MP9-Gold","item"
"2351","2342","Sticker-Hello-P90","item"
"2352","2343","Sticker-Hello-P90-Gold","item"
"2353","2344","Sticker-Hello-PP-Bizon","item"
"2354","2345","Sticker-Hello-PP-Bizon-Gold","item"
"2355","2346","Sticker-Hello-SG-553","item"
"2356","2347","Sticker-Hello-SG-553-Gold","item"
"2357","2348","Sticker-Hello-UMP-45","item"
"2358","2349","Sticker-Hello-UMP-45-Gold","item"
"2359","2350","Sticker-Hello-XM1014","item"
"2360","2351","Sticker-Hello-XM1014-Gold","item"
"2361","2352","Sticker-Heresy","item"
"2362","2353","Sticker-Heresy-Holo","item"
"2363","2354","Sticker-Heroic-Foil-2020-RMR","item"
"2364","2355","Sticker-Heroic-Gold-2020-RMR","item"
"2365","2356","Sticker-Heroic-Holo-2020-RMR","item"
"2366","2357","Sticker-Heroic-2020-RMR","item"
"2367","2358","Sticker-Hiko-Foil-Atlanta-2017","item"
"2368","2359","Sticker-Hiko-Foil-Cluj-Napoca-2015","item"
"2369","2360","Sticker-Hiko-Foil-Cologne-2016","item"
"2370","2361","Sticker-Hiko-Foil-London-2018","item"
"2371","2362","Sticker-Hiko-Foil-MLG-Columbus-2016","item"
"2372","2363","Sticker-Hiko-Gold-London-2018","item"
"2373","2364","Sticker-Hiko-Atlanta-2017","item"
"2374","2365","Sticker-Hiko-Cluj-Napoca-2015","item"
"2375","2366","Sticker-Hiko-Cologne-2016","item"
"2376","2367","Sticker-Hiko-London-2018","item"
"2377","2368","Sticker-Hiko-MLG-Columbus-2016","item"
"2378","2369","Sticker-Hippocamp","item"
"2379","2370","Sticker-Hippocamp-Holo","item"
"2380","2371","Sticker-Ho-Ho-Ho","item"
"2381","2372","Sticker-Hobbit-Foil-Atlanta-2017","item"
"2382","2373","Sticker-Hobbit-Foil-Boston-2018","item"
"2383","2374","Sticker-Hobbit-Foil-Katowice-2019","item"
"2384","2375","Sticker-Hobbit-Foil-Krakow-2017","item"
"2385","2376","Sticker-Hobbit-Foil-London-2018","item"
"2386","2377","Sticker-Hobbit-Gold-Boston-2018","item"
"2387","2378","Sticker-Hobbit-Gold-Katowice-2019","item"
"2388","2379","Sticker-Hobbit-Gold-Krakow-2017","item"
"2389","2380","Sticker-Hobbit-Gold-London-2018","item"
"2390","2381","Sticker-Hobbit-Atlanta-2017","item"
"2391","2382","Sticker-Hobbit-Boston-2018","item"
"2392","2383","Sticker-Hobbit-Katowice-2019","item"
"2393","2384","Sticker-Hobbit-Krakow-2017","item"
"2394","2385","Sticker-Hobbit-London-2018","item"
"2395","2386","Sticker-Hostage-Rescue","item"
"2396","2387","Sticker-Hot-Wings","item"
"2397","2388","Sticker-Hot-Wings-Holo","item"
"2398","2389","Sticker-Hotpot","item"
"2399","2390","Sticker-Howling-Dawn","item"
"2400","2391","Sticker-Huaji","item"
"2401","2392","Sticker-Hyper-Foil-Cluj-Napoca-2015","item"
"2402","2393","Sticker-Hyper-Foil-Cologne-2015","item"
"2403","2394","Sticker-Hyper-Cluj-Napoca-2015","item"
"2404","2395","Sticker-Hyper-Cologne-2015","item"
"2405","2396","Sticker-I-Conquered","item"
"2406","2397","Sticker-IEM-Foil-Katowice-2019","item"
"2407","2398","Sticker-IEM-Holo-Katowice-2019","item"
"2408","2399","Sticker-IEM-Katowice-2019","item"
"2409","2400","Sticker-INTZ-E-SPORTS-CLUB-Foil-Berlin-2019","item"
"2410","2401","Sticker-INTZ-E-SPORTS-CLUB-Holo-Berlin-2019","item"
"2411","2402","Sticker-INTZ-E-SPORTS-CLUB-Berlin-2019","item"
"2412","2403","Sticker-ISSAA-Foil-Berlin-2019","item"
"2413","2404","Sticker-ISSAA-Foil-Katowice-2019","item"
"2414","2405","Sticker-ISSAA-Foil-London-2018","item"
"2415","2406","Sticker-ISSAA-Gold-Berlin-2019","item"
"2416","2407","Sticker-ISSAA-Gold-Katowice-2019","item"
"2417","2408","Sticker-ISSAA-Gold-London-2018","item"
"2418","2409","Sticker-ISSAA-Berlin-2019","item"
"2419","2410","Sticker-ISSAA-Katowice-2019","item"
"2420","2411","Sticker-ISSAA-London-2018","item"
"2421","2412","Sticker-Immortals-Foil-Krakow-2017","item"
"2422","2413","Sticker-Immortals-Holo-Krakow-2017","item"
"2423","2414","Sticker-Immortals-Krakow-2017","item"
"2424","2415","Sticker-Incineration","item"
"2425","2416","Sticker-Incineration-Holo","item"
"2426","2417","Sticker-Ivette","item"
"2427","2418","Sticker-Ivette-Holo","item"
"2429","2419","Sticker-JUGi-Foil-Berlin-2019","item"
"2430","2420","Sticker-JUGi-Foil-London-2018","item"
"2431","2421","Sticker-JUGi-Gold-Berlin-2019","item"
"2432","2422","Sticker-JUGi-Gold-London-2018","item"
"2433","2423","Sticker-JUGi-Berlin-2019","item"
"2434","2424","Sticker-JUGi-London-2018","item"
"2435","2425","Sticker-JW-Foil-Atlanta-2017","item"
"2436","2426","Sticker-JW-Foil-Boston-2018","item"
"2437","2427","Sticker-JW-Foil-Cluj-Napoca-2015","item"
"2438","2428","Sticker-JW-Foil-Cologne-2015","item"
"2439","2429","Sticker-JW-Foil-Cologne-2016","item"
"2440","2430","Sticker-JW-Foil-Katowice-2019","item"
"2441","2431","Sticker-JW-Foil-Krakow-2017","item"
"2442","2432","Sticker-JW-Foil-London-2018","item"
"2443","2433","Sticker-JW-Foil-MLG-Columbus-2016","item"
"2444","2434","Sticker-JW-Gold-Boston-2018","item"
"2445","2435","Sticker-JW-Gold-Katowice-2019","item"
"2446","2436","Sticker-JW-Gold-Krakow-2017","item"
"2447","2437","Sticker-JW-Gold-London-2018","item"
"2448","2438","Sticker-JW-Atlanta-2017","item"
"2449","2439","Sticker-JW-Boston-2018","item"
"2450","2440","Sticker-JW-Cluj-Napoca-2015","item"
"2451","2441","Sticker-JW-Cologne-2015","item"
"2452","2442","Sticker-JW-Cologne-2016","item"
"2453","2443","Sticker-JW-Katowice-2019","item"
"2454","2444","Sticker-JW-Krakow-2017","item"
"2455","2445","Sticker-JW-London-2018","item"
"2456","2446","Sticker-JW-MLG-Columbus-2016","item"
"2457","2447","Sticker-JaCkz-Foil-Berlin-2019","item"
"2458","2448","Sticker-JaCkz-Foil-Katowice-2019","item"
"2459","2449","Sticker-JaCkz-Gold-Berlin-2019","item"
"2460","2450","Sticker-JaCkz-Gold-Katowice-2019","item"
"2461","2451","Sticker-JaCkz-Berlin-2019","item"
"2462","2452","Sticker-JaCkz-Katowice-2019","item"
"2463","2453","Sticker-Jack","item"
"2464","2454","Sticker-Jack-Holo","item"
"2465","2455","Sticker-Jame-Foil-Berlin-2019","item"
"2466","2456","Sticker-Jame-Foil-Boston-2018","item"
"2467","2457","Sticker-Jame-Foil-Katowice-2019","item"
"2468","2458","Sticker-Jame-Gold-Berlin-2019","item"
"2469","2459","Sticker-Jame-Gold-Boston-2018","item"
"2470","2460","Sticker-Jame-Gold-Katowice-2019","item"
"2471","2461","Sticker-Jame-Berlin-2019","item"
"2472","2462","Sticker-Jame-Boston-2018","item"
"2473","2463","Sticker-Jame-Katowice-2019","item"
"2474","2464","Sticker-James-Foil-Cologne-2015","item"
"2475","2465","Sticker-James-Cologne-2015","item"
"2476","2466","Sticker-Jerry-Foil-Berlin-2019","item"
"2477","2467","Sticker-Jerry-Gold-Berlin-2019","item"
"2478","2468","Sticker-Jerry-Berlin-2019","item"
"2479","2469","Sticker-Joan","item"
"2480","2470","Sticker-Joan-Holo","item"
"2481","2471","Sticker-Just-Trolling","item"
"2482","2472","Sticker-KRIMZ-Foil-Atlanta-2017","item"
"2483","2473","Sticker-KRIMZ-Foil-Boston-2018","item"
"2484","2474","Sticker-KRIMZ-Foil-Cluj-Napoca-2015","item"
"2485","2475","Sticker-KRIMZ-Foil-Cologne-2015","item"
"2486","2476","Sticker-KRIMZ-Foil-Cologne-2016","item"
"2487","2477","Sticker-KRIMZ-Foil-Katowice-2019","item"
"2488","2478","Sticker-KRIMZ-Foil-Krakow-2017","item"
"2489","2479","Sticker-KRIMZ-Foil-London-2018","item"
"2490","2480","Sticker-KRIMZ-Foil-MLG-Columbus-2016","item"
"2491","2481","Sticker-KRIMZ-Gold-Boston-2018","item"
"2492","2482","Sticker-KRIMZ-Gold-Katowice-2019","item"
"2493","2483","Sticker-KRIMZ-Gold-Krakow-2017","item"
"2494","2484","Sticker-KRIMZ-Gold-London-2018","item"
"2495","2485","Sticker-KRIMZ-Atlanta-2017","item"
"2496","2486","Sticker-KRIMZ-Boston-2018","item"
"2497","2487","Sticker-KRIMZ-Cluj-Napoca-2015","item"
"2498","2488","Sticker-KRIMZ-Cologne-2015","item"
"2499","2489","Sticker-KRIMZ-Cologne-2016","item"
"2500","2490","Sticker-KRIMZ-Katowice-2019","item"
"2501","2491","Sticker-KRIMZ-Krakow-2017","item"
"2502","2492","Sticker-KRIMZ-London-2018","item"
"2503","2493","Sticker-KRIMZ-MLG-Columbus-2016","item"
"2504","2494","Sticker-KSCERATO-Foil-Berlin-2019","item"
"2505","2495","Sticker-KSCERATO-Foil-Katowice-2019","item"
"2506","2496","Sticker-KSCERATO-Gold-Berlin-2019","item"
"2507","2497","Sticker-KSCERATO-Gold-Katowice-2019","item"
"2508","2498","Sticker-KSCERATO-Berlin-2019","item"
"2509","2499","Sticker-KSCERATO-Katowice-2019","item"
"2510","2500","Sticker-Karsa-Foil-Boston-2018","item"
"2511","2501","Sticker-Karsa-Gold-Boston-2018","item"
"2512","2502","Sticker-Karsa-Boston-2018","item"
"2513","2503","Sticker-Kawaii-Killer-CT","item"
"2514","2504","Sticker-Kawaii-Killer-Terrorist","item"
"2515","2505","Sticker-Kaze-Foil-Boston-2018","item"
"2516","2506","Sticker-Kaze-Foil-Katowice-2019","item"
"2517","2507","Sticker-Kaze-Gold-Boston-2018","item"
"2518","2508","Sticker-Kaze-Gold-Katowice-2019","item"
"2519","2509","Sticker-Kaze-Boston-2018","item"
"2520","2510","Sticker-Kaze-Katowice-2019","item"
"2521","2511","Sticker-Keoz-Foil-Berlin-2019","item"
"2522","2512","Sticker-Keoz-Gold-Berlin-2019","item"
"2523","2513","Sticker-Keoz-Berlin-2019","item"
"2524","2514","Sticker-Keyd-Stars-Foil-Katowice-2015","item"
"2525","2515","Sticker-Keyd-Stars-Holo-Katowice-2015","item"
"2526","2516","Sticker-Keyd-Stars-Katowice-2015","item"
"2527","2517","Sticker-Killjoy","item"
"2528","2518","Sticker-Killjoy-Holo","item"
"2529","2519","Sticker-Kimberly","item"
"2530","2520","Sticker-Kimberly-Holo","item"
"2532","2521","Sticker-King-on-the-Field","item"
"2533","2522","Sticker-Kjaerbye-Foil-Atlanta-2017","item"
"2534","2523","Sticker-Kjaerbye-Foil-Berlin-2019","item"
"2535","2524","Sticker-Kjaerbye-Foil-Boston-2018","item"
"2536","2525","Sticker-Kjaerbye-Foil-Cluj-Napoca-2015","item"
"2537","2526","Sticker-Kjaerbye-Foil-Krakow-2017","item"
"2538","2527","Sticker-Kjaerbye-Foil-London-2018","item"
"2539","2528","Sticker-Kjaerbye-Gold-Berlin-2019","item"
"2540","2529","Sticker-Kjaerbye-Gold-Boston-2018","item"
"2541","2530","Sticker-Kjaerbye-Gold-Krakow-2017","item"
"2542","2531","Sticker-Kjaerbye-Gold-London-2018","item"
"2543","2532","Sticker-Kjaerbye-Atlanta-2017","item"
"2544","2533","Sticker-Kjaerbye-Berlin-2019","item"
"2545","2534","Sticker-Kjaerbye-Boston-2018","item"
"2546","2535","Sticker-Kjaerbye-Cluj-Napoca-2015","item"
"2547","2536","Sticker-Kjaerbye-Krakow-2017","item"
"2548","2537","Sticker-Kjaerbye-London-2018","item"
"2549","2538","Sticker-Knife-Club","item"
"2550","2539","Sticker-Krad-Foil-Berlin-2019","item"
"2551","2540","Sticker-Krad-Gold-Berlin-2019","item"
"2552","2541","Sticker-Krad-Berlin-2019","item"
"2553","2542","Sticker-KrizzeN-Foil-Boston-2018","item"
"2554","2543","Sticker-KrizzeN-Foil-Katowice-2019","item"
"2555","2544","Sticker-KrizzeN-Gold-Boston-2018","item"
"2556","2545","Sticker-KrizzeN-Gold-Katowice-2019","item"
"2557","2546","Sticker-KrizzeN-Boston-2018","item"
"2558","2547","Sticker-KrizzeN-Katowice-2019","item"
"2559","2548","Sticker-Kvik-Foil-Boston-2018","item"
"2560","2549","Sticker-Kvik-Foil-Katowice-2019","item"
"2561","2550","Sticker-Kvik-Foil-London-2018","item"
"2562","2551","Sticker-Kvik-Gold-Boston-2018","item"
"2563","2552","Sticker-Kvik-Gold-Katowice-2019","item"
"2564","2553","Sticker-Kvik-Gold-London-2018","item"
"2565","2554","Sticker-Kvik-Boston-2018","item"
"2566","2555","Sticker-Kvik-Katowice-2019","item"
"2567","2556","Sticker-Kvik-London-2018","item"
"2568","2557","Sticker-LEGIJA-Foil-Boston-2018","item"
"2569","2558","Sticker-LEGIJA-Foil-Krakow-2017","item"
"2570","2559","Sticker-LEGIJA-Gold-Boston-2018","item"
"2571","2560","Sticker-LEGIJA-Gold-Krakow-2017","item"
"2572","2561","Sticker-LEGIJA-Boston-2018","item"
"2573","2562","Sticker-LEGIJA-Krakow-2017","item"
"2574","2563","Sticker-LETN1-Foil-Berlin-2019","item"
"2575","2564","Sticker-LETN1-Gold-Berlin-2019","item"
"2576","2565","Sticker-LETN1-Berlin-2019","item"
"2577","2566","Sticker-LGB-eSports-Foil-Katowice-2015","item"
"2578","2567","Sticker-LGB-eSports-Holo-Katowice-2014","item"
"2579","2568","Sticker-LGB-eSports-Holo-Katowice-2015","item"
"2580","2569","Sticker-LGB-eSports-Katowice-2014","item"
"2581","2570","Sticker-LGB-eSports-Katowice-2015","item"
"2582","2571","Sticker-LUCAS1-Foil-Berlin-2019","item"
"2583","2572","Sticker-LUCAS1-Foil-Boston-2018","item"
"2584","2573","Sticker-LUCAS1-Foil-Krakow-2017","item"
"2585","2574","Sticker-LUCAS1-Gold-Berlin-2019","item"
"2586","2575","Sticker-LUCAS1-Gold-Boston-2018","item"
"2587","2576","Sticker-LUCAS1-Gold-Krakow-2017","item"
"2588","2577","Sticker-LUCAS1-Berlin-2019","item"
"2589","2578","Sticker-LUCAS1-Boston-2018","item"
"2590","2579","Sticker-LUCAS1-Krakow-2017","item"
"2591","2580","Sticker-Lambda","item"
"2592","2581","Sticker-Lambda-Holo","item"
"2593","2582","Sticker-Last-Vance","item"
"2594","2583","Sticker-Last-Vance-Gold","item"
"2595","2584","Sticker-Legendary","item"
"2596","2585","Sticker-Legendary-Foil","item"
"2597","2586","Sticker-Legendary-Eagle","item"
"2598","2587","Sticker-Legendary-Eagle-Holo","item"
"2599","2588","Sticker-Legendary-Eagle-Master","item"
"2600","2589","Sticker-Legendary-Eagle-Master-Holo","item"
"2601","2590","Sticker-Lekr0-Foil-Atlanta-2017","item"
"2602","2591","Sticker-Lekr0-Foil-Berlin-2019","item"
"2603","2592","Sticker-Lekr0-Foil-Boston-2018","item"
"2604","2593","Sticker-Lekr0-Foil-Katowice-2019","item"
"2605","2594","Sticker-Lekr0-Foil-London-2018","item"
"2606","2595","Sticker-Lekr0-Gold-Berlin-2019","item"
"2607","2596","Sticker-Lekr0-Gold-Boston-2018","item"
"2608","2597","Sticker-Lekr0-Gold-Katowice-2019","item"
"2609","2598","Sticker-Lekr0-Gold-London-2018","item"
"2610","2599","Sticker-Lekr0-Atlanta-2017","item"
"2611","2600","Sticker-Lekr0-Berlin-2019","item"
"2612","2601","Sticker-Lekr0-Boston-2018","item"
"2613","2602","Sticker-Lekr0-Katowice-2019","item"
"2614","2603","Sticker-Lekr0-London-2018","item"
"2615","2604","Sticker-Let's-Roll-oll","item"
"2616","2605","Sticker-Let's-Roll-oll-Holo","item"
"2617","2606","Sticker-Liazz-Foil-Berlin-2019","item"
"2618","2607","Sticker-Liazz-Foil-Katowice-2019","item"
"2619","2608","Sticker-Liazz-Gold-Berlin-2019","item"
"2620","2609","Sticker-Liazz-Gold-Katowice-2019","item"
"2621","2610","Sticker-Liazz-Berlin-2019","item"
"2622","2611","Sticker-Liazz-Katowice-2019","item"
"2623","2612","Sticker-Liquid-Foil-2020-RMR","item"
"2624","2613","Sticker-Liquid-Gold-2020-RMR","item"
"2625","2614","Sticker-Liquid-Holo-2020-RMR","item"
"2626","2615","Sticker-Liquid-2020-RMR","item"
"2627","2616","Sticker-Llama-Cannon","item"
"2628","2617","Sticker-London-Conspiracy-Holo-Cologne-2014","item"
"2629","2618","Sticker-London-Conspiracy-Cologne-2014","item"
"2630","2619","Sticker-Longevity","item"
"2631","2620","Sticker-Longevity-Foil","item"
"2632","2621","Sticker-Lord-of-Skulls-Holo","item"
"2633","2622","Sticker-LoveYY-Foil-Boston-2018","item"
"2634","2623","Sticker-LoveYY-Gold-Boston-2018","item"
"2635","2624","Sticker-LoveYY-Boston-2018","item"
"2636","2625","Sticker-Luck-Skill","item"
"2637","2626","Sticker-Luck-Skill-Foil","item"
"2638","2627","Sticker-Lucky-Foil-Berlin-2019","item"
"2639","2628","Sticker-Lucky-Foil-Katowice-2019","item"
"2640","2629","Sticker-Lucky-Gold-Berlin-2019","item"
"2641","2630","Sticker-Lucky-Gold-Katowice-2019","item"
"2642","2631","Sticker-Lucky-13","item"
"2643","2632","Sticker-Lucky-13-Foil","item"
"2644","2633","Sticker-Lucky-Cat-Foil","item"
"2645","2634","Sticker-Lucky-Berlin-2019","item"
"2646","2635","Sticker-Lucky-Katowice-2019","item"
"2647","2636","Sticker-Luminosity-Gaming-Foil-Cluj-Napoca-2015","item"
"2648","2637","Sticker-Luminosity-Gaming-Foil-Cologne-2015","item"
"2649","2638","Sticker-Luminosity-Gaming-Foil-MLG-Columbus-2016","item"
"2650","2639","Sticker-Luminosity-Gaming-Holo-MLG-Columbus-2016","item"
"2651","2640","Sticker-Luminosity-Gaming-Cluj-Napoca-2015","item"
"2652","2641","Sticker-Luminosity-Gaming-Cologne-2015","item"
"2653","2642","Sticker-Luminosity-Gaming-MLG-Columbus-2016","item"
"2654","2643","Sticker-Lurker","item"
"2655","2644","Sticker-Lurker-Foil","item"
"2656","2645","Sticker-MAJ3R-Foil-Boston-2018","item"
"2657","2646","Sticker-MAJ3R-Foil-London-2018","item"
"2658","2647","Sticker-MAJ3R-Gold-Boston-2018","item"
"2659","2648","Sticker-MAJ3R-Gold-London-2018","item"
"2660","2649","Sticker-MAJ3R-Boston-2018","item"
"2661","2650","Sticker-MAJ3R-London-2018","item"
"2662","2651","Sticker-MIBR-Foil-Berlin-2019","item"
"2663","2652","Sticker-MIBR-Foil-Katowice-2019","item"
"2664","2653","Sticker-MIBR-Foil-London-2018","item"
"2665","2654","Sticker-MIBR-Holo-Berlin-2019","item"
"2666","2655","Sticker-MIBR-Holo-Katowice-2019","item"
"2667","2656","Sticker-MIBR-Holo-London-2018","item"
"2668","2657","Sticker-MIBR-Berlin-2019","item"
"2669","2658","Sticker-MIBR-Katowice-2019","item"
"2670","2659","Sticker-MIBR-London-2018","item"
"2671","2660","Sticker-MICHU-Foil-London-2018","item"
"2672","2661","Sticker-MICHU-Gold-London-2018","item"
"2673","2662","Sticker-MICHU-London-2018","item"
"2674","2663","Sticker-MLG-Foil-MLG-Columbus-2016","item"
"2675","2664","Sticker-MLG-Holo-MLG-Columbus-2016","item"
"2676","2665","Sticker-MLG-MLG-Columbus-2016","item"
"2677","2666","Sticker-MSL-Foil-Atlanta-2017","item"
"2678","2667","Sticker-MSL-Foil-Boston-2018","item"
"2679","2668","Sticker-MSL-Foil-Cluj-Napoca-2015","item"
"2680","2669","Sticker-MSL-Foil-Cologne-2016","item"
"2681","2670","Sticker-MSL-Foil-Krakow-2017","item"
"2682","2671","Sticker-MSL-Foil-London-2018","item"
"2683","2672","Sticker-MSL-Gold-Boston-2018","item"
"2684","2673","Sticker-MSL-Gold-Krakow-2017","item"
"2685","2674","Sticker-MSL-Gold-London-2018","item"
"2686","2675","Sticker-MSL-Atlanta-2017","item"
"2687","2676","Sticker-MSL-Boston-2018","item"
"2688","2677","Sticker-MSL-Cluj-Napoca-2015","item"
"2689","2678","Sticker-MSL-Cologne-2016","item"
"2690","2679","Sticker-MSL-Krakow-2017","item"
"2691","2680","Sticker-MSL-London-2018","item"
"2692","2681","Sticker-MTS-GameGod-Wolf-Holo-Cologne-2014","item"
"2693","2682","Sticker-MTS-GameGod-Wolf-Cologne-2014","item"
"2694","2683","Sticker-Magisk-Foil-Atlanta-2017","item"
"2695","2684","Sticker-Magisk-Foil-Berlin-2019","item"
"2696","2685","Sticker-Magisk-Foil-Katowice-2019","item"
"2697","2686","Sticker-Magisk-Foil-Krakow-2017","item"
"2698","2687","Sticker-Magisk-Foil-London-2018","item"
"2699","2688","Sticker-Magisk-Gold-Berlin-2019","item"
"2700","2689","Sticker-Magisk-Gold-Katowice-2019","item"
"2701","2690","Sticker-Magisk-Gold-Krakow-2017","item"
"2702","2691","Sticker-Magisk-Gold-London-2018","item"
"2703","2692","Sticker-Magisk-Atlanta-2017","item"
"2704","2693","Sticker-Magisk-Berlin-2019","item"
"2705","2694","Sticker-Magisk-Katowice-2019","item"
"2706","2695","Sticker-Magisk-Krakow-2017","item"
"2707","2696","Sticker-Magisk-London-2018","item"
"2708","2697","Sticker-Mahjong-Fa","item"
"2709","2698","Sticker-Mahjong-Rooster","item"
"2710","2699","Sticker-Mahjong-Zhong","item"
"2711","2700","Sticker-Maikelele-Foil-Cluj-Napoca-2015","item"
"2712","2701","Sticker-Maikelele-Foil-Cologne-2015","item"
"2713","2702","Sticker-Maikelele-Foil-MLG-Columbus-2016","item"
"2714","2703","Sticker-Maikelele-Cluj-Napoca-2015","item"
"2715","2704","Sticker-Maikelele-Cologne-2015","item"
"2716","2705","Sticker-Maikelele-MLG-Columbus-2016","item"
"2717","2706","Sticker-Maniac-Foil-Cologne-2015","item"
"2718","2707","Sticker-Maniac-Cologne-2015","item"
"2719","2708","Sticker-Manticore","item"
"2720","2709","Sticker-Manticore-Holo","item"
"2721","2710","Sticker-Martha","item"
"2722","2711","Sticker-Martha-Holo","item"
"2724","2712","Sticker-Massive-Pear","item"
"2725","2713","Sticker-Master-Guardian","item"
"2726","2714","Sticker-Master-Guardian-Holo","item"
"2727","2715","Sticker-Master-Guardian-Elite","item"
"2728","2716","Sticker-Master-Guardian-Elite-Holo","item"
"2729","2717","Sticker-Mastermind","item"
"2730","2718","Sticker-Mastermind-Holo","item"
"2731","2719","Sticker-Max","item"
"2732","2720","Sticker-Max-Holo","item"
"2733","2721","Sticker-Merietta","item"
"2734","2722","Sticker-Merietta-Holo","item"
"2736","2723","Sticker-Metal","item"
"2737","2724","Sticker-Misfits-Gaming-Foil-Boston-2018","item"
"2738","2725","Sticker-Misfits-Gaming-Holo-Boston-2018","item"
"2739","2726","Sticker-Misfits-Gaming-Boston-2018","item"
"2740","2727","Sticker-Mister-Chief","item"
"2741","2728","Sticker-Mondays","item"
"2742","2729","Sticker-Move-It","item"
"2743","2730","Sticker-Move-It-Foil","item"
"2744","2731","Sticker-Move-It-Holo","item"
"2747","2732","Sticker-My-Little-Friend","item"
"2748","2733","Sticker-My-Other-Awp","item"
"2749","2734","Sticker-NAF-Foil-Atlanta-2017","item"
"2750","2735","Sticker-NAF-Foil-Berlin-2019","item"
"2751","2736","Sticker-NAF-Foil-Boston-2018","item"
"2752","2737","Sticker-NAF-Foil-Cologne-2016","item"
"2753","2738","Sticker-NAF-Foil-Katowice-2019","item"
"2754","2739","Sticker-NAF-Foil-London-2018","item"
"2755","2740","Sticker-NAF-Gold-Berlin-2019","item"
"2756","2741","Sticker-NAF-Gold-Boston-2018","item"
"2757","2742","Sticker-NAF-Gold-Katowice-2019","item"
"2758","2743","Sticker-NAF-Gold-London-2018","item"
"2759","2744","Sticker-NAF-Atlanta-2017","item"
"2760","2745","Sticker-NAF-Berlin-2019","item"
"2761","2746","Sticker-NAF-Boston-2018","item"
"2762","2747","Sticker-NAF-Cologne-2016","item"
"2763","2748","Sticker-NAF-Katowice-2019","item"
"2764","2749","Sticker-NAF-London-2018","item"
"2765","2750","Sticker-NBK--Foil-Atlanta-2017","item"
"2766","2751","Sticker-NBK--Foil-Berlin-2019","item"
"2767","2752","Sticker-NBK--Foil-Boston-2018","item"
"2768","2753","Sticker-NBK--Foil-Cluj-Napoca-2015","item"
"2769","2754","Sticker-NBK--Foil-Cologne-2015","item"
"2770","2755","Sticker-NBK--Foil-Cologne-2016","item"
"2771","2756","Sticker-NBK--Foil-Katowice-2019","item"
"2772","2757","Sticker-NBK--Foil-Krakow-2017","item"
"2773","2758","Sticker-NBK--Foil-MLG-Columbus-2016","item"
"2774","2759","Sticker-NBK--Gold-Berlin-2019","item"
"2775","2760","Sticker-NBK--Gold-Boston-2018","item"
"2776","2761","Sticker-NBK--Gold-Katowice-2019","item"
"2777","2762","Sticker-NBK--Gold-Krakow-2017","item"
"2778","2763","Sticker-NBK--Atlanta-2017","item"
"2779","2764","Sticker-NBK--Berlin-2019","item"
"2780","2765","Sticker-NBK--Boston-2018","item"
"2781","2766","Sticker-NBK--Cluj-Napoca-2015","item"
"2782","2767","Sticker-NBK--Cologne-2015","item"
"2783","2768","Sticker-NBK--Cologne-2016","item"
"2784","2769","Sticker-NBK--Katowice-2019","item"
"2785","2770","Sticker-NBK--Krakow-2017","item"
"2786","2771","Sticker-NBK--MLG-Columbus-2016","item"
"2787","2772","Sticker-NEO-Foil-Atlanta-2017","item"
"2788","2773","Sticker-NEO-Foil-Berlin-2019","item"
"2789","2774","Sticker-NEO-Foil-Boston-2018","item"
"2790","2775","Sticker-NEO-Foil-Cluj-Napoca-2015","item"
"2791","2776","Sticker-NEO-Foil-Cologne-2015","item"
"2792","2777","Sticker-NEO-Foil-Cologne-2016","item"
"2793","2778","Sticker-NEO-Foil-Krakow-2017","item"
"2794","2779","Sticker-NEO-Foil-London-2018","item"
"2795","2780","Sticker-NEO-Foil-MLG-Columbus-2016","item"
"2796","2781","Sticker-NEO-Gold-Berlin-2019","item"
"2797","2782","Sticker-NEO-Gold-Boston-2018","item"
"2798","2783","Sticker-NEO-Gold-Krakow-2017","item"
"2799","2784","Sticker-NEO-Gold-London-2018","item"
"2800","2785","Sticker-NEO-Atlanta-2017","item"
"2801","2786","Sticker-NEO-Berlin-2019","item"
"2802","2787","Sticker-NEO-Boston-2018","item"
"2803","2788","Sticker-NEO-Cluj-Napoca-2015","item"
"2804","2789","Sticker-NEO-Cologne-2015","item"
"2805","2790","Sticker-NEO-Cologne-2016","item"
"2806","2791","Sticker-NEO-Krakow-2017","item"
"2807","2792","Sticker-NEO-London-2018","item"
"2808","2793","Sticker-NEO-MLG-Columbus-2016","item"
"2809","2794","Sticker-NRG-Foil-Berlin-2019","item"
"2810","2795","Sticker-NRG-Foil-Katowice-2019","item"
"2811","2796","Sticker-NRG-Holo-Berlin-2019","item"
"2812","2797","Sticker-NRG-Holo-Katowice-2019","item"
"2813","2798","Sticker-NRG-Berlin-2019","item"
"2814","2799","Sticker-NRG-Katowice-2019","item"
"2815","2800","Sticker-Natus-Vincere-Foil-2020-RMR","item"
"2816","2801","Sticker-Natus-Vincere-Foil-Atlanta-2017","item"
"2817","2802","Sticker-Natus-Vincere-Foil-Berlin-2019","item"
"2818","2803","Sticker-Natus-Vincere-Foil-Boston-2018","item"
"2819","2804","Sticker-Natus-Vincere-Foil-Cluj-Napoca-2015","item"
"2820","2805","Sticker-Natus-Vincere-Foil-Cologne-2015","item"
"2821","2806","Sticker-Natus-Vincere-Foil-Cologne-2016","item"
"2822","2807","Sticker-Natus-Vincere-Foil-DreamHack-2014","item"
"2823","2808","Sticker-Natus-Vincere-Foil-Katowice-2015","item"
"2824","2809","Sticker-Natus-Vincere-Foil-Katowice-2019","item"
"2825","2810","Sticker-Natus-Vincere-Foil-Krakow-2017","item"
"2826","2811","Sticker-Natus-Vincere-Foil-London-2018","item"
"2827","2812","Sticker-Natus-Vincere-Foil-MLG-Columbus-2016","item"
"2828","2813","Sticker-Natus-Vincere-Gold-2020-RMR","item"
"2829","2814","Sticker-Natus-Vincere-Holo-2020-RMR","item"
"2830","2815","Sticker-Natus-Vincere-Holo-Atlanta-2017","item"
"2831","2816","Sticker-Natus-Vincere-Holo-Berlin-2019","item"
"2832","2817","Sticker-Natus-Vincere-Holo-Boston-2018","item"
"2833","2818","Sticker-Natus-Vincere-Holo-Cologne-2014","item"
"2834","2819","Sticker-Natus-Vincere-Holo-Cologne-2016","item"
"2835","2820","Sticker-Natus-Vincere-Holo-DreamHack-2014","item"
"2836","2821","Sticker-Natus-Vincere-Holo-Katowice-2014","item"
"2837","2822","Sticker-Natus-Vincere-Holo-Katowice-2015","item"
"2838","2823","Sticker-Natus-Vincere-Holo-Katowice-2019","item"
"2839","2824","Sticker-Natus-Vincere-Holo-Krakow-2017","item"
"2840","2825","Sticker-Natus-Vincere-Holo-London-2018","item"
"2841","2826","Sticker-Natus-Vincere-Holo-MLG-Columbus-2016","item"
"2842","2827","Sticker-Natus-Vincere-2020-RMR","item"
"2843","2828","Sticker-Natus-Vincere-Atlanta-2017","item"
"2844","2829","Sticker-Natus-Vincere-Berlin-2019","item"
"2845","2830","Sticker-Natus-Vincere-Boston-2018","item"
"2846","2831","Sticker-Natus-Vincere-Cluj-Napoca-2015","item"
"2847","2832","Sticker-Natus-Vincere-Cologne-2014","item"
"2848","2833","Sticker-Natus-Vincere-Cologne-2015","item"
"2849","2834","Sticker-Natus-Vincere-Cologne-2016","item"
"2850","2835","Sticker-Natus-Vincere-DreamHack-2014","item"
"2851","2836","Sticker-Natus-Vincere-Katowice-2014","item"
"2852","2837","Sticker-Natus-Vincere-Katowice-2015","item"
"2853","2838","Sticker-Natus-Vincere-Katowice-2019","item"
"2854","2839","Sticker-Natus-Vincere-Krakow-2017","item"
"2855","2840","Sticker-Natus-Vincere-London-2018","item"
"2856","2841","Sticker-Natus-Vincere-MLG-Columbus-2016","item"
"2857","2842","Sticker-Necron","item"
"2858","2843","Sticker-Nelu-the-Bear","item"
"2859","2844","Sticker-Nemiga-Foil-2020-RMR","item"
"2860","2845","Sticker-Nemiga-Gold-2020-RMR","item"
"2861","2846","Sticker-Nemiga-Holo-2020-RMR","item"
"2862","2847","Sticker-Nemiga-2020-RMR","item"
"2863","2848","Sticker-Nest-Egg","item"
"2864","2849","Sticker-Nest-Egg-Holo","item"
"2865","2850","Sticker-New-Sheriff-Foil","item"
"2866","2851","Sticker-Nezha","item"
"2867","2852","Sticker-NiKo-Foil-Atlanta-2017","item"
"2868","2853","Sticker-NiKo-Foil-Berlin-2019","item"
"2869","2854","Sticker-NiKo-Foil-Boston-2018","item"
"2870","2855","Sticker-NiKo-Foil-Cluj-Napoca-2015","item"
"2871","2856","Sticker-NiKo-Foil-Cologne-2016","item"
"2872","2857","Sticker-NiKo-Foil-Katowice-2019","item"
"2873","2858","Sticker-NiKo-Foil-Krakow-2017","item"
"2874","2859","Sticker-NiKo-Foil-London-2018","item"
"2875","2860","Sticker-NiKo-Foil-MLG-Columbus-2016","item"
"2876","2861","Sticker-NiKo-Gold-Berlin-2019","item"
"2877","2862","Sticker-NiKo-Gold-Boston-2018","item"
"2878","2863","Sticker-NiKo-Gold-Katowice-2019","item"
"2879","2864","Sticker-NiKo-Gold-Krakow-2017","item"
"2880","2865","Sticker-NiKo-Gold-London-2018","item"
"2881","2866","Sticker-NiKo-Atlanta-2017","item"
"2882","2867","Sticker-NiKo-Berlin-2019","item"
"2883","2868","Sticker-NiKo-Boston-2018","item"
"2884","2869","Sticker-NiKo-Cluj-Napoca-2015","item"
"2885","2870","Sticker-NiKo-Cologne-2016","item"
"2886","2871","Sticker-NiKo-Katowice-2019","item"
"2887","2872","Sticker-NiKo-Krakow-2017","item"
"2888","2873","Sticker-NiKo-London-2018","item"
"2889","2874","Sticker-NiKo-MLG-Columbus-2016","item"
"2890","2875","Sticker-Nice-Shot","item"
"2891","2876","Sticker-Nifty-Foil-Boston-2018","item"
"2892","2877","Sticker-Nifty-Foil-London-2018","item"
"2893","2878","Sticker-Nifty-Gold-Boston-2018","item"
"2894","2879","Sticker-Nifty-Gold-London-2018","item"
"2895","2880","Sticker-Nifty-Boston-2018","item"
"2896","2881","Sticker-Nifty-London-2018","item"
"2897","2882","Sticker-Ninja-Defuse","item"
"2898","2883","Sticker-Ninjas-in-Pyjamas--Katowice-2015","item"
"2899","2884","Sticker-Ninjas-in-Pyjamas-Foil-2020-RMR","item"
"2900","2885","Sticker-Ninjas-in-Pyjamas-Foil-Berlin-2019","item"
"2901","2886","Sticker-Ninjas-in-Pyjamas-Foil-Cluj-Napoca-2015","item"
"2902","2887","Sticker-Ninjas-in-Pyjamas-Foil-Cologne-2015","item"
"2903","2888","Sticker-Ninjas-in-Pyjamas-Foil-Cologne-2016","item"
"2904","2889","Sticker-Ninjas-in-Pyjamas-Foil-DreamHack-2014","item"
"2905","2890","Sticker-Ninjas-in-Pyjamas-Foil-Katowice-2015","item"
"2906","2891","Sticker-Ninjas-in-Pyjamas-Foil-Katowice-2019","item"
"2907","2892","Sticker-Ninjas-in-Pyjamas-Foil-London-2018","item"
"2908","2893","Sticker-Ninjas-in-Pyjamas-Foil-MLG-Columbus-2016","item"
"2909","2894","Sticker-Ninjas-in-Pyjamas-Gold-2020-RMR","item"
"2910","2895","Sticker-Ninjas-in-Pyjamas-Holo-2020-RMR","item"
"2911","2896","Sticker-Ninjas-in-Pyjamas-Holo-Berlin-2019","item"
"2912","2897","Sticker-Ninjas-in-Pyjamas-Holo-Cologne-2014","item"
"2913","2898","Sticker-Ninjas-in-Pyjamas-Holo-Cologne-2016","item"
"2914","2899","Sticker-Ninjas-in-Pyjamas-Holo-DreamHack-2014","item"
"2915","2900","Sticker-Ninjas-in-Pyjamas-Holo-Katowice-2014","item"
"2916","2901","Sticker-Ninjas-in-Pyjamas-Holo-Katowice-2015","item"
"2917","2902","Sticker-Ninjas-in-Pyjamas-Holo-Katowice-2019","item"
"2918","2903","Sticker-Ninjas-in-Pyjamas-Holo-London-2018","item"
"2919","2904","Sticker-Ninjas-in-Pyjamas-Holo-MLG-Columbus-2016","item"
"2920","2905","Sticker-Ninjas-in-Pyjamas-2020-RMR","item"
"2921","2906","Sticker-Ninjas-in-Pyjamas-Berlin-2019","item"
"2922","2907","Sticker-Ninjas-in-Pyjamas-Cluj-Napoca-2015","item"
"2923","2908","Sticker-Ninjas-in-Pyjamas-Cologne-2014","item"
"2924","2909","Sticker-Ninjas-in-Pyjamas-Cologne-2015","item"
"2925","2910","Sticker-Ninjas-in-Pyjamas-Cologne-2016","item"
"2926","2911","Sticker-Ninjas-in-Pyjamas-DreamHack-2014","item"
"2927","2912","Sticker-Ninjas-in-Pyjamas-Katowice-2014","item"
"2928","2913","Sticker-Ninjas-in-Pyjamas-Katowice-2019","item"
"2929","2914","Sticker-Ninjas-in-Pyjamas-London-2018","item"
"2930","2915","Sticker-Ninjas-in-Pyjamas-MLG-Columbus-2016","item"
"2931","2916","Sticker-Noble","item"
"2932","2917","Sticker-Noble-Holo","item"
"2933","2918","Sticker-Non-Veg","item"
"2934","2919","Sticker-Noodles","item"
"2935","2920","Sticker-North-Foil-2020-RMR","item"
"2936","2921","Sticker-North-Foil-Atlanta-2017","item"
"2937","2922","Sticker-North-Foil-Berlin-2019","item"
"2938","2923","Sticker-North-Foil-Boston-2018","item"
"2939","2924","Sticker-North-Foil-Krakow-2017","item"
"2940","2925","Sticker-North-Foil-London-2018","item"
"2941","2926","Sticker-North-Gold-2020-RMR","item"
"2942","2927","Sticker-North-Holo-2020-RMR","item"
"2943","2928","Sticker-North-Holo-Atlanta-2017","item"
"2944","2929","Sticker-North-Holo-Berlin-2019","item"
"2945","2930","Sticker-North-Holo-Boston-2018","item"
"2946","2931","Sticker-North-Holo-Krakow-2017","item"
"2947","2932","Sticker-North-Holo-London-2018","item"
"2948","2933","Sticker-North-2020-RMR","item"
"2949","2934","Sticker-North-Atlanta-2017","item"
"2950","2935","Sticker-North-Berlin-2019","item"
"2951","2936","Sticker-North-Boston-2018","item"
"2952","2937","Sticker-North-Krakow-2017","item"
"2953","2938","Sticker-North-London-2018","item"
"2954","2939","Sticker-Nuke-Beast","item"
"2955","2940","Sticker-OG-Foil-2020-RMR","item"
"2956","2941","Sticker-OG-Gold-2020-RMR","item"
"2957","2942","Sticker-OG-Holo-2020-RMR","item"
"2958","2943","Sticker-OG-2020-RMR","item"
"2959","2944","Sticker-Obey-SAS","item"
"2960","2945","Sticker-One-Shot-One-Kill","item"
"2961","2946","Sticker-One-Sting","item"
"2962","2947","Sticker-One-Sting-Holo","item"
"2963","2948","Sticker-OpTic-Gaming-Foil-Atlanta-2017","item"
"2964","2949","Sticker-OpTic-Gaming-Foil-Cologne-2016","item"
"2965","2950","Sticker-OpTic-Gaming-Foil-London-2018","item"
"2966","2951","Sticker-OpTic-Gaming-Holo-Atlanta-2017","item"
"2967","2952","Sticker-OpTic-Gaming-Holo-Cologne-2016","item"
"2968","2953","Sticker-OpTic-Gaming-Holo-London-2018","item"
"2969","2954","Sticker-OpTic-Gaming-Atlanta-2017","item"
"2970","2955","Sticker-OpTic-Gaming-Cologne-2016","item"
"2971","2956","Sticker-OpTic-Gaming-London-2018","item"
"2972","2957","Sticker-Ork-Waaagh!","item"
"2973","2958","Sticker-PENTA-Sports--Katowice-2015","item"
"2974","2959","Sticker-PENTA-Sports-Foil-Katowice-2015","item"
"2975","2960","Sticker-PENTA-Sports-Foil-Krakow-2017","item"
"2976","2961","Sticker-PENTA-Sports-Holo-Katowice-2015","item"
"2977","2962","Sticker-PENTA-Sports-Holo-Krakow-2017","item"
"2978","2963","Sticker-PENTA-Sports-DreamHack-2014","item"
"2979","2964","Sticker-PENTA-Sports-Krakow-2017","item"
"2980","2965","Sticker-PGL-Foil-Krakow-2017","item"
"2981","2966","Sticker-PGL-Holo-Krakow-2017","item"
"2982","2967","Sticker-PGL-Krakow-2017","item"
"2983","2968","Sticker-Pandamonium","item"
"2984","2969","Sticker-Pegasus","item"
"2985","2970","Sticker-Pegasus-Holo","item"
"2986","2971","Sticker-Perfecto-Foil-Berlin-2019","item"
"2987","2972","Sticker-Perfecto-Gold-Berlin-2019","item"
"2988","2973","Sticker-Perfecto-Berlin-2019","item"
"2989","2974","Sticker-Perry","item"
"2990","2975","Sticker-Perry-Holo","item"
"2991","2976","Sticker-Phoenix-Foil","item"
"2992","2977","Sticker-Phoenix-Reborn","item"
"2993","2978","Sticker-Phoenix-Reborn-Foil","item"
"2994","2979","Sticker-Piece-Of-Cake","item"
"2995","2980","Sticker-Pigeon-Master","item"
"2996","2981","Sticker-Pimp-Foil-Atlanta-2017","item"
"2997","2982","Sticker-Pimp-Foil-Cluj-Napoca-2015","item"
"2998","2983","Sticker-Pimp-Atlanta-2017","item"
"2999","2984","Sticker-Pimp-Cluj-Napoca-2015","item"
"3000","2985","Sticker-Pixel-Avenger","item"
"3001","2986","Sticker-Pixiu","item"
"3002","2987","Sticker-Pixiu-Foil","item"
"3003","2988","Sticker-Planetkey-Dynamics-DreamHack-2014","item"
"3004","2989","Sticker-Pocket-BBQ","item"
"3005","2990","Sticker-Poorly-Drawn-Ava","item"
"3006","2991","Sticker-Poorly-Drawn-Ava-Holo","item"
"3007","2992","Sticker-Poorly-Drawn-Balkan","item"
"3008","2993","Sticker-Poorly-Drawn-Balkan-Holo","item"
"3009","2994","Sticker-Poorly-Drawn-Bloody-Darryl","item"
"3010","2995","Sticker-Poorly-Drawn-Bloody-Darryl-Holo","item"
"3011","2996","Sticker-Poorly-Drawn-Chicken","item"
"3012","2997","Sticker-Poorly-Drawn-Chicken-Holo","item"
"3013","2998","Sticker-Poorly-Drawn-FBI","item"
"3014","2999","Sticker-Poorly-Drawn-FBI-Holo","item"
"3015","3000","Sticker-Poorly-Drawn-IDF","item"
"3016","3001","Sticker-Poorly-Drawn-IDF-Holo","item"
"3017","3002","Sticker-Poorly-Drawn-Leet-Crew","item"
"3018","3003","Sticker-Poorly-Drawn-Leet-Crew-Holo","item"
"3019","3004","Sticker-Poorly-Drawn-Number-K","item"
"3020","3005","Sticker-Poorly-Drawn-Number-K-Holo","item"
"3021","3006","Sticker-Poorly-Drawn-SAS","item"
"3022","3007","Sticker-Poorly-Drawn-SAS-Holo","item"
"3023","3008","Sticker-Poorly-Drawn-Terrorist","item"
"3024","3009","Sticker-Poorly-Drawn-Terrorist-Holo","item"
"3025","3010","Sticker-Primaris-Keychain","item"
"3026","3011","Sticker-Professor_Chaos-Foil-MLG-Columbus-2016","item"
"3027","3012","Sticker-Professor_Chaos-MLG-Columbus-2016","item"
"3028","3013","Sticker-Pros-Don't-Fake","item"
"3029","3014","Sticker-Quantum-Bellator-Fire-Foil-Boston-2018","item"
"3030","3015","Sticker-Quantum-Bellator-Fire-Holo-Boston-2018","item"
"3031","3016","Sticker-Quantum-Bellator-Fire-Boston-2018","item"
"3032","3017","Sticker-Queen-Of-Pain","item"
"3033","3018","Sticker-REZ-Foil-Berlin-2019","item"
"3034","3019","Sticker-REZ-Foil-Katowice-2019","item"
"3035","3020","Sticker-REZ-Foil-London-2018","item"
"3036","3021","Sticker-REZ-Gold-Berlin-2019","item"
"3037","3022","Sticker-REZ-Gold-Katowice-2019","item"
"3038","3023","Sticker-REZ-Gold-London-2018","item"
"3039","3024","Sticker-REZ-Berlin-2019","item"
"3040","3025","Sticker-REZ-Katowice-2019","item"
"3041","3026","Sticker-REZ-London-2018","item"
"3042","3027","Sticker-RUBINO-Foil-Atlanta-2017","item"
"3043","3028","Sticker-RUBINO-Foil-Cologne-2016","item"
"3044","3029","Sticker-RUBINO-Atlanta-2017","item"
"3045","3030","Sticker-RUBINO-Cologne-2016","item"
"3046","3031","Sticker-RUSH-Foil-Atlanta-2017","item"
"3047","3032","Sticker-RUSH-Foil-Boston-2018","item"
"3048","3033","Sticker-RUSH-Foil-Cologne-2016","item"
"3049","3034","Sticker-RUSH-Foil-Katowice-2019","item"
"3050","3035","Sticker-RUSH-Foil-London-2018","item"
"3051","3036","Sticker-RUSH-Gold-Boston-2018","item"
"3052","3037","Sticker-RUSH-Gold-Katowice-2019","item"
"3053","3038","Sticker-RUSH-Gold-London-2018","item"
"3054","3039","Sticker-RUSH-Atlanta-2017","item"
"3055","3040","Sticker-RUSH-Boston-2018","item"
"3056","3041","Sticker-RUSH-Cologne-2016","item"
"3057","3042","Sticker-RUSH-Katowice-2019","item"
"3058","3043","Sticker-RUSH-London-2018","item"
"3059","3044","Sticker-Rage","item"
"3060","3045","Sticker-Ramz1kBO$$-Foil-Berlin-2019","item"
"3061","3046","Sticker-Ramz1kBO$$-Gold-Berlin-2019","item"
"3062","3047","Sticker-Ramz1kBO$$-Berlin-2019","item"
"3063","3048","Sticker-Reason-Gaming-Holo-Katowice-2014","item"
"3064","3049","Sticker-Reason-Gaming-Katowice-2014","item"
"3065","3050","Sticker-Rekt-Holo","item"
"3066","3051","Sticker-Renegades-Foil-2020-RMR","item"
"3067","3052","Sticker-Renegades-Foil-Berlin-2019","item"
"3068","3053","Sticker-Renegades-Foil-Boston-2018","item"
"3069","3054","Sticker-Renegades-Foil-Cologne-2015","item"
"3070","3055","Sticker-Renegades-Foil-Katowice-2019","item"
"3071","3056","Sticker-Renegades-Foil-London-2018","item"
"3072","3057","Sticker-Renegades-Gold-2020-RMR","item"
"3073","3058","Sticker-Renegades-Holo-2020-RMR","item"
"3074","3059","Sticker-Renegades-Holo-Berlin-2019","item"
"3075","3060","Sticker-Renegades-Holo-Boston-2018","item"
"3076","3061","Sticker-Renegades-Holo-Katowice-2019","item"
"3077","3062","Sticker-Renegades-Holo-London-2018","item"
"3078","3063","Sticker-Renegades-2020-RMR","item"
"3079","3064","Sticker-Renegades-Berlin-2019","item"
"3080","3065","Sticker-Renegades-Boston-2018","item"
"3081","3066","Sticker-Renegades-Cologne-2015","item"
"3082","3067","Sticker-Renegades-Katowice-2019","item"
"3083","3068","Sticker-Renegades-London-2018","item"
"3084","3069","Sticker-Repulsor","item"
"3085","3070","Sticker-Retake-Expert","item"
"3086","3071","Sticker-Retake-Expert-Holo","item"
"3087","3072","Sticker-Rice-Bomb","item"
"3088","3073","Sticker-Rickeh-Foil-Berlin-2019","item"
"3089","3074","Sticker-Rickeh-Foil-Cologne-2015","item"
"3090","3075","Sticker-Rickeh-Foil-Katowice-2019","item"
"3091","3076","Sticker-Rickeh-Foil-London-2018","item"
"3092","3077","Sticker-Rickeh-Gold-Berlin-2019","item"
"3093","3078","Sticker-Rickeh-Gold-Katowice-2019","item"
"3094","3079","Sticker-Rickeh-Gold-London-2018","item"
"3095","3080","Sticker-Rickeh-Berlin-2019","item"
"3096","3081","Sticker-Rickeh-Cologne-2015","item"
"3097","3082","Sticker-Rickeh-Katowice-2019","item"
"3098","3083","Sticker-Rickeh-London-2018","item"
"3099","3084","Sticker-Rising-Skull","item"
"3100","3085","Sticker-Robo","item"
"3101","3086","Sticker-Rogue-Foil-London-2018","item"
"3102","3087","Sticker-Rogue-Holo-London-2018","item"
"3103","3088","Sticker-Rogue-London-2018","item"
"3104","3089","Sticker-Roosty-Boosty","item"
"3105","3090","Sticker-Roosty-Boosty-Foil","item"
"3106","3091","Sticker-RpK-Foil-Atlanta-2017","item"
"3107","3092","Sticker-RpK-Foil-Berlin-2019","item"
"3108","3093","Sticker-RpK-Foil-Boston-2018","item"
"3109","3094","Sticker-RpK-Foil-Cluj-Napoca-2015","item"
"3110","3095","Sticker-RpK-Foil-Cologne-2015","item"
"3111","3096","Sticker-RpK-Foil-Cologne-2016","item"
"3112","3097","Sticker-RpK-Foil-Katowice-2019","item"
"3113","3098","Sticker-RpK-Foil-MLG-Columbus-2016","item"
"3114","3099","Sticker-RpK-Gold-Berlin-2019","item"
"3115","3100","Sticker-RpK-Gold-Boston-2018","item"
"3116","3101","Sticker-RpK-Gold-Katowice-2019","item"
"3117","3102","Sticker-RpK-Atlanta-2017","item"
"3118","3103","Sticker-RpK-Berlin-2019","item"
"3119","3104","Sticker-RpK-Boston-2018","item"
"3120","3105","Sticker-RpK-Cluj-Napoca-2015","item"
"3121","3106","Sticker-RpK-Cologne-2015","item"
"3122","3107","Sticker-RpK-Cologne-2016","item"
"3123","3108","Sticker-RpK-Katowice-2019","item"
"3124","3109","Sticker-RpK-MLG-Columbus-2016","item"
"3125","3110","Sticker-Rush-4x20-Holo","item"
"3126","3111","Sticker-S0tF1k-Foil-Katowice-2019","item"
"3127","3112","Sticker-S0tF1k-Foil-London-2018","item"
"3128","3113","Sticker-S0tF1k-Gold-Katowice-2019","item"
"3129","3114","Sticker-S0tF1k-Gold-London-2018","item"
"3130","3115","Sticker-S0tF1k-Katowice-2019","item"
"3131","3116","Sticker-S0tF1k-London-2018","item"
"3132","3117","Sticker-SANJI-Foil-Berlin-2019","item"
"3133","3118","Sticker-SANJI-Gold-Berlin-2019","item"
"3134","3119","Sticker-SANJI-Berlin-2019","item"
"3135","3120","Sticker-SAS-Chicken","item"
"3136","3121","Sticker-SIXER-Foil-Atlanta-2017","item"
"3137","3122","Sticker-SIXER-Foil-Boston-2018","item"
"3138","3123","Sticker-SIXER-Gold-Boston-2018","item"
"3139","3124","Sticker-SIXER-Atlanta-2017","item"
"3140","3125","Sticker-SIXER-Boston-2018","item"
"3141","3126","Sticker-SK-Gaming-Foil-Atlanta-2017","item"
"3142","3127","Sticker-SK-Gaming-Foil-Boston-2018","item"
"3143","3128","Sticker-SK-Gaming-Foil-Cologne-2016","item"
"3144","3129","Sticker-SK-Gaming-Foil-Krakow-2017","item"
"3145","3130","Sticker-SK-Gaming-Holo-Atlanta-2017","item"
"3146","3131","Sticker-SK-Gaming-Holo-Boston-2018","item"
"3147","3132","Sticker-SK-Gaming-Holo-Cologne-2016","item"
"3148","3133","Sticker-SK-Gaming-Holo-Krakow-2017","item"
"3149","3134","Sticker-SK-Gaming-Atlanta-2017","item"
"3150","3135","Sticker-SK-Gaming-Boston-2018","item"
"3151","3136","Sticker-SK-Gaming-Cologne-2016","item"
"3152","3137","Sticker-SK-Gaming-Krakow-2017","item"
"3153","3138","Sticker-SPUNJ-Foil-Cologne-2015","item"
"3154","3139","Sticker-SPUNJ-Cologne-2015","item"
"3155","3140","Sticker-STYKO-Foil-Atlanta-2017","item"
"3156","3141","Sticker-STYKO-Foil-Boston-2018","item"
"3157","3142","Sticker-STYKO-Foil-London-2018","item"
"3158","3143","Sticker-STYKO-Gold-Boston-2018","item"
"3159","3144","Sticker-STYKO-Gold-London-2018","item"
"3160","3145","Sticker-STYKO-Atlanta-2017","item"
"3161","3146","Sticker-STYKO-Boston-2018","item"
"3162","3147","Sticker-STYKO-London-2018","item"
"3163","3148","Sticker-Salute!","item"
"3164","3149","Sticker-Scavenger","item"
"3165","3150","Sticker-Scavenger-Holo","item"
"3166","3151","Sticker-ScreaM-Foil-Atlanta-2017","item"
"3167","3152","Sticker-ScreaM-Foil-Boston-2018","item"
"3168","3153","Sticker-ScreaM-Foil-Cluj-Napoca-2015","item"
"3169","3154","Sticker-ScreaM-Foil-Cologne-2015","item"
"3170","3155","Sticker-ScreaM-Foil-Cologne-2016","item"
"3171","3156","Sticker-ScreaM-Foil-MLG-Columbus-2016","item"
"3172","3157","Sticker-ScreaM-Gold-Boston-2018","item"
"3173","3158","Sticker-ScreaM-Atlanta-2017","item"
"3174","3159","Sticker-ScreaM-Boston-2018","item"
"3175","3160","Sticker-ScreaM-Cluj-Napoca-2015","item"
"3176","3161","Sticker-ScreaM-Cologne-2015","item"
"3177","3162","Sticker-ScreaM-Cologne-2016","item"
"3178","3163","Sticker-ScreaM-MLG-Columbus-2016","item"
"3179","3164","Sticker-Seek-&-Destroy","item"
"3180","3165","Sticker-Separate-Pixels","item"
"3181","3166","Sticker-ShahZaM-Foil-Berlin-2019","item"
"3182","3167","Sticker-ShahZaM-Foil-Boston-2018","item"
"3183","3168","Sticker-ShahZaM-Foil-Katowice-2019","item"
"3184","3169","Sticker-ShahZaM-Foil-London-2018","item"
"3185","3170","Sticker-ShahZaM-Gold-Berlin-2019","item"
"3186","3171","Sticker-ShahZaM-Gold-Boston-2018","item"
"3187","3172","Sticker-ShahZaM-Gold-Katowice-2019","item"
"3188","3173","Sticker-ShahZaM-Gold-London-2018","item"
"3189","3174","Sticker-ShahZaM-Berlin-2019","item"
"3190","3175","Sticker-ShahZaM-Boston-2018","item"
"3191","3176","Sticker-ShahZaM-Katowice-2019","item"
"3192","3177","Sticker-ShahZaM-London-2018","item"
"3193","3178","Sticker-Shaolin","item"
"3194","3179","Sticker-Shara-Foil-Cologne-2016","item"
"3195","3180","Sticker-Shara-Foil-MLG-Columbus-2016","item"
"3196","3181","Sticker-Shara-Cologne-2016","item"
"3197","3182","Sticker-Shara-MLG-Columbus-2016","item"
"3198","3183","Sticker-Shattered-Web","item"
"3199","3184","Sticker-Shave-Master","item"
"3200","3185","Sticker-Sherry","item"
"3201","3186","Sticker-Sherry-Holo","item"
"3203","3187","Sticker-Shooting-Star-Return","item"
"3204","3188","Sticker-SicK-Foil-Berlin-2019","item"
"3205","3189","Sticker-SicK-Foil-Boston-2018","item"
"3206","3190","Sticker-SicK-Foil-London-2018","item"
"3207","3191","Sticker-SicK-Gold-Berlin-2019","item"
"3208","3192","Sticker-SicK-Gold-Boston-2018","item"
"3209","3193","Sticker-SicK-Gold-London-2018","item"
"3210","3194","Sticker-SicK-Berlin-2019","item"
"3211","3195","Sticker-SicK-Boston-2018","item"
"3212","3196","Sticker-SicK-London-2018","item"
"3213","3197","Sticker-Sico-Foil-Berlin-2019","item"
"3214","3198","Sticker-Sico-Gold-Berlin-2019","item"
"3215","3199","Sticker-Sico-Berlin-2019","item"
"3216","3200","Sticker-Silent-Ninja","item"
"3217","3201","Sticker-Silent-Ninja-Foil","item"
"3218","3202","Sticker-Silver","item"
"3219","3203","Sticker-Silver-Foil","item"
"3220","3204","Sticker-Skadoodle-Foil-Boston-2018","item"
"3221","3205","Sticker-Skadoodle-Foil-Cluj-Napoca-2015","item"
"3222","3206","Sticker-Skadoodle-Foil-Cologne-2015","item"
"3223","3207","Sticker-Skadoodle-Foil-Krakow-2017","item"
"3224","3208","Sticker-Skadoodle-Foil-London-2018","item"
"3225","3209","Sticker-Skadoodle-Foil-MLG-Columbus-2016","item"
"3226","3210","Sticker-Skadoodle-Gold-Boston-2018","item"
"3227","3211","Sticker-Skadoodle-Gold-Krakow-2017","item"
"3228","3212","Sticker-Skadoodle-Gold-London-2018","item"
"3229","3213","Sticker-Skadoodle-Boston-2018","item"
"3230","3214","Sticker-Skadoodle-Cluj-Napoca-2015","item"
"3231","3215","Sticker-Skadoodle-Cologne-2015","item"
"3232","3216","Sticker-Skadoodle-Krakow-2017","item"
"3233","3217","Sticker-Skadoodle-London-2018","item"
"3234","3218","Sticker-Skadoodle-MLG-Columbus-2016","item"
"3235","3219","Sticker-Skull-Lil-Boney","item"
"3236","3220","Sticker-Skull-Troop","item"
"3237","3221","Sticker-Skulltorgeist","item"
"3238","3222","Sticker-Small-Arms","item"
"3239","3223","Sticker-Small-Arms-Holo","item"
"3240","3224","Sticker-SmithZz-Foil-Atlanta-2017","item"
"3241","3225","Sticker-SmithZz-Foil-Cluj-Napoca-2015","item"
"3242","3226","Sticker-SmithZz-Foil-Cologne-2015","item"
"3243","3227","Sticker-SmithZz-Foil-Cologne-2016","item"
"3244","3228","Sticker-SmithZz-Foil-London-2018","item"
"3245","3229","Sticker-SmithZz-Foil-MLG-Columbus-2016","item"
"3246","3230","Sticker-SmithZz-Gold-London-2018","item"
"3247","3231","Sticker-SmithZz-Atlanta-2017","item"
"3248","3232","Sticker-SmithZz-Cluj-Napoca-2015","item"
"3249","3233","Sticker-SmithZz-Cologne-2015","item"
"3250","3234","Sticker-SmithZz-Cologne-2016","item"
"3251","3235","Sticker-SmithZz-London-2018","item"
"3252","3236","Sticker-SmithZz-MLG-Columbus-2016","item"
"3253","3237","Sticker-Snappi-Foil-London-2018","item"
"3254","3238","Sticker-Snappi-Gold-London-2018","item"
"3255","3239","Sticker-Snappi-London-2018","item"
"3256","3240","Sticker-Snax-Foil-Atlanta-2017","item"
"3257","3241","Sticker-Snax-Foil-Boston-2018","item"
"3258","3242","Sticker-Snax-Foil-Cluj-Napoca-2015","item"
"3259","3243","Sticker-Snax-Foil-Cologne-2015","item"
"3260","3244","Sticker-Snax-Foil-Cologne-2016","item"
"3261","3245","Sticker-Snax-Foil-Krakow-2017","item"
"3262","3246","Sticker-Snax-Foil-London-2018","item"
"3263","3247","Sticker-Snax-Foil-MLG-Columbus-2016","item"
"3264","3248","Sticker-Snax-Gold-Boston-2018","item"
"3265","3249","Sticker-Snax-Gold-Krakow-2017","item"
"3266","3250","Sticker-Snax-Gold-London-2018","item"
"3267","3251","Sticker-Snax-Atlanta-2017","item"
"3268","3252","Sticker-Snax-Boston-2018","item"
"3269","3253","Sticker-Snax-Cluj-Napoca-2015","item"
"3270","3254","Sticker-Snax-Cologne-2015","item"
"3271","3255","Sticker-Snax-Cologne-2016","item"
"3272","3256","Sticker-Snax-Krakow-2017","item"
"3273","3257","Sticker-Snax-London-2018","item"
"3274","3258","Sticker-Snax-MLG-Columbus-2016","item"
"3275","3259","Sticker-Sneaky-Beaky-Like","item"
"3276","3260","Sticker-SnypeR-Foil-Cologne-2015","item"
"3277","3261","Sticker-SnypeR-Cologne-2015","item"
"3278","3262","Sticker-Space-Marine","item"
"3279","3263","Sticker-Space-Marine-Holo","item"
"3280","3264","Sticker-Space-Soldiers-Foil-Boston-2018","item"
"3281","3265","Sticker-Space-Soldiers-Foil-London-2018","item"
"3282","3266","Sticker-Space-Soldiers-Holo-Boston-2018","item"
"3283","3267","Sticker-Space-Soldiers-Holo-London-2018","item"
"3284","3268","Sticker-Space-Soldiers-Boston-2018","item"
"3285","3269","Sticker-Space-Soldiers-London-2018","item"
"3286","3270","Sticker-Spartan","item"
"3287","3271","Sticker-Sphinx","item"
"3288","3272","Sticker-Sphinx-Holo","item"
"3289","3273","Sticker-Spiidi-Foil-Atlanta-2017","item"
"3290","3274","Sticker-Spiidi-Foil-Boston-2018","item"
"3291","3275","Sticker-Spiidi-Foil-Cologne-2015","item"
"3292","3276","Sticker-Spiidi-Foil-Cologne-2016","item"
"3293","3277","Sticker-Spiidi-Foil-MLG-Columbus-2016","item"
"3294","3278","Sticker-Spiidi-Gold-Boston-2018","item"
"3295","3279","Sticker-Spiidi-Atlanta-2017","item"
"3296","3280","Sticker-Spiidi-Boston-2018","item"
"3297","3281","Sticker-Spiidi-Cologne-2015","item"
"3298","3282","Sticker-Spiidi-Cologne-2016","item"
"3299","3283","Sticker-Spiidi-MLG-Columbus-2016","item"
"3300","3284","Sticker-Spirit-Foil-2020-RMR","item"
"3301","3285","Sticker-Spirit-Gold-2020-RMR","item"
"3302","3286","Sticker-Spirit-Holo-2020-RMR","item"
"3303","3287","Sticker-Spirit-2020-RMR","item"
"3304","3288","Sticker-Splyce-Foil-MLG-Columbus-2016","item"
"3305","3289","Sticker-Splyce-Holo-MLG-Columbus-2016","item"
"3306","3290","Sticker-Splyce-MLG-Columbus-2016","item"
"3307","3291","Sticker-Sprout-Esports-Foil-Boston-2018","item"
"3308","3292","Sticker-Sprout-Esports-Holo-Boston-2018","item"
"3309","3293","Sticker-Sprout-Esports-Boston-2018","item"
"3310","3294","Sticker-Stalking-Prey","item"
"3311","3295","Sticker-Stan","item"
"3312","3296","Sticker-Stan-Holo","item"
"3313","3297","Sticker-StarLadder-Foil-Berlin-2019","item"
"3314","3298","Sticker-StarLadder-Holo-Berlin-2019","item"
"3315","3299","Sticker-StarLadder-Berlin-2019","item"
"3316","3300","Sticker-Stay-Frosty","item"
"3317","3301","Sticker-Stewie2K-Foil-Berlin-2019","item"
"3318","3302","Sticker-Stewie2K-Foil-Boston-2018","item"
"3319","3303","Sticker-Stewie2K-Foil-Katowice-2019","item"
"3320","3304","Sticker-Stewie2K-Foil-Krakow-2017","item"
"3321","3305","Sticker-Stewie2K-Foil-London-2018","item"
"3322","3306","Sticker-Stewie2K-Foil-MLG-Columbus-2016","item"
"3323","3307","Sticker-Stewie2K-Gold-Berlin-2019","item"
"3324","3308","Sticker-Stewie2K-Gold-Boston-2018","item"
"3325","3309","Sticker-Stewie2K-Gold-Katowice-2019","item"
"3326","3310","Sticker-Stewie2K-Gold-Krakow-2017","item"
"3327","3311","Sticker-Stewie2K-Gold-London-2018","item"
"3328","3312","Sticker-Stewie2K-Berlin-2019","item"
"3329","3313","Sticker-Stewie2K-Boston-2018","item"
"3330","3314","Sticker-Stewie2K-Katowice-2019","item"
"3331","3315","Sticker-Stewie2K-Krakow-2017","item"
"3332","3316","Sticker-Stewie2K-London-2018","item"
"3333","3317","Sticker-Stewie2K-MLG-Columbus-2016","item"
"3334","3318","Sticker-Stone-Scales","item"
"3335","3319","Sticker-Stone-Scales-Foil","item"
"3336","3320","Sticker-Stupid-Banana-Foil","item"
"3337","3321","Sticker-Summer-Foil-Berlin-2019","item"
"3338","3322","Sticker-Summer-Foil-Boston-2018","item"
"3339","3323","Sticker-Summer-Foil-Katowice-2019","item"
"3340","3324","Sticker-Summer-Gold-Berlin-2019","item"
"3341","3325","Sticker-Summer-Gold-Boston-2018","item"
"3342","3326","Sticker-Summer-Gold-Katowice-2019","item"
"3343","3327","Sticker-Summer-Berlin-2019","item"
"3344","3328","Sticker-Summer-Boston-2018","item"
"3345","3329","Sticker-Summer-Katowice-2019","item"
"3346","3330","Sticker-Support","item"
"3347","3331","Sticker-Supreme-Master-First-Class","item"
"3348","3332","Sticker-Supreme-Master-First-Class-Holo","item"
"3349","3333","Sticker-Surf's-Up","item"
"3350","3334","Sticker-Swag-Foil","item"
"3351","3335","Sticker-Syman-Gaming-Foil-Berlin-2019","item"
"3352","3336","Sticker-Syman-Gaming-Holo-Berlin-2019","item"
"3353","3337","Sticker-Syman-Gaming-Berlin-2019","item"
"3354","3338","Sticker-T-On-Cat","item"
"3355","3339","Sticker-T-Rekt","item"
"3356","3340","Sticker-TACO-Foil-Atlanta-2017","item"
"3357","3341","Sticker-TACO-Foil-Berlin-2019","item"
"3358","3342","Sticker-TACO-Foil-Boston-2018","item"
"3359","3343","Sticker-TACO-Foil-Cologne-2016","item"
"3360","3344","Sticker-TACO-Foil-Katowice-2019","item"
"3361","3345","Sticker-TACO-Foil-Krakow-2017","item"
"3362","3346","Sticker-TACO-Foil-London-2018","item"
"3363","3347","Sticker-TACO-Foil-MLG-Columbus-2016","item"
"3364","3348","Sticker-TACO-Gold-Berlin-2019","item"
"3365","3349","Sticker-TACO-Gold-Boston-2018","item"
"3366","3350","Sticker-TACO-Gold-Katowice-2019","item"
"3367","3351","Sticker-TACO-Gold-Krakow-2017","item"
"3368","3352","Sticker-TACO-Gold-London-2018","item"
"3369","3353","Sticker-TACO-Atlanta-2017","item"
"3370","3354","Sticker-TACO-Berlin-2019","item"
"3371","3355","Sticker-TACO-Boston-2018","item"
"3372","3356","Sticker-TACO-Cologne-2016","item"
"3373","3357","Sticker-TACO-Katowice-2019","item"
"3374","3358","Sticker-TACO-Krakow-2017","item"
"3375","3359","Sticker-TACO-London-2018","item"
"3376","3360","Sticker-TACO-MLG-Columbus-2016","item"
"3377","3361","Sticker-TENZKI-Foil-Cologne-2016","item"
"3378","3362","Sticker-TENZKI-Cologne-2016","item"
"3379","3363","Sticker-TSM-Kinguin-Foil-Katowice-2015","item"
"3380","3364","Sticker-TSM-Kinguin-Holo-Katowice-2015","item"
"3381","3365","Sticker-TSM-Kinguin-Katowice-2015","item"
"3382","3366","Sticker-TYLOO-Foil-2020-RMR","item"
"3383","3367","Sticker-TYLOO-Gold-2020-RMR","item"
"3384","3368","Sticker-TYLOO-Holo-2020-RMR","item"
"3385","3369","Sticker-TYLOO-2020-RMR","item"
"3386","3370","Sticker-TaZ-Foil-Atlanta-2017","item"
"3387","3371","Sticker-TaZ-Foil-Boston-2018","item"
"3388","3372","Sticker-TaZ-Foil-Cluj-Napoca-2015","item"
"3389","3373","Sticker-TaZ-Foil-Cologne-2015","item"
"3390","3374","Sticker-TaZ-Foil-Cologne-2016","item"
"3391","3375","Sticker-TaZ-Foil-Krakow-2017","item"
"3392","3376","Sticker-TaZ-Foil-MLG-Columbus-2016","item"
"3393","3377","Sticker-TaZ-Gold-Boston-2018","item"
"3394","3378","Sticker-TaZ-Gold-Krakow-2017","item"
"3395","3379","Sticker-TaZ-Atlanta-2017","item"
"3396","3380","Sticker-TaZ-Boston-2018","item"
"3397","3381","Sticker-TaZ-Cluj-Napoca-2015","item"
"3398","3382","Sticker-TaZ-Cologne-2015","item"
"3399","3383","Sticker-TaZ-Cologne-2016","item"
"3400","3384","Sticker-TaZ-Krakow-2017","item"
"3401","3385","Sticker-TaZ-MLG-Columbus-2016","item"
"3402","3386","Sticker-Tamara","item"
"3403","3387","Sticker-Tamara-Holo","item"
"3405","3388","Sticker-Team-Dignitas-Foil-Cluj-Napoca-2015","item"
"3406","3389","Sticker-Team-Dignitas-Foil-Cologne-2016","item"
"3407","3390","Sticker-Team-Dignitas-Foil-DreamHack-2014","item"
"3408","3391","Sticker-Team-Dignitas-Holo-Cologne-2014","item"
"3409","3392","Sticker-Team-Dignitas-Holo-Cologne-2016","item"
"3410","3393","Sticker-Team-Dignitas-Holo-DreamHack-2014","item"
"3411","3394","Sticker-Team-Dignitas-Holo-Katowice-2014","item"
"3412","3395","Sticker-Team-Dignitas-Cluj-Napoca-2015","item"
"3413","3396","Sticker-Team-Dignitas-Cologne-2014","item"
"3414","3397","Sticker-Team-Dignitas-Cologne-2016","item"
"3415","3398","Sticker-Team-Dignitas-DreamHack-2014","item"
"3416","3399","Sticker-Team-Dignitas-Katowice-2014","item"
"3417","3400","Sticker-Team-EnVyUs-Foil-Atlanta-2017","item"
"3418","3401","Sticker-Team-EnVyUs-Foil-Boston-2018","item"
"3419","3402","Sticker-Team-EnVyUs-Foil-Cluj-Napoca-2015","item"
"3420","3403","Sticker-Team-EnVyUs-Foil-Cologne-2015","item"
"3421","3404","Sticker-Team-EnVyUs-Foil-Cologne-2016","item"
"3422","3405","Sticker-Team-EnVyUs-Foil-Katowice-2015","item"
"3423","3406","Sticker-Team-EnVyUs-Foil-MLG-Columbus-2016","item"
"3424","3407","Sticker-Team-EnVyUs-Holo-Atlanta-2017","item"
"3425","3408","Sticker-Team-EnVyUs-Holo-Boston-2018","item"
"3426","3409","Sticker-Team-EnVyUs-Holo-Cologne-2016","item"
"3427","3410","Sticker-Team-EnVyUs-Holo-Katowice-2015","item"
"3428","3411","Sticker-Team-EnVyUs-Holo-MLG-Columbus-2016","item"
"3429","3412","Sticker-Team-EnVyUs-Atlanta-2017","item"
"3430","3413","Sticker-Team-EnVyUs-Boston-2018","item"
"3431","3414","Sticker-Team-EnVyUs-Cluj-Napoca-2015","item"
"3432","3415","Sticker-Team-EnVyUs-Cologne-2015","item"
"3433","3416","Sticker-Team-EnVyUs-Cologne-2016","item"
"3434","3417","Sticker-Team-EnVyUs-Katowice-2015","item"
"3435","3418","Sticker-Team-EnVyUs-MLG-Columbus-2016","item"
"3436","3419","Sticker-Team-Immunity-Foil-Cologne-2015","item"
"3437","3420","Sticker-Team-Immunity-Cologne-2015","item"
"3438","3421","Sticker-Team-Kinguin-Foil-Cologne-2015","item"
"3439","3422","Sticker-Team-Kinguin-Cologne-2015","item"
"3440","3423","Sticker-Team-LDLC.com-Holo-Cologne-2014","item"
"3441","3424","Sticker-Team-LDLC.com-Holo-Katowice-2014","item"
"3442","3425","Sticker-Team-LDLC.com-Cologne-2014","item"
"3443","3426","Sticker-Team-LDLC.com-DreamHack-2014","item"
"3444","3427","Sticker-Team-LDLC.com-Katowice-2014","item"
"3445","3428","Sticker-Team-Liquid-Foil-Atlanta-2017","item"
"3446","3429","Sticker-Team-Liquid-Foil-Berlin-2019","item"
"3447","3430","Sticker-Team-Liquid-Foil-Boston-2018","item"
"3448","3431","Sticker-Team-Liquid-Foil-Cluj-Napoca-2015","item"
"3449","3432","Sticker-Team-Liquid-Foil-Cologne-2016","item"
"3450","3433","Sticker-Team-Liquid-Foil-Katowice-2019","item"
"3451","3434","Sticker-Team-Liquid-Foil-London-2018","item"
"3452","3435","Sticker-Team-Liquid-Foil-MLG-Columbus-2016","item"
"3453","3436","Sticker-Team-Liquid-Holo-Atlanta-2017","item"
"3454","3437","Sticker-Team-Liquid-Holo-Berlin-2019","item"
"3455","3438","Sticker-Team-Liquid-Holo-Boston-2018","item"
"3456","3439","Sticker-Team-Liquid-Holo-Cologne-2016","item"
"3457","3440","Sticker-Team-Liquid-Holo-Katowice-2019","item"
"3458","3441","Sticker-Team-Liquid-Holo-London-2018","item"
"3459","3442","Sticker-Team-Liquid-Holo-MLG-Columbus-2016","item"
"3460","3443","Sticker-Team-Liquid-Atlanta-2017","item"
"3461","3444","Sticker-Team-Liquid-Berlin-2019","item"
"3462","3445","Sticker-Team-Liquid-Boston-2018","item"
"3463","3446","Sticker-Team-Liquid-Cluj-Napoca-2015","item"
"3464","3447","Sticker-Team-Liquid-Cologne-2016","item"
"3465","3448","Sticker-Team-Liquid-Katowice-2019","item"
"3466","3449","Sticker-Team-Liquid-London-2018","item"
"3467","3450","Sticker-Team-Liquid-MLG-Columbus-2016","item"
"3468","3451","Sticker-Team-SoloMid-Foil-Cluj-Napoca-2015","item"
"3469","3452","Sticker-Team-SoloMid-Foil-Cologne-2015","item"
"3470","3453","Sticker-Team-SoloMid-Cluj-Napoca-2015","item"
"3471","3454","Sticker-Team-SoloMid-Cologne-2015","item"
"3472","3455","Sticker-Team-Spirit-Foil-Katowice-2019","item"
"3473","3456","Sticker-Team-Spirit-Foil-London-2018","item"
"3474","3457","Sticker-Team-Spirit-Holo-Katowice-2019","item"
"3475","3458","Sticker-Team-Spirit-Holo-London-2018","item"
"3476","3459","Sticker-Team-Spirit-Katowice-2019","item"
"3477","3460","Sticker-Team-Spirit-London-2018","item"
"3478","3461","Sticker-Team-eBettle-Foil-Cologne-2015","item"
"3479","3462","Sticker-Team-eBettle-Cologne-2015","item"
"3480","3463","Sticker-Teamwork-Holo","item"
"3481","3464","Sticker-Temperance","item"
"3482","3465","Sticker-Terror-Rice","item"
"3483","3466","Sticker-Terrorist-Tech","item"
"3484","3467","Sticker-Terrorized","item"
"3485","3468","Sticker-The-'Nader","item"
"3486","3469","Sticker-The-Awper","item"
"3487","3470","Sticker-The-Baiter","item"
"3488","3471","Sticker-The-Bomber","item"
"3489","3472","Sticker-The-Bot","item"
"3490","3473","Sticker-The-Fragger","item"
"3491","3474","Sticker-The-Guru","item"
"3492","3475","Sticker-The-Leader","item"
"3493","3476","Sticker-The-Lurker","item"
"3494","3477","Sticker-The-Ninja","item"
"3495","3478","Sticker-The-Pro-Foil","item"
"3497","3479","Sticker-The-Samurai","item"
"3498","3480","Sticker-The-Spartan","item"
"3499","3481","Sticker-The-Zombie","item"
"3500","3482","Sticker-Thug-Life","item"
"3501","3483","Sticker-Till-Death-Do-Us-Part","item"
"3502","3484","Sticker-Titan-Foil-Cluj-Napoca-2015","item"
"3503","3485","Sticker-Titan-Foil-Cologne-2015","item"
"3504","3486","Sticker-Titan-Foil-Katowice-2015","item"
"3505","3487","Sticker-Titan-Holo-Cologne-2014","item"
"3506","3488","Sticker-Titan-Holo-Katowice-2014","item"
"3507","3489","Sticker-Titan-Holo-Katowice-2015","item"
"3508","3490","Sticker-Titan-Cluj-Napoca-2015","item"
"3509","3491","Sticker-Titan-Cologne-2014","item"
"3510","3492","Sticker-Titan-Cologne-2015","item"
"3511","3493","Sticker-Titan-Katowice-2014","item"
"3512","3494","Sticker-Titan-Katowice-2015","item"
"3513","3495","Sticker-To-B-or-not-to-B","item"
"3514","3496","Sticker-Too-Late","item"
"3515","3497","Sticker-Too-Old-for-This","item"
"3516","3498","Sticker-Toxic","item"
"3517","3499","Sticker-Toxic-Foil","item"
"3518","3500","Sticker-Toy-Tiger","item"
"3519","3501","Sticker-Trick-Or-Threat","item"
"3520","3502","Sticker-Trick-Or-Treat","item"
"3521","3503","Sticker-Twin-Koi","item"
"3522","3504","Sticker-Twin-Koi-Holo","item"
"3523","3505","Sticker-Twistzz-Foil-Berlin-2019","item"
"3524","3506","Sticker-Twistzz-Foil-Boston-2018","item"
"3525","3507","Sticker-Twistzz-Foil-Katowice-2019","item"
"3526","3508","Sticker-Twistzz-Foil-London-2018","item"
"3527","3509","Sticker-Twistzz-Gold-Berlin-2019","item"
"3528","3510","Sticker-Twistzz-Gold-Boston-2018","item"
"3529","3511","Sticker-Twistzz-Gold-Katowice-2019","item"
"3530","3512","Sticker-Twistzz-Gold-London-2018","item"
"3531","3513","Sticker-Twistzz-Berlin-2019","item"
"3532","3514","Sticker-Twistzz-Boston-2018","item"
"3533","3515","Sticker-Twistzz-Katowice-2019","item"
"3534","3516","Sticker-Twistzz-London-2018","item"
"3535","3517","Sticker-Tyloo-Foil-Berlin-2019","item"
"3536","3518","Sticker-Tyloo-Foil-Boston-2018","item"
"3537","3519","Sticker-Tyloo-Foil-Katowice-2019","item"
"3538","3520","Sticker-Tyloo-Foil-London-2018","item"
"3539","3521","Sticker-Tyloo-Holo-Berlin-2019","item"
"3540","3522","Sticker-Tyloo-Holo-Boston-2018","item"
"3541","3523","Sticker-Tyloo-Holo-Katowice-2019","item"
"3542","3524","Sticker-Tyloo-Holo-London-2018","item"
"3543","3525","Sticker-Tyloo-Berlin-2019","item"
"3544","3526","Sticker-Tyloo-Boston-2018","item"
"3545","3527","Sticker-Tyloo-Katowice-2019","item"
"3546","3528","Sticker-Tyloo-London-2018","item"
"3547","3529","Sticker-Tyranids-Hive-Tyrant-Holo","item"
"3548","3530","Sticker-Tyranids-Ravener","item"
"3549","3531","Sticker-USTILO-Foil-Boston-2018","item"
"3550","3532","Sticker-USTILO-Foil-Cologne-2015","item"
"3551","3533","Sticker-USTILO-Foil-London-2018","item"
"3552","3534","Sticker-USTILO-Gold-Boston-2018","item"
"3553","3535","Sticker-USTILO-Gold-London-2018","item"
"3554","3536","Sticker-USTILO-Boston-2018","item"
"3555","3537","Sticker-USTILO-Cologne-2015","item"
"3556","3538","Sticker-USTILO-London-2018","item"
"3557","3539","Sticker-Unicorn","item"
"3558","3540","Sticker-Unicorn-Holo","item"
"3559","3541","Sticker-VINI-Foil-Berlin-2019","item"
"3560","3542","Sticker-VINI-Foil-Katowice-2019","item"
"3561","3543","Sticker-VINI-Gold-Berlin-2019","item"
"3562","3544","Sticker-VINI-Gold-Katowice-2019","item"
"3563","3545","Sticker-VINI-Berlin-2019","item"
"3564","3546","Sticker-VINI-Katowice-2019","item"
"3565","3547","Sticker-Vega-Squadron-Foil-Boston-2018","item"
"3566","3548","Sticker-Vega-Squadron-Foil-Katowice-2019","item"
"3567","3549","Sticker-Vega-Squadron-Foil-Krakow-2017","item"
"3568","3550","Sticker-Vega-Squadron-Foil-London-2018","item"
"3569","3551","Sticker-Vega-Squadron-Holo-Boston-2018","item"
"3570","3552","Sticker-Vega-Squadron-Holo-Katowice-2019","item"
"3571","3553","Sticker-Vega-Squadron-Holo-Krakow-2017","item"
"3572","3554","Sticker-Vega-Squadron-Holo-London-2018","item"
"3573","3555","Sticker-Vega-Squadron-Boston-2018","item"
"3574","3556","Sticker-Vega-Squadron-Katowice-2019","item"
"3575","3557","Sticker-Vega-Squadron-Krakow-2017","item"
"3576","3558","Sticker-Vega-Squadron-London-2018","item"
"3577","3559","Sticker-Vexed-Gaming-Foil-Cluj-Napoca-2015","item"
"3578","3560","Sticker-Vexed-Gaming-Cluj-Napoca-2015","item"
"3579","3561","Sticker-ViCi-Gaming-Foil-Katowice-2019","item"
"3580","3562","Sticker-ViCi-Gaming-Holo-Katowice-2019","item"
"3581","3563","Sticker-ViCi-Gaming-Katowice-2019","item"
"3582","3564","Sticker-Viggo","item"
"3583","3565","Sticker-Viggo-Holo","item"
"3584","3566","Sticker-Vigilance","item"
"3585","3567","Sticker-Vigilance-Holo","item"
"3586","3568","Sticker-Virtus.Pro-Foil-Atlanta-2017","item"
"3587","3569","Sticker-Virtus.Pro-Foil-Boston-2018","item"
"3588","3570","Sticker-Virtus.Pro-Foil-Cluj-Napoca-2015","item"
"3589","3571","Sticker-Virtus.Pro-Foil-Cologne-2015","item"
"3590","3572","Sticker-Virtus.Pro-Foil-Cologne-2016","item"
"3591","3573","Sticker-Virtus.Pro-Foil-DreamHack-2014","item"
"3592","3574","Sticker-Virtus.Pro-Foil-Krakow-2017","item"
"3593","3575","Sticker-Virtus.Pro-Foil-London-2018","item"
"3594","3576","Sticker-Virtus.Pro-Foil-MLG-Columbus-2016","item"
"3595","3577","Sticker-Virtus.Pro-Holo-Atlanta-2017","item"
"3596","3578","Sticker-Virtus.Pro-Holo-Boston-2018","item"
"3597","3579","Sticker-Virtus.Pro-Holo-Cologne-2014","item"
"3598","3580","Sticker-Virtus.Pro-Holo-Cologne-2016","item"
"3599","3581","Sticker-Virtus.Pro-Holo-DreamHack-2014","item"
"3600","3582","Sticker-Virtus.Pro-Holo-Katowice-2014","item"
"3601","3583","Sticker-Virtus.Pro-Holo-Krakow-2017","item"
"3602","3584","Sticker-Virtus.Pro-Holo-London-2018","item"
"3603","3585","Sticker-Virtus.Pro-Holo-MLG-Columbus-2016","item"
"3604","3586","Sticker-Virtus.Pro-Atlanta-2017","item"
"3605","3587","Sticker-Virtus.Pro-Boston-2018","item"
"3606","3588","Sticker-Virtus.Pro-Cluj-Napoca-2015","item"
"3607","3589","Sticker-Virtus.Pro-Cologne-2014","item"
"3608","3590","Sticker-Virtus.Pro-Cologne-2015","item"
"3609","3591","Sticker-Virtus.Pro-Cologne-2016","item"
"3610","3592","Sticker-Virtus.Pro-DreamHack-2014","item"
"3611","3593","Sticker-Virtus.Pro-Katowice-2014","item"
"3612","3594","Sticker-Virtus.Pro-Krakow-2017","item"
"3613","3595","Sticker-Virtus.Pro-London-2018","item"
"3614","3596","Sticker-Virtus.Pro-MLG-Columbus-2016","item"
"3615","3597","Sticker-Virtus.pro-Foil-2020-RMR","item"
"3616","3598","Sticker-Virtus.pro-Foil-Katowice-2015","item"
"3617","3599","Sticker-Virtus.pro-Gold-2020-RMR","item"
"3618","3600","Sticker-Virtus.pro-Holo-2020-RMR","item"
"3619","3601","Sticker-Virtus.pro-Holo-Katowice-2015","item"
"3620","3602","Sticker-Virtus.pro-2020-RMR","item"
"3621","3603","Sticker-Virtus.pro-Katowice-2015","item"
"3622","3604","Sticker-Vitality-Foil-2020-RMR","item"
"3623","3605","Sticker-Vitality-Foil-Berlin-2019","item"
"3624","3606","Sticker-Vitality-Foil-Katowice-2019","item"
"3625","3607","Sticker-Vitality-Gold-2020-RMR","item"
"3626","3608","Sticker-Vitality-Holo-2020-RMR","item"
"3627","3609","Sticker-Vitality-Holo-Berlin-2019","item"
"3628","3610","Sticker-Vitality-Holo-Katowice-2019","item"
"3629","3611","Sticker-Vitality-2020-RMR","item"
"3630","3612","Sticker-Vitality-Berlin-2019","item"
"3631","3613","Sticker-Vitality-Katowice-2019","item"
"3632","3614","Sticker-Vortigaunt-Holo","item"
"3633","3615","Sticker-Vortigaunt-the-Painter","item"
"3634","3616","Sticker-Vox-Eminor--Katowice-2015","item"
"3635","3617","Sticker-Vox-Eminor-Foil-Katowice-2015","item"
"3636","3618","Sticker-Vox-Eminor-Holo-Cologne-2014","item"
"3637","3619","Sticker-Vox-Eminor-Holo-Katowice-2014","item"
"3638","3620","Sticker-Vox-Eminor-Holo-Katowice-2015","item"
"3639","3621","Sticker-Vox-Eminor-Cologne-2014","item"
"3640","3622","Sticker-Vox-Eminor-Katowice-2014","item"
"3641","3623","Sticker-Wanna-Fight","item"
"3642","3624","Sticker-War-Penguin","item"
"3643","3625","Sticker-Warowl","item"
"3644","3626","Sticker-Water-Gun","item"
"3645","3627","Sticker-Web-Stuck","item"
"3646","3628","Sticker-Web-Stuck-Holo","item"
"3647","3629","Sticker-Welcome-to-the-Clutch","item"
"3648","3630","Sticker-What-What","item"
"3649","3631","Sticker-Windy-Walking-Club","item"
"3650","3632","Sticker-Winged-Defuser","item"
"3651","3633","Sticker-Winstrike-Team-Foil-Katowice-2019","item"
"3652","3634","Sticker-Winstrike-Team-Foil-London-2018","item"
"3653","3635","Sticker-Winstrike-Team-Holo-Katowice-2019","item"
"3654","3636","Sticker-Winstrike-Team-Holo-London-2018","item"
"3655","3637","Sticker-Winstrike-Team-Katowice-2019","item"
"3656","3638","Sticker-Winstrike-Team-London-2018","item"
"3657","3639","Sticker-Witch","item"
"3658","3640","Sticker-Witchcraft","item"
"3659","3641","Sticker-Work-For-Ammo","item"
"3660","3642","Sticker-WorldEdit-Foil-Atlanta-2017","item"
"3661","3643","Sticker-WorldEdit-Foil-Boston-2018","item"
"3662","3644","Sticker-WorldEdit-Foil-Cluj-Napoca-2015","item"
"3663","3645","Sticker-WorldEdit-Foil-Cologne-2015","item"
"3664","3646","Sticker-WorldEdit-Foil-Cologne-2016","item"
"3665","3647","Sticker-WorldEdit-Foil-Katowice-2019","item"
"3666","3648","Sticker-WorldEdit-Foil-Krakow-2017","item"
"3667","3649","Sticker-WorldEdit-Foil-MLG-Columbus-2016","item"
"3668","3650","Sticker-WorldEdit-Gold-Boston-2018","item"
"3669","3651","Sticker-WorldEdit-Gold-Katowice-2019","item"
"3670","3652","Sticker-WorldEdit-Gold-Krakow-2017","item"
"3671","3653","Sticker-WorldEdit-Atlanta-2017","item"
"3672","3654","Sticker-WorldEdit-Boston-2018","item"
"3673","3655","Sticker-WorldEdit-Cluj-Napoca-2015","item"
"3674","3656","Sticker-WorldEdit-Cologne-2015","item"
"3675","3657","Sticker-WorldEdit-Cologne-2016","item"
"3676","3658","Sticker-WorldEdit-Katowice-2019","item"
"3677","3659","Sticker-WorldEdit-Krakow-2017","item"
"3678","3660","Sticker-WorldEdit-MLG-Columbus-2016","item"
"3679","3661","Sticker-XANTARES-Foil-Boston-2018","item"
"3680","3662","Sticker-XANTARES-Foil-Katowice-2019","item"
"3681","3663","Sticker-XANTARES-Foil-London-2018","item"
"3682","3664","Sticker-XANTARES-Gold-Boston-2018","item"
"3683","3665","Sticker-XANTARES-Gold-Katowice-2019","item"
"3684","3666","Sticker-XANTARES-Gold-London-2018","item"
"3685","3667","Sticker-XANTARES-Boston-2018","item"
"3686","3668","Sticker-XANTARES-Katowice-2019","item"
"3687","3669","Sticker-XANTARES-London-2018","item"
"3688","3670","Sticker-Xizt-Foil-Cluj-Napoca-2015","item"
"3689","3671","Sticker-Xizt-Foil-Cologne-2015","item"
"3690","3672","Sticker-Xizt-Foil-Cologne-2016","item"
"3691","3673","Sticker-Xizt-Foil-Katowice-2019","item"
"3692","3674","Sticker-Xizt-Foil-London-2018","item"
"3693","3675","Sticker-Xizt-Foil-MLG-Columbus-2016","item"
"3694","3676","Sticker-Xizt-Gold-Katowice-2019","item"
"3695","3677","Sticker-Xizt-Gold-London-2018","item"
"3696","3678","Sticker-Xizt-Cluj-Napoca-2015","item"
"3697","3679","Sticker-Xizt-Cologne-2015","item"
"3698","3680","Sticker-Xizt-Cologne-2016","item"
"3699","3681","Sticker-Xizt-Katowice-2019","item"
"3700","3682","Sticker-Xizt-London-2018","item"
"3701","3683","Sticker-Xizt-MLG-Columbus-2016","item"
"3702","3684","Sticker-Xyp9x-Foil-Atlanta-2017","item"
"3703","3685","Sticker-Xyp9x-Foil-Berlin-2019","item"
"3704","3686","Sticker-Xyp9x-Foil-Boston-2018","item"
"3705","3687","Sticker-Xyp9x-Foil-Cluj-Napoca-2015","item"
"3706","3688","Sticker-Xyp9x-Foil-Cologne-2015","item"
"3707","3689","Sticker-Xyp9x-Foil-Cologne-2016","item"
"3708","3690","Sticker-Xyp9x-Foil-Katowice-2019","item"
"3709","3691","Sticker-Xyp9x-Foil-Krakow-2017","item"
"3710","3692","Sticker-Xyp9x-Foil-London-2018","item"
"3711","3693","Sticker-Xyp9x-Foil-MLG-Columbus-2016","item"
"3712","3694","Sticker-Xyp9x-Gold-Berlin-2019","item"
"3713","3695","Sticker-Xyp9x-Gold-Boston-2018","item"
"3714","3696","Sticker-Xyp9x-Gold-Katowice-2019","item"
"3715","3697","Sticker-Xyp9x-Gold-Krakow-2017","item"
"3716","3698","Sticker-Xyp9x-Gold-London-2018","item"
"3717","3699","Sticker-Xyp9x-Atlanta-2017","item"
"3718","3700","Sticker-Xyp9x-Berlin-2019","item"
"3719","3701","Sticker-Xyp9x-Boston-2018","item"
"3720","3702","Sticker-Xyp9x-Cluj-Napoca-2015","item"
"3721","3703","Sticker-Xyp9x-Cologne-2015","item"
"3722","3704","Sticker-Xyp9x-Cologne-2016","item"
"3723","3705","Sticker-Xyp9x-Katowice-2019","item"
"3724","3706","Sticker-Xyp9x-Krakow-2017","item"
"3725","3707","Sticker-Xyp9x-London-2018","item"
"3726","3708","Sticker-Xyp9x-MLG-Columbus-2016","item"
"3727","3709","Sticker-Zero-Foil-Atlanta-2017","item"
"3728","3710","Sticker-Zero-Atlanta-2017","item"
"3729","3711","Sticker-Zeus-Foil-Atlanta-2017","item"
"3730","3712","Sticker-Zeus-Foil-Berlin-2019","item"
"3731","3713","Sticker-Zeus-Foil-Boston-2018","item"
"3732","3714","Sticker-Zeus-Foil-Cluj-Napoca-2015","item"
"3733","3715","Sticker-Zeus-Foil-Cologne-2015","item"
"3734","3716","Sticker-Zeus-Foil-Cologne-2016","item"
"3735","3717","Sticker-Zeus-Foil-Katowice-2019","item"
"3736","3718","Sticker-Zeus-Foil-Krakow-2017","item"
"3737","3719","Sticker-Zeus-Foil-London-2018","item"
"3738","3720","Sticker-Zeus-Foil-MLG-Columbus-2016","item"
"3739","3721","Sticker-Zeus-Gold-Berlin-2019","item"
"3740","3722","Sticker-Zeus-Gold-Boston-2018","item"
"3741","3723","Sticker-Zeus-Gold-Katowice-2019","item"
"3742","3724","Sticker-Zeus-Gold-Krakow-2017","item"
"3743","3725","Sticker-Zeus-Gold-London-2018","item"
"3744","3726","Sticker-Zeus-Atlanta-2017","item"
"3745","3727","Sticker-Zeus-Berlin-2019","item"
"3746","3728","Sticker-Zeus-Boston-2018","item"
"3747","3729","Sticker-Zeus-Cluj-Napoca-2015","item"
"3748","3730","Sticker-Zeus-Cologne-2015","item"
"3749","3731","Sticker-Zeus-Cologne-2016","item"
"3750","3732","Sticker-Zeus-Katowice-2019","item"
"3751","3733","Sticker-Zeus-Krakow-2017","item"
"3752","3734","Sticker-Zeus-London-2018","item"
"3753","3735","Sticker-Zeus-MLG-Columbus-2016","item"
"3754","3736","Sticker-Zombie-Hop","item"
"3755","3737","Sticker-Zombie-Lover","item"
"3756","3738","Sticker-ZywOo-Foil-Berlin-2019","item"
"3757","3739","Sticker-ZywOo-Foil-Katowice-2019","item"
"3758","3740","Sticker-ZywOo-Gold-Berlin-2019","item"
"3759","3741","Sticker-ZywOo-Gold-Katowice-2019","item"
"3760","3742","Sticker-ZywOo-Berlin-2019","item"
"3761","3743","Sticker-ZywOo-Katowice-2019","item"
"3762","3744","Sticker-abE-Foil-MLG-Columbus-2016","item"
"3763","3745","Sticker-abE-MLG-Columbus-2016","item"
"3764","3746","Sticker-ableJ-Foil-Berlin-2019","item"
"3765","3747","Sticker-ableJ-Foil-Katowice-2019","item"
"3766","3748","Sticker-ableJ-Gold-Berlin-2019","item"
"3767","3749","Sticker-ableJ-Gold-Katowice-2019","item"
"3768","3750","Sticker-ableJ-Berlin-2019","item"
"3769","3751","Sticker-ableJ-Katowice-2019","item"
"3770","3752","Sticker-adreN-Foil-Cluj-Napoca-2015","item"
"3771","3753","Sticker-adreN-Foil-MLG-Columbus-2016","item"
"3772","3754","Sticker-adreN-Cluj-Napoca-2015","item"
"3773","3755","Sticker-adreN-MLG-Columbus-2016","item"
"3774","3756","Sticker-advent-Foil-Katowice-2019","item"
"3775","3757","Sticker-advent-Gold-Katowice-2019","item"
"3776","3758","Sticker-advent-Katowice-2019","item"
"3777","3759","Sticker-aizy-Foil-Atlanta-2017","item"
"3778","3760","Sticker-aizy-Foil-Berlin-2019","item"
"3779","3761","Sticker-aizy-Foil-Boston-2018","item"
"3780","3762","Sticker-aizy-Foil-Cluj-Napoca-2015","item"
"3781","3763","Sticker-aizy-Foil-Cologne-2016","item"
"3782","3764","Sticker-aizy-Foil-Krakow-2017","item"
"3783","3765","Sticker-aizy-Foil-London-2018","item"
"3784","3766","Sticker-aizy-Foil-MLG-Columbus-2016","item"
"3785","3767","Sticker-aizy-Gold-Berlin-2019","item"
"3786","3768","Sticker-aizy-Gold-Boston-2018","item"
"3787","3769","Sticker-aizy-Gold-Krakow-2017","item"
"3788","3770","Sticker-aizy-Gold-London-2018","item"
"3789","3771","Sticker-aizy-Atlanta-2017","item"
"3790","3772","Sticker-aizy-Berlin-2019","item"
"3791","3773","Sticker-aizy-Boston-2018","item"
"3792","3774","Sticker-aizy-Cluj-Napoca-2015","item"
"3793","3775","Sticker-aizy-Cologne-2016","item"
"3794","3776","Sticker-aizy-Krakow-2017","item"
"3795","3777","Sticker-aizy-London-2018","item"
"3796","3778","Sticker-aizy-MLG-Columbus-2016","item"
"3797","3779","Sticker-allu-Foil-Atlanta-2017","item"
"3798","3780","Sticker-allu-Foil-Berlin-2019","item"
"3799","3781","Sticker-allu-Foil-Cluj-Napoca-2015","item"
"3800","3782","Sticker-allu-Foil-Cologne-2015","item"
"3801","3783","Sticker-allu-Foil-Katowice-2019","item"
"3802","3784","Sticker-allu-Foil-Krakow-2017","item"
"3803","3785","Sticker-allu-Gold-Berlin-2019","item"
"3804","3786","Sticker-allu-Gold-Katowice-2019","item"
"3805","3787","Sticker-allu-Gold-Krakow-2017","item"
"3806","3788","Sticker-allu-Atlanta-2017","item"
"3807","3789","Sticker-allu-Berlin-2019","item"
"3808","3790","Sticker-allu-Cluj-Napoca-2015","item"
"3809","3791","Sticker-allu-Cologne-2015","item"
"3810","3792","Sticker-allu-Katowice-2019","item"
"3811","3793","Sticker-allu-Krakow-2017","item"
"3812","3794","Sticker-almazer-Foil-Berlin-2019","item"
"3813","3795","Sticker-almazer-Gold-Berlin-2019","item"
"3814","3796","Sticker-almazer-Berlin-2019","item"
"3815","3797","Sticker-apEX-Foil-Atlanta-2017","item"
"3816","3798","Sticker-apEX-Foil-Berlin-2019","item"
"3817","3799","Sticker-apEX-Foil-Boston-2018","item"
"3818","3800","Sticker-apEX-Foil-Cluj-Napoca-2015","item"
"3819","3801","Sticker-apEX-Foil-Cologne-2015","item"
"3820","3802","Sticker-apEX-Foil-Cologne-2016","item"
"3821","3803","Sticker-apEX-Foil-Katowice-2019","item"
"3822","3804","Sticker-apEX-Foil-Krakow-2017","item"
"3823","3805","Sticker-apEX-Foil-MLG-Columbus-2016","item"
"3824","3806","Sticker-apEX-Gold-Berlin-2019","item"
"3825","3807","Sticker-apEX-Gold-Boston-2018","item"
"3826","3808","Sticker-apEX-Gold-Katowice-2019","item"
"3827","3809","Sticker-apEX-Gold-Krakow-2017","item"
"3828","3810","Sticker-apEX-Atlanta-2017","item"
"3829","3811","Sticker-apEX-Berlin-2019","item"
"3830","3812","Sticker-apEX-Boston-2018","item"
"3831","3813","Sticker-apEX-Cluj-Napoca-2015","item"
"3832","3814","Sticker-apEX-Cologne-2015","item"
"3833","3815","Sticker-apEX-Cologne-2016","item"
"3834","3816","Sticker-apEX-Katowice-2019","item"
"3835","3817","Sticker-apEX-Krakow-2017","item"
"3836","3818","Sticker-apEX-MLG-Columbus-2016","item"
"3837","3819","Sticker-arT-Foil-Berlin-2019","item"
"3838","3820","Sticker-arT-Foil-Katowice-2019","item"
"3839","3821","Sticker-arT-Gold-Berlin-2019","item"
"3840","3822","Sticker-arT-Gold-Katowice-2019","item"
"3841","3823","Sticker-arT-Berlin-2019","item"
"3842","3824","Sticker-arT-Katowice-2019","item"
"3843","3825","Sticker-arya-Foil-MLG-Columbus-2016","item"
"3844","3826","Sticker-arya-MLG-Columbus-2016","item"
"3845","3827","Sticker-aumaN-Foil-Katowice-2019","item"
"3846","3828","Sticker-aumaN-Gold-Katowice-2019","item"
"3847","3829","Sticker-aumaN-Katowice-2019","item"
"3848","3830","Sticker-autimatic-Foil-Boston-2018","item"
"3849","3831","Sticker-autimatic-Foil-Katowice-2019","item"
"3850","3832","Sticker-autimatic-Foil-Krakow-2017","item"
"3851","3833","Sticker-autimatic-Foil-London-2018","item"
"3852","3834","Sticker-autimatic-Gold-Boston-2018","item"
"3853","3835","Sticker-autimatic-Gold-Katowice-2019","item"
"3854","3836","Sticker-autimatic-Gold-Krakow-2017","item"
"3855","3837","Sticker-autimatic-Gold-London-2018","item"
"3856","3838","Sticker-autimatic-Boston-2018","item"
"3857","3839","Sticker-autimatic-Katowice-2019","item"
"3858","3840","Sticker-autimatic-Krakow-2017","item"
"3859","3841","Sticker-autimatic-London-2018","item"
"3860","3842","Sticker-balblna-Foil-Boston-2018","item"
"3861","3843","Sticker-balblna-Foil-London-2018","item"
"3862","3844","Sticker-balblna-Gold-Boston-2018","item"
"3863","3845","Sticker-balblna-Gold-London-2018","item"
"3864","3846","Sticker-balblna-Boston-2018","item"
"3865","3847","Sticker-balblna-London-2018","item"
"3866","3848","Sticker-bodyy-Foil-Atlanta-2017","item"
"3867","3849","Sticker-bodyy-Foil-Boston-2018","item"
"3868","3850","Sticker-bodyy-Foil-Cologne-2016","item"
"3869","3851","Sticker-bodyy-Foil-Katowice-2019","item"
"3870","3852","Sticker-bodyy-Foil-Krakow-2017","item"
"3871","3853","Sticker-bodyy-Foil-London-2018","item"
"3872","3854","Sticker-bodyy-Gold-Boston-2018","item"
"3873","3855","Sticker-bodyy-Gold-Katowice-2019","item"
"3874","3856","Sticker-bodyy-Gold-Krakow-2017","item"
"3875","3857","Sticker-bodyy-Gold-London-2018","item"
"3876","3858","Sticker-bodyy-Atlanta-2017","item"
"3877","3859","Sticker-bodyy-Boston-2018","item"
"3878","3860","Sticker-bodyy-Cologne-2016","item"
"3879","3861","Sticker-bodyy-Katowice-2019","item"
"3880","3862","Sticker-bodyy-Krakow-2017","item"
"3881","3863","Sticker-bodyy-London-2018","item"
"3882","3864","Sticker-boltz-Foil-Cluj-Napoca-2015","item"
"3883","3865","Sticker-boltz-Foil-Cologne-2015","item"
"3884","3866","Sticker-boltz-Foil-Krakow-2017","item"
"3885","3867","Sticker-boltz-Gold-Krakow-2017","item"
"3886","3868","Sticker-boltz-Cluj-Napoca-2015","item"
"3887","3869","Sticker-boltz-Cologne-2015","item"
"3888","3870","Sticker-boltz-Krakow-2017","item"
"3889","3871","Sticker-bondik-Foil-Atlanta-2017","item"
"3890","3872","Sticker-bondik-Foil-Boston-2018","item"
"3891","3873","Sticker-bondik-Foil-Cluj-Napoca-2015","item"
"3892","3874","Sticker-bondik-Foil-Cologne-2015","item"
"3893","3875","Sticker-bondik-Foil-London-2018","item"
"3894","3876","Sticker-bondik-Foil-MLG-Columbus-2016","item"
"3895","3877","Sticker-bondik-Gold-Boston-2018","item"
"3896","3878","Sticker-bondik-Gold-London-2018","item"
"3897","3879","Sticker-bondik-Atlanta-2017","item"
"3898","3880","Sticker-bondik-Boston-2018","item"
"3899","3881","Sticker-bondik-Cluj-Napoca-2015","item"
"3900","3882","Sticker-bondik-Cologne-2015","item"
"3901","3883","Sticker-bondik-London-2018","item"
"3902","3884","Sticker-bondik-MLG-Columbus-2016","item"
"3903","3885","Sticker-buster-Foil-Berlin-2019","item"
"3904","3886","Sticker-buster-Foil-Boston-2018","item"
"3905","3887","Sticker-buster-Foil-Katowice-2019","item"
"3906","3888","Sticker-buster-Gold-Berlin-2019","item"
"3907","3889","Sticker-buster-Gold-Boston-2018","item"
"3908","3890","Sticker-buster-Gold-Katowice-2019","item"
"3909","3891","Sticker-buster-Berlin-2019","item"
"3910","3892","Sticker-buster-Boston-2018","item"
"3911","3893","Sticker-buster-Katowice-2019","item"
"3912","3894","Sticker-byali-Foil-Atlanta-2017","item"
"3913","3895","Sticker-byali-Foil-Boston-2018","item"
"3914","3896","Sticker-byali-Foil-Cluj-Napoca-2015","item"
"3915","3897","Sticker-byali-Foil-Cologne-2015","item"
"3916","3898","Sticker-byali-Foil-Cologne-2016","item"
"3917","3899","Sticker-byali-Foil-Krakow-2017","item"
"3918","3900","Sticker-byali-Foil-London-2018","item"
"3919","3901","Sticker-byali-Foil-MLG-Columbus-2016","item"
"3920","3902","Sticker-byali-Gold-Boston-2018","item"
"3921","3903","Sticker-byali-Gold-Krakow-2017","item"
"3922","3904","Sticker-byali-Gold-London-2018","item"
"3923","3905","Sticker-byali-Atlanta-2017","item"
"3924","3906","Sticker-byali-Boston-2018","item"
"3925","3907","Sticker-byali-Cluj-Napoca-2015","item"
"3926","3908","Sticker-byali-Cologne-2015","item"
"3927","3909","Sticker-byali-Cologne-2016","item"
"3928","3910","Sticker-byali-Krakow-2017","item"
"3929","3911","Sticker-byali-London-2018","item"
"3930","3912","Sticker-byali-MLG-Columbus-2016","item"
"3931","3913","Sticker-cadiaN-Foil-London-2018","item"
"3932","3914","Sticker-cadiaN-Gold-London-2018","item"
"3933","3915","Sticker-cadiaN-London-2018","item"
"3934","3916","Sticker-cajunb-Foil-Atlanta-2017","item"
"3935","3917","Sticker-cajunb-Foil-Boston-2018","item"
"3936","3918","Sticker-cajunb-Foil-Cluj-Napoca-2015","item"
"3937","3919","Sticker-cajunb-Foil-Cologne-2015","item"
"3938","3920","Sticker-cajunb-Foil-Cologne-2016","item"
"3939","3921","Sticker-cajunb-Foil-Krakow-2017","item"
"3940","3922","Sticker-cajunb-Foil-London-2018","item"
"3941","3923","Sticker-cajunb-Foil-MLG-Columbus-2016","item"
"3942","3924","Sticker-cajunb-Gold-Boston-2018","item"
"3943","3925","Sticker-cajunb-Gold-Krakow-2017","item"
"3944","3926","Sticker-cajunb-Gold-London-2018","item"
"3945","3927","Sticker-cajunb-Atlanta-2017","item"
"3946","3928","Sticker-cajunb-Boston-2018","item"
"3947","3929","Sticker-cajunb-Cluj-Napoca-2015","item"
"3948","3930","Sticker-cajunb-Cologne-2015","item"
"3949","3931","Sticker-cajunb-Cologne-2016","item"
"3950","3932","Sticker-cajunb-Krakow-2017","item"
"3951","3933","Sticker-cajunb-London-2018","item"
"3952","3934","Sticker-cajunb-MLG-Columbus-2016","item"
"3953","3935","Sticker-captainMo-Foil-Boston-2018","item"
"3954","3936","Sticker-captainMo-Foil-London-2018","item"
"3955","3937","Sticker-captainMo-Gold-Boston-2018","item"
"3956","3938","Sticker-captainMo-Gold-London-2018","item"
"3957","3939","Sticker-captainMo-Boston-2018","item"
"3958","3940","Sticker-captainMo-London-2018","item"
"3959","3941","Sticker-chelo-Foil-Berlin-2019","item"
"3960","3942","Sticker-chelo-Gold-Berlin-2019","item"
"3961","3943","Sticker-chelo-Berlin-2019","item"
"3962","3944","Sticker-chopper-Foil-Boston-2018","item"
"3963","3945","Sticker-chopper-Foil-Katowice-2019","item"
"3964","3946","Sticker-chopper-Foil-Krakow-2017","item"
"3965","3947","Sticker-chopper-Foil-London-2018","item"
"3966","3948","Sticker-chopper-Gold-Boston-2018","item"
"3967","3949","Sticker-chopper-Gold-Katowice-2019","item"
"3968","3950","Sticker-chopper-Gold-Krakow-2017","item"
"3969","3951","Sticker-chopper-Gold-London-2018","item"
"3970","3952","Sticker-chopper-Boston-2018","item"
"3971","3953","Sticker-chopper-Katowice-2019","item"
"3972","3954","Sticker-chopper-Krakow-2017","item"
"3973","3955","Sticker-chopper-London-2018","item"
"3974","3956","Sticker-chrisJ-Foil-Atlanta-2017","item"
"3975","3957","Sticker-chrisJ-Foil-Berlin-2019","item"
"3976","3958","Sticker-chrisJ-Foil-Boston-2018","item"
"3977","3959","Sticker-chrisJ-Foil-Cluj-Napoca-2015","item"
"3978","3960","Sticker-chrisJ-Foil-Cologne-2015","item"
"3979","3961","Sticker-chrisJ-Foil-Cologne-2016","item"
"3980","3962","Sticker-chrisJ-Foil-Krakow-2017","item"
"3981","3963","Sticker-chrisJ-Foil-London-2018","item"
"3982","3964","Sticker-chrisJ-Foil-MLG-Columbus-2016","item"
"3983","3965","Sticker-chrisJ-Gold-Berlin-2019","item"
"3984","3966","Sticker-chrisJ-Gold-Boston-2018","item"
"3985","3967","Sticker-chrisJ-Gold-Krakow-2017","item"
"3986","3968","Sticker-chrisJ-Gold-London-2018","item"
"3987","3969","Sticker-chrisJ-Atlanta-2017","item"
"3988","3970","Sticker-chrisJ-Berlin-2019","item"
"3989","3971","Sticker-chrisJ-Boston-2018","item"
"3990","3972","Sticker-chrisJ-Cluj-Napoca-2015","item"
"3991","3973","Sticker-chrisJ-Cologne-2015","item"
"3992","3974","Sticker-chrisJ-Cologne-2016","item"
"3993","3975","Sticker-chrisJ-Krakow-2017","item"
"3994","3976","Sticker-chrisJ-London-2018","item"
"3995","3977","Sticker-chrisJ-MLG-Columbus-2016","item"
"3996","3978","Sticker-coldzera-Foil-Atlanta-2017","item"
"3997","3979","Sticker-coldzera-Foil-Berlin-2019","item"
"3998","3980","Sticker-coldzera-Foil-Boston-2018","item"
"3999","3981","Sticker-coldzera-Foil-Cluj-Napoca-2015","item"
"4000","3982","Sticker-coldzera-Foil-Cologne-2015","item"
"4001","3983","Sticker-coldzera-Foil-Cologne-2016","item"
"4002","3984","Sticker-coldzera-Foil-Katowice-2019","item"
"4003","3985","Sticker-coldzera-Foil-Krakow-2017","item"
"4004","3986","Sticker-coldzera-Foil-London-2018","item"
"4005","3987","Sticker-coldzera-Foil-MLG-Columbus-2016","item"
"4006","3988","Sticker-coldzera-Gold-Berlin-2019","item"
"4007","3989","Sticker-coldzera-Gold-Boston-2018","item"
"4008","3990","Sticker-coldzera-Gold-Katowice-2019","item"
"4009","3991","Sticker-coldzera-Gold-Krakow-2017","item"
"4010","3992","Sticker-coldzera-Gold-London-2018","item"
"4011","3993","Sticker-coldzera-Atlanta-2017","item"
"4012","3994","Sticker-coldzera-Berlin-2019","item"
"4013","3995","Sticker-coldzera-Boston-2018","item"
"4014","3996","Sticker-coldzera-Cluj-Napoca-2015","item"
"4015","3997","Sticker-coldzera-Cologne-2015","item"
"4016","3998","Sticker-coldzera-Cologne-2016","item"
"4017","3999","Sticker-coldzera-Katowice-2019","item"
"4018","4000","Sticker-coldzera-Krakow-2017","item"
"4019","4001","Sticker-coldzera-London-2018","item"
"4020","4002","Sticker-coldzera-MLG-Columbus-2016","item"
"4021","4003","Sticker-compLexity-Gaming-Foil-Berlin-2019","item"
"4022","4004","Sticker-compLexity-Gaming-Foil-Katowice-2019","item"
"4023","4005","Sticker-compLexity-Gaming-Foil-London-2018","item"
"4024","4006","Sticker-compLexity-Gaming-Holo-Berlin-2019","item"
"4025","4007","Sticker-compLexity-Gaming-Holo-Katowice-2014","item"
"4026","4008","Sticker-compLexity-Gaming-Holo-Katowice-2019","item"
"4027","4009","Sticker-compLexity-Gaming-Holo-London-2018","item"
"4028","4010","Sticker-compLexity-Gaming-Berlin-2019","item"
"4029","4011","Sticker-compLexity-Gaming-Katowice-2014","item"
"4030","4012","Sticker-compLexity-Gaming-Katowice-2019","item"
"4031","4013","Sticker-compLexity-Gaming-London-2018","item"
"4032","4014","Sticker-crush-Foil-Katowice-2019","item"
"4033","4015","Sticker-crush-Foil-London-2018","item"
"4034","4016","Sticker-crush-Gold-Katowice-2019","item"
"4035","4017","Sticker-crush-Gold-London-2018","item"
"4036","4018","Sticker-crush-Katowice-2019","item"
"4037","4019","Sticker-crush-London-2018","item"
"4038","4020","Sticker-dAT-team-Holo-Cologne-2014","item"
"4039","4021","Sticker-dAT-team-Cologne-2014","item"
"4040","4022","Sticker-daps-Foil-Cologne-2016","item"
"4041","4023","Sticker-daps-Foil-Katowice-2019","item"
"4042","4024","Sticker-daps-Gold-Katowice-2019","item"
"4043","4025","Sticker-daps-Cologne-2016","item"
"4044","4026","Sticker-daps-Katowice-2019","item"
"4045","4027","Sticker-denis-Foil-Atlanta-2017","item"
"4046","4028","Sticker-denis-Foil-Boston-2018","item"
"4047","4029","Sticker-denis-Foil-Cluj-Napoca-2015","item"
"4048","4030","Sticker-denis-Foil-Cologne-2015","item"
"4049","4031","Sticker-denis-Foil-Cologne-2016","item"
"4050","4032","Sticker-denis-Foil-Krakow-2017","item"
"4051","4033","Sticker-denis-Foil-MLG-Columbus-2016","item"
"4052","4034","Sticker-denis-Gold-Boston-2018","item"
"4053","4035","Sticker-denis-Gold-Krakow-2017","item"
"4054","4036","Sticker-denis-Atlanta-2017","item"
"4055","4037","Sticker-denis-Boston-2018","item"
"4056","4038","Sticker-denis-Cluj-Napoca-2015","item"
"4057","4039","Sticker-denis-Cologne-2015","item"
"4058","4040","Sticker-denis-Cologne-2016","item"
"4059","4041","Sticker-denis-Krakow-2017","item"
"4060","4042","Sticker-denis-MLG-Columbus-2016","item"
"4061","4043","Sticker-dennis-Foil-Atlanta-2017","item"
"4062","4044","Sticker-dennis-Foil-Cluj-Napoca-2015","item"
"4063","4045","Sticker-dennis-Foil-Cologne-2015","item"
"4064","4046","Sticker-dennis-Foil-Cologne-2016","item"
"4065","4047","Sticker-dennis-Foil-Katowice-2019","item"
"4066","4048","Sticker-dennis-Foil-Krakow-2017","item"
"4067","4049","Sticker-dennis-Foil-London-2018","item"
"4068","4050","Sticker-dennis-Foil-MLG-Columbus-2016","item"
"4069","4051","Sticker-dennis-Gold-Katowice-2019","item"
"4070","4052","Sticker-dennis-Gold-Krakow-2017","item"
"4071","4053","Sticker-dennis-Gold-London-2018","item"
"4072","4054","Sticker-dennis-Atlanta-2017","item"
"4073","4055","Sticker-dennis-Cluj-Napoca-2015","item"
"4074","4056","Sticker-dennis-Cologne-2015","item"
"4075","4057","Sticker-dennis-Cologne-2016","item"
"4076","4058","Sticker-dennis-Katowice-2019","item"
"4077","4059","Sticker-dennis-Krakow-2017","item"
"4078","4060","Sticker-dennis-London-2018","item"
"4079","4061","Sticker-dennis-MLG-Columbus-2016","item"
"4080","4062","Sticker-dephh-Foil-Berlin-2019","item"
"4081","4063","Sticker-dephh-Foil-Katowice-2019","item"
"4082","4064","Sticker-dephh-Foil-London-2018","item"
"4083","4065","Sticker-dephh-Gold-Berlin-2019","item"
"4084","4066","Sticker-dephh-Gold-Katowice-2019","item"
"4085","4067","Sticker-dephh-Gold-London-2018","item"
"4086","4068","Sticker-dephh-Berlin-2019","item"
"4087","4069","Sticker-dephh-Katowice-2019","item"
"4088","4070","Sticker-dephh-London-2018","item"
"4089","4071","Sticker-device-Foil-Atlanta-2017","item"
"4090","4072","Sticker-device-Foil-Berlin-2019","item"
"4091","4073","Sticker-device-Foil-Boston-2018","item"
"4092","4074","Sticker-device-Foil-Cluj-Napoca-2015","item"
"4093","4075","Sticker-device-Foil-Cologne-2015","item"
"4094","4076","Sticker-device-Foil-Cologne-2016","item"
"4095","4077","Sticker-device-Foil-Katowice-2019","item"
"4096","4078","Sticker-device-Foil-Krakow-2017","item"
"4097","4079","Sticker-device-Foil-London-2018","item"
"4098","4080","Sticker-device-Foil-MLG-Columbus-2016","item"
"4099","4081","Sticker-device-Gold-Berlin-2019","item"
"4100","4082","Sticker-device-Gold-Boston-2018","item"
"4101","4083","Sticker-device-Gold-Katowice-2019","item"
"4102","4084","Sticker-device-Gold-Krakow-2017","item"
"4103","4085","Sticker-device-Gold-London-2018","item"
"4104","4086","Sticker-device-Atlanta-2017","item"
"4105","4087","Sticker-device-Berlin-2019","item"
"4106","4088","Sticker-device-Boston-2018","item"
"4107","4089","Sticker-device-Cluj-Napoca-2015","item"
"4108","4090","Sticker-device-Cologne-2015","item"
"4109","4091","Sticker-device-Cologne-2016","item"
"4110","4092","Sticker-device-Katowice-2019","item"
"4111","4093","Sticker-device-Krakow-2017","item"
"4112","4094","Sticker-device-London-2018","item"
"4113","4095","Sticker-device-MLG-Columbus-2016","item"
"4114","4096","Sticker-devoduvek-Foil-Boston-2018","item"
"4115","4097","Sticker-devoduvek-Gold-Boston-2018","item"
"4116","4098","Sticker-devoduvek-Boston-2018","item"
"4117","4099","Sticker-dexter-Foil-Berlin-2019","item"
"4118","4100","Sticker-dexter-Foil-Katowice-2019","item"
"4119","4101","Sticker-dexter-Gold-Berlin-2019","item"
"4120","4102","Sticker-dexter-Gold-Katowice-2019","item"
"4121","4103","Sticker-dexter-Berlin-2019","item"
"4122","4104","Sticker-dexter-Katowice-2019","item"
"4123","4105","Sticker-dimasick-Foil-Boston-2018","item"
"4124","4106","Sticker-dimasick-Gold-Boston-2018","item"
"4125","4107","Sticker-dimasick-Boston-2018","item"
"4126","4108","Sticker-disco-doplan-Foil-Atlanta-2017","item"
"4127","4109","Sticker-disco-doplan-Atlanta-2017","item"
"4128","4110","Sticker-draken-Foil-London-2018","item"
"4129","4111","Sticker-draken-Gold-London-2018","item"
"4130","4112","Sticker-draken-London-2018","item"
"4131","4113","Sticker-dupreeh-Foil-Atlanta-2017","item"
"4132","4114","Sticker-dupreeh-Foil-Berlin-2019","item"
"4133","4115","Sticker-dupreeh-Foil-Boston-2018","item"
"4134","4116","Sticker-dupreeh-Foil-Cluj-Napoca-2015","item"
"4135","4117","Sticker-dupreeh-Foil-Cologne-2015","item"
"4136","4118","Sticker-dupreeh-Foil-Cologne-2016","item"
"4137","4119","Sticker-dupreeh-Foil-Katowice-2019","item"
"4138","4120","Sticker-dupreeh-Foil-Krakow-2017","item"
"4139","4121","Sticker-dupreeh-Foil-London-2018","item"
"4140","4122","Sticker-dupreeh-Foil-MLG-Columbus-2016","item"
"4141","4123","Sticker-dupreeh-Gold-Berlin-2019","item"
"4142","4124","Sticker-dupreeh-Gold-Boston-2018","item"
"4143","4125","Sticker-dupreeh-Gold-Katowice-2019","item"
"4144","4126","Sticker-dupreeh-Gold-Krakow-2017","item"
"4145","4127","Sticker-dupreeh-Gold-London-2018","item"
"4146","4128","Sticker-dupreeh-Atlanta-2017","item"
"4147","4129","Sticker-dupreeh-Berlin-2019","item"
"4148","4130","Sticker-dupreeh-Boston-2018","item"
"4149","4131","Sticker-dupreeh-Cluj-Napoca-2015","item"
"4150","4132","Sticker-dupreeh-Cologne-2015","item"
"4151","4133","Sticker-dupreeh-Cologne-2016","item"
"4152","4134","Sticker-dupreeh-Katowice-2019","item"
"4153","4135","Sticker-dupreeh-Krakow-2017","item"
"4154","4136","Sticker-dupreeh-London-2018","item"
"4155","4137","Sticker-dupreeh-MLG-Columbus-2016","item"
"4156","4138","Sticker-electronic-Foil-Atlanta-2017","item"
"4157","4139","Sticker-electronic-Foil-Berlin-2019","item"
"4158","4140","Sticker-electronic-Foil-Boston-2018","item"
"4159","4141","Sticker-electronic-Foil-Katowice-2019","item"
"4160","4142","Sticker-electronic-Foil-Krakow-2017","item"
"4161","4143","Sticker-electronic-Foil-London-2018","item"
"4162","4144","Sticker-electronic-Gold-Berlin-2019","item"
"4163","4145","Sticker-electronic-Gold-Boston-2018","item"
"4164","4146","Sticker-electronic-Gold-Katowice-2019","item"
"4165","4147","Sticker-electronic-Gold-Krakow-2017","item"
"4166","4148","Sticker-electronic-Gold-London-2018","item"
"4167","4149","Sticker-electronic-Atlanta-2017","item"
"4168","4150","Sticker-electronic-Berlin-2019","item"
"4169","4151","Sticker-electronic-Boston-2018","item"
"4170","4152","Sticker-electronic-Katowice-2019","item"
"4171","4153","Sticker-electronic-Krakow-2017","item"
"4172","4154","Sticker-electronic-London-2018","item"
"4173","4155","Sticker-emagine-Foil-Cologne-2015","item"
"4174","4156","Sticker-emagine-Cologne-2015","item"
"4175","4157","Sticker-erkaSt-Foil-Berlin-2019","item"
"4176","4158","Sticker-erkaSt-Foil-Katowice-2019","item"
"4177","4159","Sticker-erkaSt-Gold-Berlin-2019","item"
"4178","4160","Sticker-erkaSt-Gold-Katowice-2019","item"
"4179","4161","Sticker-erkaSt-Berlin-2019","item"
"4180","4162","Sticker-erkaSt-Katowice-2019","item"
"4181","4163","Sticker-f0rest-Foil-Berlin-2019","item"
"4182","4164","Sticker-f0rest-Foil-Cluj-Napoca-2015","item"
"4183","4165","Sticker-f0rest-Foil-Cologne-2015","item"
"4184","4166","Sticker-f0rest-Foil-Cologne-2016","item"
"4185","4167","Sticker-f0rest-Foil-Katowice-2019","item"
"4186","4168","Sticker-f0rest-Foil-London-2018","item"
"4187","4169","Sticker-f0rest-Foil-MLG-Columbus-2016","item"
"4188","4170","Sticker-f0rest-Gold-Berlin-2019","item"
"4189","4171","Sticker-f0rest-Gold-Katowice-2019","item"
"4190","4172","Sticker-f0rest-Gold-London-2018","item"
"4191","4173","Sticker-f0rest-Berlin-2019","item"
"4192","4174","Sticker-f0rest-Cluj-Napoca-2015","item"
"4193","4175","Sticker-f0rest-Cologne-2015","item"
"4194","4176","Sticker-f0rest-Cologne-2016","item"
"4195","4177","Sticker-f0rest-Katowice-2019","item"
"4196","4178","Sticker-f0rest-London-2018","item"
"4197","4179","Sticker-f0rest-MLG-Columbus-2016","item"
"4198","4180","Sticker-facecrack-Foil-Berlin-2019","item"
"4199","4181","Sticker-facecrack-Gold-Berlin-2019","item"
"4200","4182","Sticker-facecrack-Berlin-2019","item"
"4201","4183","Sticker-felps-Foil-Boston-2018","item"
"4202","4184","Sticker-felps-Foil-Katowice-2019","item"
"4203","4185","Sticker-felps-Foil-Krakow-2017","item"
"4204","4186","Sticker-felps-Gold-Boston-2018","item"
"4205","4187","Sticker-felps-Gold-Katowice-2019","item"
"4206","4188","Sticker-felps-Gold-Krakow-2017","item"
"4207","4189","Sticker-felps-Boston-2018","item"
"4208","4190","Sticker-felps-Katowice-2019","item"
"4209","4191","Sticker-felps-Krakow-2017","item"
"4210","4192","Sticker-fer-Foil-Atlanta-2017","item"
"4211","4193","Sticker-fer-Foil-Berlin-2019","item"
"4212","4194","Sticker-fer-Foil-Boston-2018","item"
"4213","4195","Sticker-fer-Foil-Cluj-Napoca-2015","item"
"4214","4196","Sticker-fer-Foil-Cologne-2015","item"
"4215","4197","Sticker-fer-Foil-Cologne-2016","item"
"4216","4198","Sticker-fer-Foil-Katowice-2019","item"
"4217","4199","Sticker-fer-Foil-Krakow-2017","item"
"4218","4200","Sticker-fer-Foil-London-2018","item"
"4219","4201","Sticker-fer-Foil-MLG-Columbus-2016","item"
"4220","4202","Sticker-fer-Gold-Berlin-2019","item"
"4221","4203","Sticker-fer-Gold-Boston-2018","item"
"4222","4204","Sticker-fer-Gold-Katowice-2019","item"
"4223","4205","Sticker-fer-Gold-Krakow-2017","item"
"4224","4206","Sticker-fer-Gold-London-2018","item"
"4225","4207","Sticker-fer-Atlanta-2017","item"
"4226","4208","Sticker-fer-Berlin-2019","item"
"4227","4209","Sticker-fer-Boston-2018","item"
"4228","4210","Sticker-fer-Cluj-Napoca-2015","item"
"4229","4211","Sticker-fer-Cologne-2015","item"
"4230","4212","Sticker-fer-Cologne-2016","item"
"4231","4213","Sticker-fer-Katowice-2019","item"
"4232","4214","Sticker-fer-Krakow-2017","item"
"4233","4215","Sticker-fer-London-2018","item"
"4234","4216","Sticker-fer-MLG-Columbus-2016","item"
"4235","4217","Sticker-fitch-Foil-Boston-2018","item"
"4236","4218","Sticker-fitch-Foil-Katowice-2019","item"
"4237","4219","Sticker-fitch-Gold-Boston-2018","item"
"4238","4220","Sticker-fitch-Gold-Katowice-2019","item"
"4239","4221","Sticker-fitch-Boston-2018","item"
"4240","4222","Sticker-fitch-Katowice-2019","item"
"4241","4223","Sticker-flamie-Foil-Atlanta-2017","item"
"4242","4224","Sticker-flamie-Foil-Berlin-2019","item"
"4243","4225","Sticker-flamie-Foil-Boston-2018","item"
"4244","4226","Sticker-flamie-Foil-Cluj-Napoca-2015","item"
"4245","4227","Sticker-flamie-Foil-Cologne-2015","item"
"4246","4228","Sticker-flamie-Foil-Cologne-2016","item"
"4247","4229","Sticker-flamie-Foil-Katowice-2019","item"
"4248","4230","Sticker-flamie-Foil-Krakow-2017","item"
"4249","4231","Sticker-flamie-Foil-London-2018","item"
"4250","4232","Sticker-flamie-Foil-MLG-Columbus-2016","item"
"4251","4233","Sticker-flamie-Gold-Berlin-2019","item"
"4252","4234","Sticker-flamie-Gold-Boston-2018","item"
"4253","4235","Sticker-flamie-Gold-Katowice-2019","item"
"4254","4236","Sticker-flamie-Gold-Krakow-2017","item"
"4255","4237","Sticker-flamie-Gold-London-2018","item"
"4256","4238","Sticker-flamie-Atlanta-2017","item"
"4257","4239","Sticker-flamie-Berlin-2019","item"
"4258","4240","Sticker-flamie-Boston-2018","item"
"4259","4241","Sticker-flamie-Cluj-Napoca-2015","item"
"4260","4242","Sticker-flamie-Cologne-2015","item"
"4261","4243","Sticker-flamie-Cologne-2016","item"
"4262","4244","Sticker-flamie-Katowice-2019","item"
"4263","4245","Sticker-flamie-Krakow-2017","item"
"4264","4246","Sticker-flamie-London-2018","item"
"4265","4247","Sticker-flamie-MLG-Columbus-2016","item"
"4266","4248","Sticker-flusha-Foil-Atlanta-2017","item"
"4267","4249","Sticker-flusha-Foil-Boston-2018","item"
"4268","4250","Sticker-flusha-Foil-Cluj-Napoca-2015","item"
"4269","4251","Sticker-flusha-Foil-Cologne-2015","item"
"4270","4252","Sticker-flusha-Foil-Cologne-2016","item"
"4271","4253","Sticker-flusha-Foil-Katowice-2019","item"
"4272","4254","Sticker-flusha-Foil-Krakow-2017","item"
"4273","4255","Sticker-flusha-Foil-London-2018","item"
"4274","4256","Sticker-flusha-Foil-MLG-Columbus-2016","item"
"4275","4257","Sticker-flusha-Gold-Boston-2018","item"
"4276","4258","Sticker-flusha-Gold-Katowice-2019","item"
"4277","4259","Sticker-flusha-Gold-Krakow-2017","item"
"4278","4260","Sticker-flusha-Gold-London-2018","item"
"4279","4261","Sticker-flusha-Atlanta-2017","item"
"4280","4262","Sticker-flusha-Boston-2018","item"
"4281","4263","Sticker-flusha-Cluj-Napoca-2015","item"
"4282","4264","Sticker-flusha-Cologne-2015","item"
"4283","4265","Sticker-flusha-Cologne-2016","item"
"4284","4266","Sticker-flusha-Katowice-2019","item"
"4285","4267","Sticker-flusha-Krakow-2017","item"
"4286","4268","Sticker-flusha-London-2018","item"
"4287","4269","Sticker-flusha-MLG-Columbus-2016","item"
"4288","4270","Sticker-fnx-Foil-Boston-2018","item"
"4289","4271","Sticker-fnx-Foil-Cologne-2016","item"
"4290","4272","Sticker-fnx-Foil-MLG-Columbus-2016","item"
"4291","4273","Sticker-fnx-Gold-Boston-2018","item"
"4292","4274","Sticker-fnx-Boston-2018","item"
"4293","4275","Sticker-fnx-Cologne-2016","item"
"4294","4276","Sticker-fnx-MLG-Columbus-2016","item"
"4295","4277","Sticker-forZe-eSports-Foil-Berlin-2019","item"
"4296","4278","Sticker-forZe-eSports-Holo-Berlin-2019","item"
"4297","4279","Sticker-forZe-eSports-Berlin-2019","item"
"4298","4280","Sticker-fox-Foil-Atlanta-2017","item"
"4299","4281","Sticker-fox-Foil-Cluj-Napoca-2015","item"
"4300","4282","Sticker-fox-Foil-Cologne-2015","item"
"4301","4283","Sticker-fox-Foil-Cologne-2016","item"
"4302","4284","Sticker-fox-Foil-MLG-Columbus-2016","item"
"4303","4285","Sticker-fox-Atlanta-2017","item"
"4304","4286","Sticker-fox-Cluj-Napoca-2015","item"
"4305","4287","Sticker-fox-Cologne-2015","item"
"4306","4288","Sticker-fox-Cologne-2016","item"
"4307","4289","Sticker-fox-MLG-Columbus-2016","item"
"4308","4290","Sticker-freakazoid-Foil-Cluj-Napoca-2015","item"
"4309","4291","Sticker-freakazoid-Foil-Cologne-2015","item"
"4310","4292","Sticker-freakazoid-Foil-MLG-Columbus-2016","item"
"4311","4293","Sticker-freakazoid-Cluj-Napoca-2015","item"
"4312","4294","Sticker-freakazoid-Cologne-2015","item"
"4313","4295","Sticker-freakazoid-MLG-Columbus-2016","item"
"4314","4296","Sticker-friberg-Foil-Cluj-Napoca-2015","item"
"4315","4297","Sticker-friberg-Foil-Cologne-2015","item"
"4316","4298","Sticker-friberg-Foil-Cologne-2016","item"
"4317","4299","Sticker-friberg-Foil-MLG-Columbus-2016","item"
"4318","4300","Sticker-friberg-Cluj-Napoca-2015","item"
"4319","4301","Sticker-friberg-Cologne-2015","item"
"4320","4302","Sticker-friberg-Cologne-2016","item"
"4321","4303","Sticker-friberg-MLG-Columbus-2016","item"
"4322","4304","Sticker-frozen-Foil-Berlin-2019","item"
"4323","4305","Sticker-frozen-Gold-Berlin-2019","item"
"4324","4306","Sticker-frozen-Berlin-2019","item"
"4325","4307","Sticker-gade-Foil-Berlin-2019","item"
"4326","4308","Sticker-gade-Foil-London-2018","item"
"4327","4309","Sticker-gade-Gold-Berlin-2019","item"
"4328","4310","Sticker-gade-Gold-London-2018","item"
"4329","4311","Sticker-gade-Berlin-2019","item"
"4330","4312","Sticker-gade-London-2018","item"
"4331","4313","Sticker-gla1ve-Foil-Atlanta-2017","item"
"4332","4314","Sticker-gla1ve-Foil-Berlin-2019","item"
"4333","4315","Sticker-gla1ve-Foil-Boston-2018","item"
"4334","4316","Sticker-gla1ve-Foil-Cologne-2016","item"
"4335","4317","Sticker-gla1ve-Foil-Katowice-2019","item"
"4336","4318","Sticker-gla1ve-Foil-Krakow-2017","item"
"4337","4319","Sticker-gla1ve-Foil-London-2018","item"
"4338","4320","Sticker-gla1ve-Gold-Berlin-2019","item"
"4339","4321","Sticker-gla1ve-Gold-Boston-2018","item"
"4340","4322","Sticker-gla1ve-Gold-Katowice-2019","item"
"4341","4323","Sticker-gla1ve-Gold-Krakow-2017","item"
"4342","4324","Sticker-gla1ve-Gold-London-2018","item"
"4343","4325","Sticker-gla1ve-Atlanta-2017","item"
"4344","4326","Sticker-gla1ve-Berlin-2019","item"
"4345","4327","Sticker-gla1ve-Boston-2018","item"
"4346","4328","Sticker-gla1ve-Cologne-2016","item"
"4347","4329","Sticker-gla1ve-Katowice-2019","item"
"4348","4330","Sticker-gla1ve-Krakow-2017","item"
"4349","4331","Sticker-gla1ve-London-2018","item"
"4350","4332","Sticker-gob-b-Foil-Boston-2018","item"
"4351","4333","Sticker-gob-b-Foil-Cluj-Napoca-2015","item"
"4352","4334","Sticker-gob-b-Foil-Cologne-2015","item"
"4353","4335","Sticker-gob-b-Foil-Katowice-2019","item"
"4354","4336","Sticker-gob-b-Foil-Krakow-2017","item"
"4355","4337","Sticker-gob-b-Foil-London-2018","item"
"4356","4338","Sticker-gob-b-Gold-Boston-2018","item"
"4357","4339","Sticker-gob-b-Gold-Katowice-2019","item"
"4358","4340","Sticker-gob-b-Gold-Krakow-2017","item"
"4359","4341","Sticker-gob-b-Gold-London-2018","item"
"4360","4342","Sticker-gob-b-Boston-2018","item"
"4361","4343","Sticker-gob-b-Cluj-Napoca-2015","item"
"4362","4344","Sticker-gob-b-Cologne-2015","item"
"4363","4345","Sticker-gob-b-Katowice-2019","item"
"4364","4346","Sticker-gob-b-Krakow-2017","item"
"4365","4347","Sticker-gob-b-London-2018","item"
"4366","4348","Sticker-hazed-Foil-Cluj-Napoca-2015","item"
"4367","4349","Sticker-hazed-Foil-Cologne-2015","item"
"4368","4350","Sticker-hazed-Foil-Cologne-2016","item"
"4369","4351","Sticker-hazed-Foil-MLG-Columbus-2016","item"
"4370","4352","Sticker-hazed-Cluj-Napoca-2015","item"
"4371","4353","Sticker-hazed-Cologne-2015","item"
"4372","4354","Sticker-hazed-Cologne-2016","item"
"4373","4355","Sticker-hazed-MLG-Columbus-2016","item"
"4374","4356","Sticker-hooch-Foil-Cologne-2016","item"
"4375","4357","Sticker-hooch-Foil-MLG-Columbus-2016","item"
"4376","4358","Sticker-hooch-Cologne-2016","item"
"4377","4359","Sticker-hooch-MLG-Columbus-2016","item"
"4378","4360","Sticker-huNter--Foil-Berlin-2019","item"
"4379","4361","Sticker-huNter--Gold-Berlin-2019","item"
"4380","4362","Sticker-huNter--Berlin-2019","item"
"4381","4363","Sticker-hutji-Foil-Boston-2018","item"
"4382","4364","Sticker-hutji-Foil-Katowice-2019","item"
"4383","4365","Sticker-hutji-Foil-Krakow-2017","item"
"4384","4366","Sticker-hutji-Foil-London-2018","item"
"4385","4367","Sticker-hutji-Gold-Boston-2018","item"
"4386","4368","Sticker-hutji-Gold-Katowice-2019","item"
"4387","4369","Sticker-hutji-Gold-Krakow-2017","item"
"4388","4370","Sticker-hutji-Gold-London-2018","item"
"4389","4371","Sticker-hutji-Boston-2018","item"
"4390","4372","Sticker-hutji-Katowice-2019","item"
"4391","4373","Sticker-hutji-Krakow-2017","item"
"4392","4374","Sticker-hutji-London-2018","item"
"4393","4375","Sticker-iBUYPOWER-Holo-Cologne-2014","item"
"4394","4376","Sticker-iBUYPOWER-Holo-Katowice-2014","item"
"4395","4377","Sticker-iBUYPOWER-Cologne-2014","item"
"4396","4378","Sticker-iBUYPOWER-DreamHack-2014","item"
"4397","4379","Sticker-iBUYPOWER-Katowice-2014","item"
"4398","4380","Sticker-innocent-Foil-Boston-2018","item"
"4399","4381","Sticker-innocent-Foil-Krakow-2017","item"
"4400","4382","Sticker-innocent-Gold-Boston-2018","item"
"4401","4383","Sticker-innocent-Gold-Krakow-2017","item"
"4402","4384","Sticker-innocent-Boston-2018","item"
"4403","4385","Sticker-innocent-Krakow-2017","item"
"4404","4386","Sticker-jR-Foil-Boston-2018","item"
"4405","4387","Sticker-jR-Foil-Katowice-2019","item"
"4406","4388","Sticker-jR-Foil-Krakow-2017","item"
"4407","4389","Sticker-jR-Foil-London-2018","item"
"4408","4390","Sticker-jR-Gold-Boston-2018","item"
"4409","4391","Sticker-jR-Gold-Katowice-2019","item"
"4410","4392","Sticker-jR-Gold-Krakow-2017","item"
"4411","4393","Sticker-jR-Gold-London-2018","item"
"4412","4394","Sticker-jR-Boston-2018","item"
"4413","4395","Sticker-jR-Katowice-2019","item"
"4414","4396","Sticker-jR-Krakow-2017","item"
"4415","4397","Sticker-jR-London-2018","item"
"4416","4398","Sticker-jasonR-Foil-MLG-Columbus-2016","item"
"4417","4399","Sticker-jasonR-MLG-Columbus-2016","item"
"4418","4400","Sticker-jdm64-Foil-Atlanta-2017","item"
"4419","4401","Sticker-jdm64-Foil-Boston-2018","item"
"4420","4402","Sticker-jdm64-Foil-Cluj-Napoca-2015","item"
"4421","4403","Sticker-jdm64-Foil-Cologne-2015","item"
"4422","4404","Sticker-jdm64-Foil-Cologne-2016","item"
"4423","4405","Sticker-jdm64-Foil-MLG-Columbus-2016","item"
"4424","4406","Sticker-jdm64-Gold-Boston-2018","item"
"4425","4407","Sticker-jdm64-Atlanta-2017","item"
"4426","4408","Sticker-jdm64-Boston-2018","item"
"4427","4409","Sticker-jdm64-Cluj-Napoca-2015","item"
"4428","4410","Sticker-jdm64-Cologne-2015","item"
"4429","4411","Sticker-jdm64-Cologne-2016","item"
"4430","4412","Sticker-jdm64-MLG-Columbus-2016","item"
"4431","4413","Sticker-jkaem-Foil-Berlin-2019","item"
"4432","4414","Sticker-jkaem-Foil-Cluj-Napoca-2015","item"
"4433","4415","Sticker-jkaem-Foil-Cologne-2016","item"
"4434","4416","Sticker-jkaem-Foil-Katowice-2019","item"
"4435","4417","Sticker-jkaem-Foil-London-2018","item"
"4436","4418","Sticker-jkaem-Foil-MLG-Columbus-2016","item"
"4437","4419","Sticker-jkaem-Gold-Berlin-2019","item"
"4438","4420","Sticker-jkaem-Gold-Katowice-2019","item"
"4439","4421","Sticker-jkaem-Gold-London-2018","item"
"4440","4422","Sticker-jkaem-Berlin-2019","item"
"4441","4423","Sticker-jkaem-Cluj-Napoca-2015","item"
"4442","4424","Sticker-jkaem-Cologne-2016","item"
"4443","4425","Sticker-jkaem-Katowice-2019","item"
"4444","4426","Sticker-jkaem-London-2018","item"
"4445","4427","Sticker-jkaem-MLG-Columbus-2016","item"
"4446","4428","Sticker-jks-Foil-Berlin-2019","item"
"4447","4429","Sticker-jks-Foil-Boston-2018","item"
"4448","4430","Sticker-jks-Foil-Cologne-2015","item"
"4449","4431","Sticker-jks-Foil-Katowice-2019","item"
"4450","4432","Sticker-jks-Foil-London-2018","item"
"4451","4433","Sticker-jks-Gold-Berlin-2019","item"
"4452","4434","Sticker-jks-Gold-Boston-2018","item"
"4453","4435","Sticker-jks-Gold-Katowice-2019","item"
"4454","4436","Sticker-jks-Gold-London-2018","item"
"4455","4437","Sticker-jks-Berlin-2019","item"
"4456","4438","Sticker-jks-Boston-2018","item"
"4457","4439","Sticker-jks-Cologne-2015","item"
"4458","4440","Sticker-jks-Katowice-2019","item"
"4459","4441","Sticker-jks-London-2018","item"
"4460","4442","Sticker-jmqa-Foil-Boston-2018","item"
"4461","4443","Sticker-jmqa-Foil-London-2018","item"
"4462","4444","Sticker-jmqa-Gold-Boston-2018","item"
"4463","4445","Sticker-jmqa-Gold-London-2018","item"
"4464","4446","Sticker-jmqa-Boston-2018","item"
"4465","4447","Sticker-jmqa-London-2018","item"
"4466","4448","Sticker-k0nfig-Foil-Atlanta-2017","item"
"4467","4449","Sticker-k0nfig-Foil-Boston-2018","item"
"4468","4450","Sticker-k0nfig-Foil-Cologne-2016","item"
"4469","4451","Sticker-k0nfig-Foil-Krakow-2017","item"
"4470","4452","Sticker-k0nfig-Foil-London-2018","item"
"4471","4453","Sticker-k0nfig-Gold-Boston-2018","item"
"4472","4454","Sticker-k0nfig-Gold-Krakow-2017","item"
"4473","4455","Sticker-k0nfig-Gold-London-2018","item"
"4474","4456","Sticker-k0nfig-Atlanta-2017","item"
"4475","4457","Sticker-k0nfig-Boston-2018","item"
"4476","4458","Sticker-k0nfig-Cologne-2016","item"
"4477","4459","Sticker-k0nfig-Krakow-2017","item"
"4478","4460","Sticker-k0nfig-London-2018","item"
"4479","4461","Sticker-kNgV--Foil-Berlin-2019","item"
"4480","4462","Sticker-kNgV--Foil-Boston-2018","item"
"4481","4463","Sticker-kNgV--Foil-Krakow-2017","item"
"4482","4464","Sticker-kNgV--Gold-Berlin-2019","item"
"4483","4465","Sticker-kNgV--Gold-Boston-2018","item"
"4484","4466","Sticker-kNgV--Gold-Krakow-2017","item"
"4485","4467","Sticker-kNgV--Berlin-2019","item"
"4486","4468","Sticker-kNgV--Boston-2018","item"
"4487","4469","Sticker-kNgV--Krakow-2017","item"
"4488","4470","Sticker-kRYSTAL-Foil-Boston-2018","item"
"4489","4471","Sticker-kRYSTAL-Foil-Krakow-2017","item"
"4490","4472","Sticker-kRYSTAL-Gold-Boston-2018","item"
"4491","4473","Sticker-kRYSTAL-Gold-Krakow-2017","item"
"4492","4474","Sticker-kRYSTAL-Boston-2018","item"
"4493","4475","Sticker-kRYSTAL-Krakow-2017","item"
"4494","4476","Sticker-karrigan-Foil-Atlanta-2017","item"
"4495","4477","Sticker-karrigan-Foil-Berlin-2019","item"
"4496","4478","Sticker-karrigan-Foil-Boston-2018","item"
"4497","4479","Sticker-karrigan-Foil-Cluj-Napoca-2015","item"
"4498","4480","Sticker-karrigan-Foil-Cologne-2015","item"
"4499","4481","Sticker-karrigan-Foil-Cologne-2016","item"
"4500","4482","Sticker-karrigan-Foil-Krakow-2017","item"
"4501","4483","Sticker-karrigan-Foil-London-2018","item"
"4502","4484","Sticker-karrigan-Foil-MLG-Columbus-2016","item"
"4503","4485","Sticker-karrigan-Gold-Berlin-2019","item"
"4504","4486","Sticker-karrigan-Gold-Boston-2018","item"
"4505","4487","Sticker-karrigan-Gold-Krakow-2017","item"
"4506","4488","Sticker-karrigan-Gold-London-2018","item"
"4507","4489","Sticker-karrigan-Atlanta-2017","item"
"4508","4490","Sticker-karrigan-Berlin-2019","item"
"4509","4491","Sticker-karrigan-Boston-2018","item"
"4510","4492","Sticker-karrigan-Cluj-Napoca-2015","item"
"4511","4493","Sticker-karrigan-Cologne-2015","item"
"4512","4494","Sticker-karrigan-Cologne-2016","item"
"4513","4495","Sticker-karrigan-Krakow-2017","item"
"4514","4496","Sticker-karrigan-London-2018","item"
"4515","4497","Sticker-karrigan-MLG-Columbus-2016","item"
"4516","4498","Sticker-keev-Foil-Boston-2018","item"
"4517","4499","Sticker-keev-Foil-Krakow-2017","item"
"4518","4500","Sticker-keev-Gold-Boston-2018","item"
"4519","4501","Sticker-keev-Gold-Krakow-2017","item"
"4520","4502","Sticker-keev-Boston-2018","item"
"4521","4503","Sticker-keev-Krakow-2017","item"
"4522","4504","Sticker-kennyS-Foil-Atlanta-2017","item"
"4523","4505","Sticker-kennyS-Foil-Berlin-2019","item"
"4524","4506","Sticker-kennyS-Foil-Boston-2018","item"
"4525","4507","Sticker-kennyS-Foil-Cluj-Napoca-2015","item"
"4526","4508","Sticker-kennyS-Foil-Cologne-2015","item"
"4527","4509","Sticker-kennyS-Foil-Cologne-2016","item"
"4528","4510","Sticker-kennyS-Foil-Katowice-2019","item"
"4529","4511","Sticker-kennyS-Foil-Krakow-2017","item"
"4530","4512","Sticker-kennyS-Foil-London-2018","item"
"4531","4513","Sticker-kennyS-Foil-MLG-Columbus-2016","item"
"4532","4514","Sticker-kennyS-Gold-Berlin-2019","item"
"4533","4515","Sticker-kennyS-Gold-Boston-2018","item"
"4534","4516","Sticker-kennyS-Gold-Katowice-2019","item"
"4535","4517","Sticker-kennyS-Gold-Krakow-2017","item"
"4536","4518","Sticker-kennyS-Gold-London-2018","item"
"4537","4519","Sticker-kennyS-Atlanta-2017","item"
"4538","4520","Sticker-kennyS-Berlin-2019","item"
"4539","4521","Sticker-kennyS-Boston-2018","item"
"4540","4522","Sticker-kennyS-Cluj-Napoca-2015","item"
"4541","4523","Sticker-kennyS-Cologne-2015","item"
"4542","4524","Sticker-kennyS-Cologne-2016","item"
"4543","4525","Sticker-kennyS-Katowice-2019","item"
"4544","4526","Sticker-kennyS-Krakow-2017","item"
"4545","4527","Sticker-kennyS-London-2018","item"
"4546","4528","Sticker-kennyS-MLG-Columbus-2016","item"
"4547","4529","Sticker-keshandr-Foil-Boston-2018","item"
"4548","4530","Sticker-keshandr-Foil-Krakow-2017","item"
"4549","4531","Sticker-keshandr-Gold-Boston-2018","item"
"4550","4532","Sticker-keshandr-Gold-Krakow-2017","item"
"4551","4533","Sticker-keshandr-Boston-2018","item"
"4552","4534","Sticker-keshandr-Krakow-2017","item"
"4553","4535","Sticker-kinqie-Foil-Berlin-2019","item"
"4554","4536","Sticker-kinqie-Gold-Berlin-2019","item"
"4555","4537","Sticker-kinqie-Berlin-2019","item"
"4556","4538","Sticker-kioShiMa-Foil-Atlanta-2017","item"
"4557","4539","Sticker-kioShiMa-Foil-Cluj-Napoca-2015","item"
"4558","4540","Sticker-kioShiMa-Foil-Cologne-2015","item"
"4559","4541","Sticker-kioShiMa-Foil-Cologne-2016","item"
"4560","4542","Sticker-kioShiMa-Foil-Katowice-2019","item"
"4561","4543","Sticker-kioShiMa-Foil-Krakow-2017","item"
"4562","4544","Sticker-kioShiMa-Gold-Katowice-2019","item"
"4563","4545","Sticker-kioShiMa-Gold-Krakow-2017","item"
"4564","4546","Sticker-kioShiMa-Atlanta-2017","item"
"4565","4547","Sticker-kioShiMa-Cluj-Napoca-2015","item"
"4566","4548","Sticker-kioShiMa-Cologne-2015","item"
"4567","4549","Sticker-kioShiMa-Cologne-2016","item"
"4568","4550","Sticker-kioShiMa-Katowice-2019","item"
"4569","4551","Sticker-kioShiMa-Krakow-2017","item"
"4570","4552","Sticker-koosta-Foil-Cologne-2016","item"
"4571","4553","Sticker-koosta-Cologne-2016","item"
"4572","4554","Sticker-loWel-Foil-Atlanta-2017","item"
"4573","4555","Sticker-loWel-Foil-Berlin-2019","item"
"4574","4556","Sticker-loWel-Foil-Krakow-2017","item"
"4575","4557","Sticker-loWel-Gold-Berlin-2019","item"
"4576","4558","Sticker-loWel-Gold-Krakow-2017","item"
"4577","4559","Sticker-loWel-Atlanta-2017","item"
"4578","4560","Sticker-loWel-Berlin-2019","item"
"4579","4561","Sticker-loWel-Krakow-2017","item"
"4580","4562","Sticker-malta-Foil-Berlin-2019","item"
"4581","4563","Sticker-malta-Foil-Katowice-2019","item"
"4582","4564","Sticker-malta-Gold-Berlin-2019","item"
"4583","4565","Sticker-malta-Gold-Katowice-2019","item"
"4584","4566","Sticker-malta-Berlin-2019","item"
"4585","4567","Sticker-malta-Katowice-2019","item"
"4586","4568","Sticker-markeloff-Foil-Atlanta-2017","item"
"4587","4569","Sticker-markeloff-Foil-Boston-2018","item"
"4588","4570","Sticker-markeloff-Foil-Cluj-Napoca-2015","item"
"4589","4571","Sticker-markeloff-Foil-Cologne-2015","item"
"4590","4572","Sticker-markeloff-Foil-Cologne-2016","item"
"4591","4573","Sticker-markeloff-Foil-Krakow-2017","item"
"4592","4574","Sticker-markeloff-Foil-MLG-Columbus-2016","item"
"4593","4575","Sticker-markeloff-Gold-Boston-2018","item"
"4594","4576","Sticker-markeloff-Gold-Krakow-2017","item"
"4595","4577","Sticker-markeloff-Atlanta-2017","item"
"4596","4578","Sticker-markeloff-Boston-2018","item"
"4597","4579","Sticker-markeloff-Cluj-Napoca-2015","item"
"4598","4580","Sticker-markeloff-Cologne-2015","item"
"4599","4581","Sticker-markeloff-Cologne-2016","item"
"4600","4582","Sticker-markeloff-Krakow-2017","item"
"4601","4583","Sticker-markeloff-MLG-Columbus-2016","item"
"4602","4584","Sticker-mir-Foil-Boston-2018","item"
"4603","4585","Sticker-mir-Foil-Krakow-2017","item"
"4604","4586","Sticker-mir-Foil-London-2018","item"
"4605","4587","Sticker-mir-Gold-Boston-2018","item"
"4606","4588","Sticker-mir-Gold-Krakow-2017","item"
"4607","4589","Sticker-mir-Gold-London-2018","item"
"4608","4590","Sticker-mir-Boston-2018","item"
"4609","4591","Sticker-mir-Krakow-2017","item"
"4610","4592","Sticker-mir-London-2018","item"
"4611","4593","Sticker-mixwell-Foil-Atlanta-2017","item"
"4612","4594","Sticker-mixwell-Foil-Cologne-2016","item"
"4613","4595","Sticker-mixwell-Atlanta-2017","item"
"4614","4596","Sticker-mixwell-Cologne-2016","item"
"4615","4597","Sticker-mou-Foil-Atlanta-2017","item"
"4616","4598","Sticker-mou-Foil-Boston-2018","item"
"4617","4599","Sticker-mou-Foil-Cologne-2016","item"
"4618","4600","Sticker-mou-Foil-Krakow-2017","item"
"4619","4601","Sticker-mou-Foil-London-2018","item"
"4620","4602","Sticker-mou-Foil-MLG-Columbus-2016","item"
"4621","4603","Sticker-mou-Gold-Boston-2018","item"
"4622","4604","Sticker-mou-Gold-Krakow-2017","item"
"4623","4605","Sticker-mou-Gold-London-2018","item"
"4624","4606","Sticker-mou-Atlanta-2017","item"
"4625","4607","Sticker-mou-Boston-2018","item"
"4626","4608","Sticker-mou-Cologne-2016","item"
"4627","4609","Sticker-mou-Krakow-2017","item"
"4628","4610","Sticker-mou-London-2018","item"
"4629","4611","Sticker-mou-MLG-Columbus-2016","item"
"4630","4612","Sticker-mousesports-Foil-Atlanta-2017","item"
"4631","4613","Sticker-mousesports-Foil-Berlin-2019","item"
"4632","4614","Sticker-mousesports-Foil-Boston-2018","item"
"4633","4615","Sticker-mousesports-Foil-Cluj-Napoca-2015","item"
"4634","4616","Sticker-mousesports-Foil-Cologne-2015","item"
"4635","4617","Sticker-mousesports-Foil-Cologne-2016","item"
"4636","4618","Sticker-mousesports-Foil-Krakow-2017","item"
"4637","4619","Sticker-mousesports-Foil-London-2018","item"
"4638","4620","Sticker-mousesports-Foil-MLG-Columbus-2016","item"
"4639","4621","Sticker-mousesports-Holo-Atlanta-2017","item"
"4640","4622","Sticker-mousesports-Holo-Berlin-2019","item"
"4641","4623","Sticker-mousesports-Holo-Boston-2018","item"
"4642","4624","Sticker-mousesports-Holo-Cologne-2016","item"
"4643","4625","Sticker-mousesports-Holo-Katowice-2014","item"
"4644","4626","Sticker-mousesports-Holo-Krakow-2017","item"
"4645","4627","Sticker-mousesports-Holo-London-2018","item"
"4646","4628","Sticker-mousesports-Holo-MLG-Columbus-2016","item"
"4647","4629","Sticker-mousesports-Atlanta-2017","item"
"4648","4630","Sticker-mousesports-Berlin-2019","item"
"4649","4631","Sticker-mousesports-Boston-2018","item"
"4650","4632","Sticker-mousesports-Cluj-Napoca-2015","item"
"4651","4633","Sticker-mousesports-Cologne-2015","item"
"4652","4634","Sticker-mousesports-Cologne-2016","item"
"4653","4635","Sticker-mousesports-Katowice-2014","item"
"4654","4636","Sticker-mousesports-Krakow-2017","item"
"4655","4637","Sticker-mousesports-London-2018","item"
"4656","4638","Sticker-mousesports-MLG-Columbus-2016","item"
"4657","4639","Sticker-myXMG-DreamHack-2014","item"
"4658","4640","Sticker-n0rb3r7-Foil-Katowice-2019","item"
"4659","4641","Sticker-n0rb3r7-Gold-Katowice-2019","item"
"4660","4642","Sticker-n0rb3r7-Katowice-2019","item"
"4661","4643","Sticker-n0thing-Foil-Cluj-Napoca-2015","item"
"4662","4644","Sticker-n0thing-Foil-Cologne-2015","item"
"4663","4645","Sticker-n0thing-Foil-Katowice-2019","item"
"4664","4646","Sticker-n0thing-Foil-Krakow-2017","item"
"4665","4647","Sticker-n0thing-Foil-MLG-Columbus-2016","item"
"4666","4648","Sticker-n0thing-Gold-Katowice-2019","item"
"4667","4649","Sticker-n0thing-Gold-Krakow-2017","item"
"4668","4650","Sticker-n0thing-Cluj-Napoca-2015","item"
"4669","4651","Sticker-n0thing-Cologne-2015","item"
"4670","4652","Sticker-n0thing-Katowice-2019","item"
"4671","4653","Sticker-n0thing-Krakow-2017","item"
"4672","4654","Sticker-n0thing-MLG-Columbus-2016","item"
"4673","4655","Sticker-neaLaN-Foil-Berlin-2019","item"
"4674","4656","Sticker-neaLaN-Gold-Berlin-2019","item"
"4675","4657","Sticker-neaLaN-Berlin-2019","item"
"4676","4658","Sticker-nex-Foil-Boston-2018","item"
"4677","4659","Sticker-nex-Foil-Cluj-Napoca-2015","item"
"4678","4660","Sticker-nex-Foil-Cologne-2015","item"
"4679","4661","Sticker-nex-Foil-Cologne-2016","item"
"4680","4662","Sticker-nex-Foil-Krakow-2017","item"
"4681","4663","Sticker-nex-Foil-London-2018","item"
"4682","4664","Sticker-nex-Foil-MLG-Columbus-2016","item"
"4683","4665","Sticker-nex-Gold-Boston-2018","item"
"4684","4666","Sticker-nex-Gold-Krakow-2017","item"
"4685","4667","Sticker-nex-Gold-London-2018","item"
"4686","4668","Sticker-nex-Boston-2018","item"
"4687","4669","Sticker-nex-Cluj-Napoca-2015","item"
"4688","4670","Sticker-nex-Cologne-2015","item"
"4689","4671","Sticker-nex-Cologne-2016","item"
"4690","4672","Sticker-nex-Krakow-2017","item"
"4691","4673","Sticker-nex-London-2018","item"
"4692","4674","Sticker-nex-MLG-Columbus-2016","item"
"4693","4675","Sticker-nexa-Foil-Berlin-2019","item"
"4694","4676","Sticker-nexa-Gold-Berlin-2019","item"
"4695","4677","Sticker-nexa-Berlin-2019","item"
"4696","4678","Sticker-ngiN-Foil-Boston-2018","item"
"4697","4679","Sticker-ngiN-Foil-London-2018","item"
"4698","4680","Sticker-ngiN-Gold-Boston-2018","item"
"4699","4681","Sticker-ngiN-Gold-London-2018","item"
"4700","4682","Sticker-ngiN-Boston-2018","item"
"4701","4683","Sticker-ngiN-London-2018","item"
"4702","4684","Sticker-niko--London-2018","item"
"4703","4685","Sticker-niko-Foil--London-2018","item"
"4704","4686","Sticker-niko-Gold--London-2018","item"
"4705","4687","Sticker-nitr0-Foil-Atlanta-2017","item"
"4706","4688","Sticker-nitr0-Foil-Berlin-2019","item"
"4707","4689","Sticker-nitr0-Foil-Boston-2018","item"
"4708","4690","Sticker-nitr0-Foil-Cluj-Napoca-2015","item"
"4709","4691","Sticker-nitr0-Foil-Cologne-2016","item"
"4710","4692","Sticker-nitr0-Foil-Katowice-2019","item"
"4711","4693","Sticker-nitr0-Foil-London-2018","item"
"4712","4694","Sticker-nitr0-Foil-MLG-Columbus-2016","item"
"4713","4695","Sticker-nitr0-Gold-Berlin-2019","item"
"4714","4696","Sticker-nitr0-Gold-Boston-2018","item"
"4715","4697","Sticker-nitr0-Gold-Katowice-2019","item"
"4716","4698","Sticker-nitr0-Gold-London-2018","item"
"4717","4699","Sticker-nitr0-Atlanta-2017","item"
"4718","4700","Sticker-nitr0-Berlin-2019","item"
"4719","4701","Sticker-nitr0-Boston-2018","item"
"4720","4702","Sticker-nitr0-Cluj-Napoca-2015","item"
"4721","4703","Sticker-nitr0-Cologne-2016","item"
"4722","4704","Sticker-nitr0-Katowice-2019","item"
"4723","4705","Sticker-nitr0-London-2018","item"
"4724","4706","Sticker-nitr0-MLG-Columbus-2016","item"
"4725","4707","Sticker-oBo-Foil-Berlin-2019","item"
"4726","4708","Sticker-oBo-Gold-Berlin-2019","item"
"4727","4709","Sticker-oBo-Berlin-2019","item"
"4728","4710","Sticker-olofmeister-Foil-Atlanta-2017","item"
"4729","4711","Sticker-olofmeister-Foil-Berlin-2019","item"
"4730","4712","Sticker-olofmeister-Foil-Boston-2018","item"
"4731","4713","Sticker-olofmeister-Foil-Cluj-Napoca-2015","item"
"4732","4714","Sticker-olofmeister-Foil-Cologne-2015","item"
"4733","4715","Sticker-olofmeister-Foil-Cologne-2016","item"
"4734","4716","Sticker-olofmeister-Foil-Katowice-2019","item"
"4735","4717","Sticker-olofmeister-Foil-Krakow-2017","item"
"4736","4718","Sticker-olofmeister-Foil-London-2018","item"
"4737","4719","Sticker-olofmeister-Foil-MLG-Columbus-2016","item"
"4738","4720","Sticker-olofmeister-Gold-Berlin-2019","item"
"4739","4721","Sticker-olofmeister-Gold-Boston-2018","item"
"4740","4722","Sticker-olofmeister-Gold-Katowice-2019","item"
"4741","4723","Sticker-olofmeister-Gold-Krakow-2017","item"
"4742","4724","Sticker-olofmeister-Gold-London-2018","item"
"4743","4725","Sticker-olofmeister-Atlanta-2017","item"
"4744","4726","Sticker-olofmeister-Berlin-2019","item"
"4745","4727","Sticker-olofmeister-Boston-2018","item"
"4746","4728","Sticker-olofmeister-Cluj-Napoca-2015","item"
"4747","4729","Sticker-olofmeister-Cologne-2015","item"
"4748","4730","Sticker-olofmeister-Cologne-2016","item"
"4749","4731","Sticker-olofmeister-Katowice-2019","item"
"4750","4732","Sticker-olofmeister-Krakow-2017","item"
"4751","4733","Sticker-olofmeister-London-2018","item"
"4752","4734","Sticker-olofmeister-MLG-Columbus-2016","item"
"4753","4735","Sticker-oskar-Foil-Berlin-2019","item"
"4754","4736","Sticker-oskar-Foil-Boston-2018","item"
"4755","4737","Sticker-oskar-Foil-Krakow-2017","item"
"4756","4738","Sticker-oskar-Foil-London-2018","item"
"4757","4739","Sticker-oskar-Gold-Berlin-2019","item"
"4758","4740","Sticker-oskar-Gold-Boston-2018","item"
"4759","4741","Sticker-oskar-Gold-Krakow-2017","item"
"4760","4742","Sticker-oskar-Gold-London-2018","item"
"4761","4743","Sticker-oskar-Berlin-2019","item"
"4762","4744","Sticker-oskar-Boston-2018","item"
"4763","4745","Sticker-oskar-Krakow-2017","item"
"4764","4746","Sticker-oskar-London-2018","item"
"4765","4747","Sticker-ottoNd-Foil-Berlin-2019","item"
"4766","4748","Sticker-ottoNd-Gold-Berlin-2019","item"
"4767","4749","Sticker-ottoNd-Berlin-2019","item"
"4768","4750","Sticker-pashaBiceps-Foil-Atlanta-2017","item"
"4769","4751","Sticker-pashaBiceps-Foil-Boston-2018","item"
"4770","4752","Sticker-pashaBiceps-Foil-Cluj-Napoca-2015","item"
"4771","4753","Sticker-pashaBiceps-Foil-Cologne-2015","item"
"4772","4754","Sticker-pashaBiceps-Foil-Cologne-2016","item"
"4773","4755","Sticker-pashaBiceps-Foil-Krakow-2017","item"
"4774","4756","Sticker-pashaBiceps-Foil-London-2018","item"
"4775","4757","Sticker-pashaBiceps-Foil-MLG-Columbus-2016","item"
"4776","4758","Sticker-pashaBiceps-Gold-Boston-2018","item"
"4777","4759","Sticker-pashaBiceps-Gold-Krakow-2017","item"
"4778","4760","Sticker-pashaBiceps-Gold-London-2018","item"
"4779","4761","Sticker-pashaBiceps-Atlanta-2017","item"
"4780","4762","Sticker-pashaBiceps-Boston-2018","item"
"4781","4763","Sticker-pashaBiceps-Cluj-Napoca-2015","item"
"4782","4764","Sticker-pashaBiceps-Cologne-2015","item"
"4783","4765","Sticker-pashaBiceps-Cologne-2016","item"
"4784","4766","Sticker-pashaBiceps-Krakow-2017","item"
"4785","4767","Sticker-pashaBiceps-London-2018","item"
"4786","4768","Sticker-pashaBiceps-MLG-Columbus-2016","item"
"4787","4769","Sticker-paz-Foil-Boston-2018","item"
"4788","4770","Sticker-paz-Foil-London-2018","item"
"4789","4771","Sticker-paz-Gold-Boston-2018","item"
"4790","4772","Sticker-paz-Gold-London-2018","item"
"4791","4773","Sticker-paz-Boston-2018","item"
"4792","4774","Sticker-paz-London-2018","item"
"4793","4775","Sticker-peet-Foil-Cluj-Napoca-2015","item"
"4794","4776","Sticker-peet-Foil-Cologne-2015","item"
"4795","4777","Sticker-peet-Cluj-Napoca-2015","item"
"4796","4778","Sticker-peet-Cologne-2015","item"
"4797","4779","Sticker-pita-Foil-Cologne-2016","item"
"4798","4780","Sticker-pita-Cologne-2016","item"
"4799","4781","Sticker-pronax-Foil-Atlanta-2017","item"
"4800","4782","Sticker-pronax-Foil-Cluj-Napoca-2015","item"
"4801","4783","Sticker-pronax-Foil-Cologne-2015","item"
"4802","4784","Sticker-pronax-Atlanta-2017","item"
"4803","4785","Sticker-pronax-Cluj-Napoca-2015","item"
"4804","4786","Sticker-pronax-Cologne-2015","item"
"4805","4787","Sticker-pyth-Foil-Cologne-2016","item"
"4806","4788","Sticker-pyth-Foil-MLG-Columbus-2016","item"
"4807","4789","Sticker-pyth-Cologne-2016","item"
"4808","4790","Sticker-pyth-MLG-Columbus-2016","item"
"4809","4791","Sticker-qikert-Foil-Berlin-2019","item"
"4810","4792","Sticker-qikert-Foil-Boston-2018","item"
"4811","4793","Sticker-qikert-Foil-Katowice-2019","item"
"4812","4794","Sticker-qikert-Gold-Berlin-2019","item"
"4813","4795","Sticker-qikert-Gold-Boston-2018","item"
"4814","4796","Sticker-qikert-Gold-Katowice-2019","item"
"4815","4797","Sticker-qikert-Berlin-2019","item"
"4816","4798","Sticker-qikert-Boston-2018","item"
"4817","4799","Sticker-qikert-Katowice-2019","item"
"4818","4800","Sticker-rain-Foil-Atlanta-2017","item"
"4819","4801","Sticker-rain-Foil-Berlin-2019","item"
"4820","4802","Sticker-rain-Foil-Boston-2018","item"
"4821","4803","Sticker-rain-Foil-Cluj-Napoca-2015","item"
"4822","4804","Sticker-rain-Foil-Cologne-2015","item"
"4823","4805","Sticker-rain-Foil-Cologne-2016","item"
"4824","4806","Sticker-rain-Foil-Katowice-2019","item"
"4825","4807","Sticker-rain-Foil-Krakow-2017","item"
"4826","4808","Sticker-rain-Foil-London-2018","item"
"4827","4809","Sticker-rain-Foil-MLG-Columbus-2016","item"
"4828","4810","Sticker-rain-Gold-Berlin-2019","item"
"4829","4811","Sticker-rain-Gold-Boston-2018","item"
"4830","4812","Sticker-rain-Gold-Katowice-2019","item"
"4831","4813","Sticker-rain-Gold-Krakow-2017","item"
"4832","4814","Sticker-rain-Gold-London-2018","item"
"4833","4815","Sticker-rain-Atlanta-2017","item"
"4834","4816","Sticker-rain-Berlin-2019","item"
"4835","4817","Sticker-rain-Boston-2018","item"
"4836","4818","Sticker-rain-Cluj-Napoca-2015","item"
"4837","4819","Sticker-rain-Cologne-2015","item"
"4838","4820","Sticker-rain-Cologne-2016","item"
"4839","4821","Sticker-rain-Katowice-2019","item"
"4840","4822","Sticker-rain-Krakow-2017","item"
"4841","4823","Sticker-rain-London-2018","item"
"4842","4824","Sticker-rain-MLG-Columbus-2016","item"
"4843","4825","Sticker-rallen-Foil-Cluj-Napoca-2015","item"
"4844","4826","Sticker-rallen-Foil-Cologne-2015","item"
"4845","4827","Sticker-rallen-Cluj-Napoca-2015","item"
"4846","4828","Sticker-rallen-Cologne-2015","item"
"4847","4829","Sticker-reltuC-Foil-Cluj-Napoca-2015","item"
"4848","4830","Sticker-reltuC-Foil-Cologne-2015","item"
"4849","4831","Sticker-reltuC-Foil-Cologne-2016","item"
"4850","4832","Sticker-reltuC-Foil-MLG-Columbus-2016","item"
"4851","4833","Sticker-reltuC-Cluj-Napoca-2015","item"
"4852","4834","Sticker-reltuC-Cologne-2015","item"
"4853","4835","Sticker-reltuC-Cologne-2016","item"
"4854","4836","Sticker-reltuC-MLG-Columbus-2016","item"
"4855","4837","Sticker-ropz-Foil-Berlin-2019","item"
"4856","4838","Sticker-ropz-Foil-Boston-2018","item"
"4857","4839","Sticker-ropz-Foil-Krakow-2017","item"
"4858","4840","Sticker-ropz-Foil-London-2018","item"
"4859","4841","Sticker-ropz-Gold-Berlin-2019","item"
"4860","4842","Sticker-ropz-Gold-Boston-2018","item"
"4861","4843","Sticker-ropz-Gold-Krakow-2017","item"
"4862","4844","Sticker-ropz-Gold-London-2018","item"
"4863","4845","Sticker-ropz-Berlin-2019","item"
"4864","4846","Sticker-ropz-Boston-2018","item"
"4865","4847","Sticker-ropz-Krakow-2017","item"
"4866","4848","Sticker-ropz-London-2018","item"
"4867","4849","Sticker-s1mple-Foil-Atlanta-2017","item"
"4868","4850","Sticker-s1mple-Foil-Berlin-2019","item"
"4869","4851","Sticker-s1mple-Foil-Boston-2018","item"
"4870","4852","Sticker-s1mple-Foil-Cologne-2016","item"
"4871","4853","Sticker-s1mple-Foil-Katowice-2019","item"
"4872","4854","Sticker-s1mple-Foil-Krakow-2017","item"
"4873","4855","Sticker-s1mple-Foil-London-2018","item"
"4874","4856","Sticker-s1mple-Foil-MLG-Columbus-2016","item"
"4875","4857","Sticker-s1mple-Gold-Berlin-2019","item"
"4876","4858","Sticker-s1mple-Gold-Boston-2018","item"
"4877","4859","Sticker-s1mple-Gold-Katowice-2019","item"
"4878","4860","Sticker-s1mple-Gold-Krakow-2017","item"
"4879","4861","Sticker-s1mple-Gold-London-2018","item"
"4880","4862","Sticker-s1mple-Atlanta-2017","item"
"4881","4863","Sticker-s1mple-Berlin-2019","item"
"4882","4864","Sticker-s1mple-Boston-2018","item"
"4883","4865","Sticker-s1mple-Cologne-2016","item"
"4884","4866","Sticker-s1mple-Katowice-2019","item"
"4885","4867","Sticker-s1mple-Krakow-2017","item"
"4886","4868","Sticker-s1mple-London-2018","item"
"4887","4869","Sticker-s1mple-MLG-Columbus-2016","item"
"4888","4870","Sticker-sdy-Foil-Katowice-2019","item"
"4889","4871","Sticker-sdy-Foil-London-2018","item"
"4890","4872","Sticker-sdy-Gold-Katowice-2019","item"
"4891","4873","Sticker-sdy-Gold-London-2018","item"
"4892","4874","Sticker-sdy-Katowice-2019","item"
"4893","4875","Sticker-sdy-London-2018","item"
"4894","4876","Sticker-seang@res-Foil-Boston-2018","item"
"4895","4877","Sticker-seang@res-Foil-Cluj-Napoca-2015","item"
"4896","4878","Sticker-seang@res-Foil-Cologne-2015","item"
"4897","4879","Sticker-seang@res-Gold-Boston-2018","item"
"4898","4880","Sticker-seang@res-Boston-2018","item"
"4899","4881","Sticker-seang@res-Cluj-Napoca-2015","item"
"4900","4882","Sticker-seang@res-Cologne-2015","item"
"4901","4883","Sticker-seized-Foil-Atlanta-2017","item"
"4902","4884","Sticker-seized-Foil-Boston-2018","item"
"4903","4885","Sticker-seized-Foil-Cluj-Napoca-2015","item"
"4904","4886","Sticker-seized-Foil-Cologne-2015","item"
"4905","4887","Sticker-seized-Foil-Cologne-2016","item"
"4906","4888","Sticker-seized-Foil-Krakow-2017","item"
"4907","4889","Sticker-seized-Foil-MLG-Columbus-2016","item"
"4908","4890","Sticker-seized-Gold-Boston-2018","item"
"4909","4891","Sticker-seized-Gold-Krakow-2017","item"
"4910","4892","Sticker-seized-Atlanta-2017","item"
"4911","4893","Sticker-seized-Boston-2018","item"
"4912","4894","Sticker-seized-Cluj-Napoca-2015","item"
"4913","4895","Sticker-seized-Cologne-2015","item"
"4914","4896","Sticker-seized-Cologne-2016","item"
"4915","4897","Sticker-seized-Krakow-2017","item"
"4916","4898","Sticker-seized-MLG-Columbus-2016","item"
"4917","4899","Sticker-sergej-Foil-Berlin-2019","item"
"4918","4900","Sticker-sergej-Foil-Katowice-2019","item"
"4919","4901","Sticker-sergej-Gold-Berlin-2019","item"
"4920","4902","Sticker-sergej-Gold-Katowice-2019","item"
"4921","4903","Sticker-sergej-Berlin-2019","item"
"4922","4904","Sticker-sergej-Katowice-2019","item"
"4923","4905","Sticker-shox-Foil-Atlanta-2017","item"
"4924","4906","Sticker-shox-Foil-Berlin-2019","item"
"4925","4907","Sticker-shox-Foil-Boston-2018","item"
"4926","4908","Sticker-shox-Foil-Cluj-Napoca-2015","item"
"4927","4909","Sticker-shox-Foil-Cologne-2015","item"
"4928","4910","Sticker-shox-Foil-Cologne-2016","item"
"4929","4911","Sticker-shox-Foil-Katowice-2019","item"
"4930","4912","Sticker-shox-Foil-Krakow-2017","item"
"4931","4913","Sticker-shox-Foil-London-2018","item"
"4932","4914","Sticker-shox-Foil-MLG-Columbus-2016","item"
"4933","4915","Sticker-shox-Gold-Berlin-2019","item"
"4934","4916","Sticker-shox-Gold-Boston-2018","item"
"4935","4917","Sticker-shox-Gold-Katowice-2019","item"
"4936","4918","Sticker-shox-Gold-Krakow-2017","item"
"4937","4919","Sticker-shox-Gold-London-2018","item"
"4938","4920","Sticker-shox-Atlanta-2017","item"
"4939","4921","Sticker-shox-Berlin-2019","item"
"4940","4922","Sticker-shox-Boston-2018","item"
"4941","4923","Sticker-shox-Cluj-Napoca-2015","item"
"4942","4924","Sticker-shox-Cologne-2015","item"
"4943","4925","Sticker-shox-Cologne-2016","item"
"4944","4926","Sticker-shox-Katowice-2019","item"
"4945","4927","Sticker-shox-Krakow-2017","item"
"4946","4928","Sticker-shox-London-2018","item"
"4947","4929","Sticker-shox-MLG-Columbus-2016","item"
"4948","4930","Sticker-shroud-Foil-Cluj-Napoca-2015","item"
"4949","4931","Sticker-shroud-Foil-Cologne-2015","item"
"4950","4932","Sticker-shroud-Foil-Krakow-2017","item"
"4951","4933","Sticker-shroud-Foil-MLG-Columbus-2016","item"
"4952","4934","Sticker-shroud-Gold-Krakow-2017","item"
"4953","4935","Sticker-shroud-Cluj-Napoca-2015","item"
"4954","4936","Sticker-shroud-Cologne-2015","item"
"4955","4937","Sticker-shroud-Krakow-2017","item"
"4956","4938","Sticker-shroud-MLG-Columbus-2016","item"
"4957","4939","Sticker-smooya-Foil-Katowice-2019","item"
"4958","4940","Sticker-smooya-Foil-London-2018","item"
"4959","4941","Sticker-smooya-Gold-Katowice-2019","item"
"4960","4942","Sticker-smooya-Gold-London-2018","item"
"4961","4943","Sticker-smooya-Katowice-2019","item"
"4962","4944","Sticker-smooya-London-2018","item"
"4963","4945","Sticker-snatchie-Foil-London-2018","item"
"4964","4946","Sticker-snatchie-Gold-London-2018","item"
"4965","4947","Sticker-snatchie-London-2018","item"
"4966","4948","Sticker-somebody-Foil-Berlin-2019","item"
"4967","4949","Sticker-somebody-Foil-Boston-2018","item"
"4968","4950","Sticker-somebody-Foil-Katowice-2019","item"
"4969","4951","Sticker-somebody-Foil-London-2018","item"
"4970","4952","Sticker-somebody-Gold-Berlin-2019","item"
"4971","4953","Sticker-somebody-Gold-Boston-2018","item"
"4972","4954","Sticker-somebody-Gold-Katowice-2019","item"
"4973","4955","Sticker-somebody-Gold-London-2018","item"
"4974","4956","Sticker-somebody-Berlin-2019","item"
"4975","4957","Sticker-somebody-Boston-2018","item"
"4976","4958","Sticker-somebody-Katowice-2019","item"
"4977","4959","Sticker-somebody-London-2018","item"
"4978","4960","Sticker-spaze-Foil-Cologne-2016","item"
"4979","4961","Sticker-spaze-Cologne-2016","item"
"4980","4962","Sticker-speed4k-Foil-Berlin-2019","item"
"4981","4963","Sticker-speed4k-Gold-Berlin-2019","item"
"4982","4964","Sticker-speed4k-Berlin-2019","item"
"4983","4965","Sticker-stanislaw-Foil-Atlanta-2017","item"
"4984","4966","Sticker-stanislaw-Foil-Berlin-2019","item"
"4985","4967","Sticker-stanislaw-Foil-Boston-2018","item"
"4986","4968","Sticker-stanislaw-Foil-Cologne-2016","item"
"4987","4969","Sticker-stanislaw-Foil-Katowice-2019","item"
"4988","4970","Sticker-stanislaw-Foil-London-2018","item"
"4989","4971","Sticker-stanislaw-Gold-Berlin-2019","item"
"4990","4972","Sticker-stanislaw-Gold-Boston-2018","item"
"4991","4973","Sticker-stanislaw-Gold-Katowice-2019","item"
"4992","4974","Sticker-stanislaw-Gold-London-2018","item"
"4993","4975","Sticker-stanislaw-Atlanta-2017","item"
"4994","4976","Sticker-stanislaw-Berlin-2019","item"
"4995","4977","Sticker-stanislaw-Boston-2018","item"
"4996","4978","Sticker-stanislaw-Cologne-2016","item"
"4997","4979","Sticker-stanislaw-Katowice-2019","item"
"4998","4980","Sticker-stanislaw-London-2018","item"
"4999","4981","Sticker-steel-Foil-Cluj-Napoca-2015","item"
"5000","4982","Sticker-steel-Foil-Cologne-2015","item"
"5001","4983","Sticker-steel-Foil-Krakow-2017","item"
"5002","4984","Sticker-steel-Gold-Krakow-2017","item"
"5003","4985","Sticker-steel-Cluj-Napoca-2015","item"
"5004","4986","Sticker-steel-Cologne-2015","item"
"5005","4987","Sticker-steel-Krakow-2017","item"
"5006","4988","Sticker-sterling-Foil-Katowice-2019","item"
"5007","4989","Sticker-sterling-Gold-Katowice-2019","item"
"5008","4990","Sticker-sterling-Katowice-2019","item"
"5009","4991","Sticker-suNny-Foil-Boston-2018","item"
"5010","4992","Sticker-suNny-Foil-Krakow-2017","item"
"5011","4993","Sticker-suNny-Foil-London-2018","item"
"5012","4994","Sticker-suNny-Gold-Boston-2018","item"
"5013","4995","Sticker-suNny-Gold-Krakow-2017","item"
"5014","4996","Sticker-suNny-Gold-London-2018","item"
"5015","4997","Sticker-suNny-Boston-2018","item"
"5016","4998","Sticker-suNny-Krakow-2017","item"
"5017","4999","Sticker-suNny-London-2018","item"
"5018","5000","Sticker-svyat-Foil-Berlin-2019","item"
"5019","5001","Sticker-svyat-Gold-Berlin-2019","item"
"5020","5002","Sticker-svyat-Berlin-2019","item"
"5021","5003","Sticker-t0rick-Foil-Berlin-2019","item"
"5022","5004","Sticker-t0rick-Gold-Berlin-2019","item"
"5023","5005","Sticker-t0rick-Berlin-2019","item"
"5024","5006","Sticker-tabseN-Foil-Boston-2018","item"
"5025","5007","Sticker-tabseN-Foil-Katowice-2019","item"
"5026","5008","Sticker-tabseN-Foil-Krakow-2017","item"
"5027","5009","Sticker-tabseN-Foil-London-2018","item"
"5028","5010","Sticker-tabseN-Gold-Boston-2018","item"
"5029","5011","Sticker-tabseN-Gold-Katowice-2019","item"
"5030","5012","Sticker-tabseN-Gold-Krakow-2017","item"
"5031","5013","Sticker-tabseN-Gold-London-2018","item"
"5032","5014","Sticker-tabseN-Boston-2018","item"
"5033","5015","Sticker-tabseN-Katowice-2019","item"
"5034","5016","Sticker-tabseN-Krakow-2017","item"
"5035","5017","Sticker-tabseN-London-2018","item"
"5036","5018","Sticker-tarik-Foil-Atlanta-2017","item"
"5037","5019","Sticker-tarik-Foil-Berlin-2019","item"
"5038","5020","Sticker-tarik-Foil-Boston-2018","item"
"5039","5021","Sticker-tarik-Foil-Cluj-Napoca-2015","item"
"5040","5022","Sticker-tarik-Foil-Cologne-2015","item"
"5041","5023","Sticker-tarik-Foil-Cologne-2016","item"
"5042","5024","Sticker-tarik-Foil-London-2018","item"
"5043","5025","Sticker-tarik-Foil-MLG-Columbus-2016","item"
"5044","5026","Sticker-tarik-Gold-Berlin-2019","item"
"5045","5027","Sticker-tarik-Gold-Boston-2018","item"
"5046","5028","Sticker-tarik-Gold-London-2018","item"
"5047","5029","Sticker-tarik-Atlanta-2017","item"
"5048","5030","Sticker-tarik-Berlin-2019","item"
"5049","5031","Sticker-tarik-Boston-2018","item"
"5050","5032","Sticker-tarik-Cluj-Napoca-2015","item"
"5051","5033","Sticker-tarik-Cologne-2015","item"
"5052","5034","Sticker-tarik-Cologne-2016","item"
"5053","5035","Sticker-tarik-London-2018","item"
"5054","5036","Sticker-tarik-MLG-Columbus-2016","item"
"5055","5037","Sticker-tenzki-Foil-Cluj-Napoca-2015","item"
"5056","5038","Sticker-tenzki-Cluj-Napoca-2015","item"
"5057","5039","Sticker-tiziaN-Foil-Katowice-2019","item"
"5058","5040","Sticker-tiziaN-Foil-London-2018","item"
"5059","5041","Sticker-tiziaN-Gold-Katowice-2019","item"
"5060","5042","Sticker-tiziaN-Gold-London-2018","item"
"5061","5043","Sticker-tiziaN-Katowice-2019","item"
"5062","5044","Sticker-tiziaN-London-2018","item"
"5063","5045","Sticker-tonyblack-Foil-Katowice-2019","item"
"5064","5046","Sticker-tonyblack-Foil-London-2018","item"
"5065","5047","Sticker-tonyblack-Gold-Katowice-2019","item"
"5066","5048","Sticker-tonyblack-Gold-London-2018","item"
"5067","5049","Sticker-tonyblack-Katowice-2019","item"
"5068","5050","Sticker-tonyblack-London-2018","item"
"5069","5051","Sticker-twist-Foil-Atlanta-2017","item"
"5070","5052","Sticker-twist-Foil-Katowice-2019","item"
"5071","5053","Sticker-twist-Gold-Katowice-2019","item"
"5072","5054","Sticker-twist-Atlanta-2017","item"
"5073","5055","Sticker-twist-Katowice-2019","item"
"5074","5056","Sticker-v4lde-Foil-Berlin-2019","item"
"5075","5057","Sticker-v4lde-Foil-Boston-2018","item"
"5076","5058","Sticker-v4lde-Foil-London-2018","item"
"5077","5059","Sticker-v4lde-Gold-Berlin-2019","item"
"5078","5060","Sticker-v4lde-Gold-Boston-2018","item"
"5079","5061","Sticker-v4lde-Gold-London-2018","item"
"5080","5062","Sticker-v4lde-Berlin-2019","item"
"5081","5063","Sticker-v4lde-Boston-2018","item"
"5082","5064","Sticker-v4lde-London-2018","item"
"5083","5065","Sticker-vice-Foil-London-2018","item"
"5084","5066","Sticker-vice-Gold-London-2018","item"
"5085","5067","Sticker-vice-London-2018","item"
"5086","5068","Sticker-waterfaLLZ-Foil-Boston-2018","item"
"5087","5069","Sticker-waterfaLLZ-Foil-London-2018","item"
"5088","5070","Sticker-waterfaLLZ-Gold-Boston-2018","item"
"5089","5071","Sticker-waterfaLLZ-Gold-London-2018","item"
"5090","5072","Sticker-waterfaLLZ-Boston-2018","item"
"5091","5073","Sticker-waterfaLLZ-London-2018","item"
"5092","5074","Sticker-wayLander-Foil-Atlanta-2017","item"
"5093","5075","Sticker-wayLander-Foil-Boston-2018","item"
"5094","5076","Sticker-wayLander-Foil-Cologne-2016","item"
"5095","5077","Sticker-wayLander-Foil-Katowice-2019","item"
"5096","5078","Sticker-wayLander-Foil-Krakow-2017","item"
"5097","5079","Sticker-wayLander-Foil-MLG-Columbus-2016","item"
"5098","5080","Sticker-wayLander-Gold-Boston-2018","item"
"5099","5081","Sticker-wayLander-Gold-Katowice-2019","item"
"5100","5082","Sticker-wayLander-Gold-Krakow-2017","item"
"5101","5083","Sticker-wayLander-Atlanta-2017","item"
"5102","5084","Sticker-wayLander-Boston-2018","item"
"5103","5085","Sticker-wayLander-Cologne-2016","item"
"5104","5086","Sticker-wayLander-Katowice-2019","item"
"5105","5087","Sticker-wayLander-Krakow-2017","item"
"5106","5088","Sticker-wayLander-MLG-Columbus-2016","item"
"5107","5089","Sticker-woxic-Foil-Berlin-2019","item"
"5108","5090","Sticker-woxic-Foil-Katowice-2019","item"
"5109","5091","Sticker-woxic-Foil-London-2018","item"
"5110","5092","Sticker-woxic-Gold-Berlin-2019","item"
"5111","5093","Sticker-woxic-Gold-Katowice-2019","item"
"5112","5094","Sticker-woxic-Gold-London-2018","item"
"5113","5095","Sticker-woxic-Berlin-2019","item"
"5114","5096","Sticker-woxic-Katowice-2019","item"
"5115","5097","Sticker-woxic-London-2018","item"
"5116","5098","Sticker-xand-Foil-Berlin-2019","item"
"5117","5099","Sticker-xand-Gold-Berlin-2019","item"
"5118","5100","Sticker-xand-Berlin-2019","item"
"5119","5101","Sticker-xccurate-Foil-Katowice-2019","item"
"5120","5102","Sticker-xccurate-Foil-London-2018","item"
"5121","5103","Sticker-xccurate-Gold-Katowice-2019","item"
"5122","5104","Sticker-xccurate-Gold-London-2018","item"
"5123","5105","Sticker-xccurate-Katowice-2019","item"
"5124","5106","Sticker-xccurate-London-2018","item"
"5125","5107","Sticker-xms-Foil-Boston-2018","item"
"5126","5108","Sticker-xms-Gold-Boston-2018","item"
"5127","5109","Sticker-xms-Boston-2018","item"
"5128","5110","Sticker-xsepower-Foil-Berlin-2019","item"
"5129","5111","Sticker-xsepower-Gold-Berlin-2019","item"
"5130","5112","Sticker-xsepower-Berlin-2019","item"
"5131","5113","Sticker-xseveN-Foil-Berlin-2019","item"
"5132","5114","Sticker-xseveN-Foil-Katowice-2019","item"
"5133","5115","Sticker-xseveN-Gold-Berlin-2019","item"
"5134","5116","Sticker-xseveN-Gold-Katowice-2019","item"
"5135","5117","Sticker-xseveN-Berlin-2019","item"
"5136","5118","Sticker-xseveN-Katowice-2019","item"
"5137","5119","Sticker-yam-Foil-Cologne-2015","item"
"5138","5120","Sticker-yam-Cologne-2015","item"
"5139","5121","Sticker-yay-Foil-London-2018","item"
"5140","5122","Sticker-yay-Gold-London-2018","item"
"5141","5123","Sticker-yay-London-2018","item"
"5142","5124","Sticker-yel-Foil-Berlin-2019","item"
"5143","5125","Sticker-yel-Gold-Berlin-2019","item"
"5144","5126","Sticker-yel-Berlin-2019","item"
"5145","5127","Sticker-yuurih-Foil-Berlin-2019","item"
"5146","5128","Sticker-yuurih-Foil-Katowice-2019","item"
"5147","5129","Sticker-yuurih-Gold-Berlin-2019","item"
"5148","5130","Sticker-yuurih-Gold-Katowice-2019","item"
"5149","5131","Sticker-yuurih-Berlin-2019","item"
"5150","5132","Sticker-yuurih-Katowice-2019","item"
"5151","5133","Sticker-zehN-Foil-Boston-2018","item"
"5152","5134","Sticker-zehN-Foil-Krakow-2017","item"
"5153","5135","Sticker-zehN-Gold-Boston-2018","item"
"5154","5136","Sticker-zehN-Gold-Krakow-2017","item"
"5155","5137","Sticker-zehN-Boston-2018","item"
"5156","5138","Sticker-zehN-Krakow-2017","item"
"5157","5139","Sticker-zhokiNg-Foil-Katowice-2019","item"
"5158","5140","Sticker-zhokiNg-Gold-Katowice-2019","item"
"5159","5141","Sticker-zhokiNg-Katowice-2019","item"
"5160","5142","Sticker-znajder-Foil-Atlanta-2017","item"
"5161","5143","Sticker-znajder-Atlanta-2017","item"
"5162","5144","USP-S-The-Traitor","item"
"5163","5145","M4A4-In-Living-Color","item"
"5164","5146","MP9-Food-Chain","item"
"5165","5147","XM1014-XOXO","item"
"5166","5148","Galil-AR-Chromatic-Aberration","item"
"5167","5149","AK-47-Slate","item"
"5168","5150","Desert-Eagle-Trigger-Discipline","item"
"5169","5151","Negev-dev_texture","item"
"5170","5152","P250-Cyber-Shell","item"
"5171","5153","MAC-10-Button-Masher","item"
"5172","5154","CZ75-Auto-Circaetus","item"
"5173","5155","Glock-18-Clear-Polymer","item"
"5174","5156","M249-O.S.I.P.R","item"
"5175","5157","UMP-45-Oscillator","item"
"5176","5158","R8-Revolver-Junk-Yard","item"
"5177","5159","Nova-Windblown","item"
"5178","5160","SG-553-Heavy-Metal","item"
"5179","5161","Purrurists-Foil","item"
"5180","5162","Ace-Devil-Foil","item"
"5181","5163","Bullet-Hell-Foil","item"
"5182","5164","Runtime-Holo","item"
"5183","5165","Cyber-Romanov-Holo","item"
"5184","5166","Nice-Clutch-Holo","item"
"5185","5167","Handle-With-Care-Holo","item"
"5186","5168","I-See-You-Holo","item"
"5187","5169","Eye-Contact-Holo","item"
"5188","5170","EZ","item"
"5189","5171","This-Is-Fine-CT","item"
"5190","5172","Fast-Banana","item"
"5191","5173","Clutch-Or-Kick","item"
"5192","5174","No-Time","item"
"5193","5175","Speedy-T","item"
"5194","5176","War","item"
"5195","5177","Dr.-Dazzles","item"
"5196","5178","Nademan","item"
"5197","5179","Kitted-Out","item"
"5198","5180","Hard-Carry","item"
"5199","5181","Retro-Leet","item"
"5218","5182","M4A1-S-Imminent-Danger","item"
"5219","5183","SG-553-Hazard-Pay","item"
"5220","5184","Five-SeveN-Fall-Hazard","item"
"5221","5185","P250-Digital-Architect","item"
"5222","5186","MAG-7-Prism-Terrace","item"
"5223","5187","Galil-AR-CAUTION!","item"
"5224","5188","Negev-Infrastructure","item"
"5225","5189","Nova-Interlock","item"
"5226","5190","AK-47-Green-Laminate","item"
"5227","5191","P90-Schematic","item"
"5228","5192","UMP-45-Mechanism","item"
"5229","5193","SSG-08-Carbon-Fiber","item"
"5230","5194","PP-Bizon-Breaker-Box","item"
"5231","5195","Glock-18-Red-Tire","item"
"5232","5196","FAMAS-Faulty-Wiring","item"
"5233","5197","XM1014-Blue-Tire","item"
"5234","5198","CZ75-Auto-Framework","item"
"5235","5199","Dual-Berettas-Oil-Change","item"
"5236","5200","MAC-10-Strats","item"
"5237","5201","M4A4-The-Coalition","item"
"5238","5202","Glock-18-Gamma-Doppler","item"
"5239","5203","USP-S-Whiteout","item"
"5240","5204","FAMAS-Meltdown","item"
"5241","5205","MAC-10-Propaganda","item"
"5242","5206","AWP-POP-AWP","item"
"5243","5207","Nova-Red-Quartz","item"
"5244","5208","CZ75-Auto-Syndicate","item"
"5245","5209","P2000-Space-Race","item"
"5246","5210","MP5-SD-Autumn-Twilly","item"
"5247","5211","R8-Revolver-Blaze","item"
"5248","5212","Desert-Eagle-Sputnik","item"
"5249","5213","M4A1-S-Fizzy-POP","item"
"5250","5214","AUG-Amber-Fade","item"
"5251","5215","SSG-08-Spring-Twilly","item"
"5252","5216","Tec-9-Safety-Net","item"
"5253","5217","UMP-45-Full-Stop","item"
"5254","5218","AWP-Desert-Hydra","item"
"5255","5219","Desert-Eagle-Fennec-Fox","item"
"5256","5220","MP5-SD-Oxide-Oasis","item"
"5257","5221","Glock-18-Pink-DDPAT","item"
"5258","5222","XM1014-Elegant-Vines","item"
"5259","5223","AUG-Sand-Storm","item"
"5260","5224","USP-S-Purple-DDPAT","item"
"5261","5225","SG-553-Desert-Blossom","item"
"5262","5226","M249-Humidor","item"
"5263","5227","MP9-Music-Box","item"
"5264","5228","Dual-Berettas-Drift-Wood","item"
"5265","5229","P90-Verdant-Growth","item"
"5266","5230","CZ75-Auto-Midnight-Palm","item"
"5267","5231","FAMAS-CaliCamo","item"
"5268","5232","P250-Drought","item"
"5269","5233","SSG-08-Prey","item"
"5270","5234","MAC-10-Sienna-Damask","item"
"5271","5235","MAG-7-Navy-Sheen","item"
"5272","5236","PP-Bizon-Anolis","item"
"5273","5237","AK-47-Gold-Arabesque","item"
"5274","5238","UMP-45-Fade","item"
"5275","5239","SSG-08-Death-Strike","item"
"5276","5240","MAC-10-Case-Hardened","item"
"5277","5241","USP-S-Orange-Anolis","item"
"5278","5242","M4A4-Red-DDPAT","item"
"5279","5243","G3SG1-New-Roots","item"
"5280","5244","Nova-Quick-Sand","item"
"5281","5245","Galil-AR-Amber-Fade","item"
"5282","5246","P250-Black-&-Tan","item"
"5283","5247","MP9-Old-Roots","item"
"5284","5248","M249-Midnight-Palm","item"
"5285","5249","Five-SeveN-Withered-Vine","item"
"5286","5250","AUG-Spalted-Wood","item"
"5287","5251","P90-Desert-DDPAT","item"
"5288","5252","R8-Revolver-Desert-Brush","item"
"5289","5253","SG-553-Bleached","item"
"5290","5254","MP7-Prey","item"
"5291","5255","Sawed-Off-Parched","item"
"5292","5256","AK-47-Leet-Museo","item"
"5293","5257","Desert-Eagle-Ocean-Drive","item"
"5294","5258","Glock-18-Snack-Attack","item"
"5295","5259","SSG-08-Turbo-Peek","item"
"5296","5260","MAC-10-Toybox","item"
"5297","5261","M4A4-Spider-Lily","item"
"5298","5262","FAMAS-ZX-Spectron","item"
"5299","5263","MP9-Mount-Fuji","item"
"5300","5264","Five-SeveN-Boost-Protocol","item"
"5301","5265","MAG-7-BI83-Spectrum","item"
"5302","5266","USP-S-Black-Lotus","item"
"5303","5267","XM1014-Watchdog","item"
"5304","5268","Dual-Berettas-Tread","item"
"5305","5269","AUG-Plague","item"
"5306","5270","MP7-Guerrilla","item"
"5307","5271","G3SG1-Keeping-Tabs","item"
"5308","5272","PP-Bizon-Lumen","item"
"5309","5273","Bowie-Knife-Gamma-Doppler","item"
"5310","5274","Bowie-Knife-Autotronic","item"
"5311","5275","Bowie-Knife-Lore","item"
"5312","5276","Bowie-Knife-Freehand","item"
"5313","5277","Bowie-Knife-Black-Laminate","item"
"5314","5278","Bowie-Knife-Bright-Water","item"
"5315","5279","Butterfly-Knife-Autotronic","item"
"5316","5280","Butterfly-Knife-Bright-Water","item"
"5317","5281","Butterfly-Knife-Lore","item"
"5318","5282","Butterfly-Knife-Black-Laminate","item"
"5319","5283","Butterfly-Knife-Freehand","item"
"5320","5284","Butterfly-Knife-Gamma-Doppler","item"
"5321","5285","Falchion-Knife-Autotronic","item"
"5322","5286","Falchion-Knife-Gamma-Doppler","item"
"5323","5287","Falchion-Knife-Black-Laminate","item"
"5324","5288","Falchion-Knife-Lore","item"
"5325","5289","Falchion-Knife-Freehand","item"
"5326","5290","Falchion-Knife-Bright-Water","item"
"5327","5291","Huntsman-Knife-Gamma-Doppler","item"
"5328","5292","Huntsman-Knife-Lore","item"
"5329","5293","Huntsman-Knife-Black-Laminate","item"
"5330","5294","Huntsman-Knife-Autotronic","item"
"5331","5295","Huntsman-Knife-Bright-Water","item"
"5332","5296","Huntsman-Knife-Freehand","item"
"5333","5297","Shadow-Daggers-Black-Laminate","item"
"5334","5298","Shadow-Daggers-Freehand","item"
"5335","5299","Shadow-Daggers-Autotronic","item"
"5336","5300","Shadow-Daggers-Gamma-Doppler","item"
"5337","5301","Shadow-Daggers-Bright-Water","item"
"5338","5302","Shadow-Daggers-Lore","item"
"5339","5303","Sticker-Great-Wave-Foil","item"
"5340","5304","Sticker-Seeing-Red-Foil","item"
"5341","5305","Sticker-Great-Wave-Holo","item"
"5342","5306","Sticker-Liquid-Fire-Holo","item"
"5343","5307","Sticker-Kill-Count-Holo","item"
"5344","5308","Sticker-Dead-Eye-Holo","item"
"5345","5309","Sticker-Great-Wave","item"
"5346","5310","Sticker-Operation-Riptide","item"
"5347","5311","Sticker-Liquid-Fire","item"
"5348","5312","Sticker-Kill-Count","item"
"5349","5313","Sticker-Seeing-Red","item"
"5350","5314","Sticker-Chicken-of-the-Sky","item"
"5351","5315","Sticker-Dead-Eye","item"
"5352","5316","Sticker-Gutted","item"
"5353","5317","Sticker-Dragon-Lore-Surf-Ava-Foil","item"
"5354","5318","Sticker-Lore-Poison-Frog-Foil","item"
"5355","5319","Sticker-Doppler-Poison-Frog-Foil","item"
"5356","5320","Sticker-Fire-Serpent-Surf-K-Foil","item"
"5357","5321","Sticker-Akihabara-Accept-Surf-Ava-Foil","item"
"5358","5322","Sticker-Crimson-Web-Poison-Frog-Foil","item"
"5359","5323","Sticker-Ultraviolet-Poison-Frog-Foil","item"
"5360","5324","Sticker-Blaze-Surf-K-Foil","item"
"5361","5325","Sticker-Sticker-Bomb-Surf-K-Foil","item"
"5362","5326","Sticker-Hypnotic-Surf-K-Foil","item"
"5363","5327","Sticker-Dark-Water-Surf-Ava-Foil","item"
"5364","5328","Sticker-Sticker-Bomb-Surf-Ava-Foil","item"
"5365","5329","Sticker-Opal-Flick-Holo","item"
"5366","5330","Sticker-Miami-Tier6-Holo","item"
"5367","5331","Sticker-Abalone-Strafe-Holo","item"
"5368","5332","Sticker-Neon-Opal-Strafe-Holo","item"
"5369","5333","Sticker-Watermelon-Strafe-Holo","item"
"5370","5334","Sticker-Toxic-Flow-Holo","item"
"5371","5335","Sticker-Miami-Flow-Holo","item"
"5372","5336","Sticker-Cotton-Candy-Flow-Holo","item"
"5373","5337","Sticker-Mood-Ring-Strafe-Holo","item"
"5374","5338","Sticker-Miami-Flick-Holo","item"
"5375","5339","Sticker-Flame-Tier6-Holo","item"
"5376","5340","Sticker-Forge-Tier6-Holo","item"
"5377","5341","Sticker-Watermelon-Tier6-Holo","item"
"5378","5342","Sticker-Ocean-Sunset-Flick-Holo","item"
"5379","5343","Sticker-Watermelon-Flow-Holo","item"
"5380","5344","Sticker-Mercury-Flick-Holo","item"
"5381","5345","Sticker-Miami-Buttery-Holo","item"
"5382","5346","Sticker-Candy-Buttery-Holo","item"
"5383","5347","Sticker-Watermelon-Buttery-Holo","item"
"5384","5348","Sticker-Miami-Skill-Surf-Holo","item"
"5385","5349","Sticker-Ocean-Sunset-Skill-Surf-Holo","item"
"5386","5350","Sticker-Flame-Buttery-Holo","item"
"5387","5351","Sticker-Bubble-Gum-Skill-Surf-Holo","item"
"5388","5352","Sticker-Coral-Skill-Surf-Holo","item"
"5389","5353","Sticker-Fade-Lethal","item"
"5390","5354","Sticker-Pink-Jaggyfish","item"
"5391","5355","Sticker-Purple-Jaggyfish","item"
"5392","5356","Sticker-Black-Jaggyfish","item"
"5393","5357","Sticker-Blood-Moon-Wave-Rider","item"
"5394","5358","Sticker-Watermelon-Tentaskull","item"
"5395","5359","Sticker-Red-Shark-Shooter","item"
"5396","5360","Sticker-Green-Lethal","item"
"5397","5361","Sticker-Toxic-Tentaskull","item"
"5398","5362","Sticker-Blue-Gnar","item"
"5399","5363","Sticker-Miami-Wave-Rider","item"
"5400","5364","Sticker-Toxic-Wave-Rider","item"
"5401","5365","Sticker-Fools-Gold-Wave-Rider","item"
"5402","5366","Sticker-Watermelon-Stabbyfish","item"
"5403","5367","Sticker-Sunset-Ocean-Tentaskull","item"
"5404","5368","Sticker-Blood-Moon-Tentaskull","item"
"5405","5369","Sticker-Green-Bombster","item"
"5406","5370","Sticker-Green-Shark-Shooter","item"
"5407","5371","Sticker-Yellow-Jaggyfish","item"
"5408","5372","Sticker-Green-Gnar","item"
"5409","5373","Sticker-Red-Cyclawps","item"
"5410","5374","Sticker-Purple-Bombster","item"
"5411","5375","Sticker-Blue-Shark-Shooter","item"
"5412","5376","Sticker-Black-Shark-Shooter","item"
"5413","5377","Sticker-Purple-Gnar","item"
"5414","5378","Sticker-Yellow-Lethal","item"
"5415","5379","Sticker-Orange-Gnar","item"
"5416","5380","Sticker-Ocean-Sunset-Stabbyfish","item"
"5417","5381","Sticker-After-Hours-Stabbyfish","item"
"5418","5382","Sticker-Purple-Cyclawps","item"
"5419","5383","Sticker-Blue-Lethal","item"
"5420","5384","Sticker-Miami-Stabbyfish","item"
"5421","5385","Sticker-White-Bombster","item"
"5422","5386","Sticker-Yellow-Bombster","item"
"5423","5387","Sticker-Green-Cyclawps","item"
"5424","5388","Sticker-Yellow-Cyclawps","item"
"5425","7787","Sticker-Tyloo-Gold-Stockholm-2021","item"
"5426","7788","Sticker-FaZe-Clan-Gold-Stockholm-2021","item"
"5427","7790","Sticker-Virtus.Pro-Gold-Stockholm-2021","item"
"5428","7789","Sticker-Copenhagen-Flames-Gold-Stockholm-2021","item"
"5429","7791","Sticker-GODSENT-Gold-Stockholm-2021","item"
"5430","7794","Sticker-Sharks-Esports-Gold-Stockholm-2021","item"
"5431","7792","Sticker-Entropiq-Gold-Stockholm-2021","item"
"5432","7793","Sticker-Renegades-Gold-Stockholm-2021","item"
"5433","7795","Sticker-PGL-Gold-Stockholm-2021","item"
"5434","7797","Sticker-Tyloo-Foil-Stockholm-2021","item"
"5435","7798","Sticker-FaZe-Clan-Foil-Stockholm-2021","item"
"5436","7796","Sticker-Entropiq-Foil-Stockholm-2021","item"
"5437","7799","Sticker-Copenhagen-Flames-Foil-Stockholm-2021","item"
"5438","7800","Sticker-Virtus.Pro-Foil-Stockholm-2021","item"
"5439","7801","Sticker-Sharks-Esports-Foil-Stockholm-2021","item"
"5440","7802","Sticker-GODSENT-Foil-Stockholm-2021","item"
"5441","7803","Sticker-PGL-Foil-Stockholm-2021","item"
"5442","7804","Sticker-Renegades-Foil-Stockholm-2021","item"
"5443","7806","Sticker-Tyloo-Holo-Stockholm-2021","item"
"5444","7805","Sticker-Copenhagen-Flames-Holo-Stockholm-2021","item"
"5445","7807","Sticker-Virtus.Pro-Holo-Stockholm-2021","item"
"5446","7809","Sticker-FaZe-Clan-Holo-Stockholm-2021","item"
"5447","7808","Sticker-Entropiq-Holo-Stockholm-2021","item"
"5448","7810","Sticker-GODSENT-Holo-Stockholm-2021","item"
"5449","7812","Sticker-Sharks-Esports-Holo-Stockholm-2021","item"
"5450","7811","Sticker-Renegades-Holo-Stockholm-2021","item"
"5451","7813","Sticker-PGL-Holo-Stockholm-2021","item"
"5452","7816","Sticker-Tyloo-Stockholm-2021","item"
"5453","7814","Sticker-FaZe-Clan-Stockholm-2021","item"
"5454","7817","Sticker-Virtus.Pro-Stockholm-2021","item"
"5455","7815","Sticker-Entropiq-Stockholm-2021","item"
"5456","7818","Sticker-Copenhagen-Flames-Stockholm-2021","item"
"5457","7820","Sticker-Sharks-Esports-Stockholm-2021","item"
"5458","7819","Sticker-GODSENT-Stockholm-2021","item"
"5459","7821","Sticker-PGL-Stockholm-2021","item"
"5460","7822","Sticker-Renegades-Stockholm-2021","item"
"5461","7823","Sticker-Astralis-Gold-Stockholm-2021","item"
"5462","7828","Sticker-MOUZ-Gold-Stockholm-2021","item"
"5463","7825","Sticker-Team-Spirit-Gold-Stockholm-2021","item"
"5464","7826","Sticker-BIG-Gold-Stockholm-2021","item"
"5465","7829","Sticker-Movistar-Riders-Gold-Stockholm-2021","item"
"5466","7824","Sticker-Heroic-Gold-Stockholm-2021","item"
"5467","7827","Sticker-ENCE-Gold-Stockholm-2021","item"
"5468","7830","Sticker-paiN-Gaming-Gold-Stockholm-2021","item"
"5469","7795","Sticker-PGL-Gold-Stockholm-2021","item"
"5470","7832","Sticker-Astralis-Foil-Stockholm-2021","item"
"5471","7833","Sticker-MOUZ-Foil-Stockholm-2021","item"
"5472","7834","Sticker-Movistar-Riders-Foil-Stockholm-2021","item"
"5473","7835","Sticker-paiN-Gaming-Foil-Stockholm-2021","item"
"5474","7836","Sticker-ENCE-Foil-Stockholm-2021","item"
"5475","7838","Sticker-Team-Spirit-Foil-Stockholm-2021","item"
"5476","7837","Sticker-Heroic-Foil-Stockholm-2021","item"
"5477","7839","Sticker-BIG-Foil-Stockholm-2021","item"
"5478","7803","Sticker-PGL-Foil-Stockholm-2021","item"
"5479","7841","Sticker-Astralis-Holo-Stockholm-2021","item"
"5480","7845","Sticker-Team-Spirit-Holo-Stockholm-2021","item"
"5481","7844","Sticker-BIG-Holo-Stockholm-2021","item"
"5482","7843","Sticker-MOUZ-Holo-Stockholm-2021","item"
"5483","7842","Sticker-Movistar-Riders-Holo-Stockholm-2021","item"
"5484","7846","Sticker-paiN-Gaming-Holo-Stockholm-2021","item"
"5485","7847","Sticker-ENCE-Holo-Stockholm-2021","item"
"5486","7848","Sticker-Heroic-Holo-Stockholm-2021","item"
"5487","7813","Sticker-PGL-Holo-Stockholm-2021","item"
"5488","7850","Sticker-Astralis-Stockholm-2021","item"
"5489","7851","Sticker-Movistar-Riders-Stockholm-2021","item"
"5490","7855","Sticker-Team-Spirit-Stockholm-2021","item"
"5491","7852","Sticker-MOUZ-Stockholm-2021","item"
"5492","7854","Sticker-ENCE-Stockholm-2021","item"
"5493","7853","Sticker-paiN-Gaming-Stockholm-2021","item"
"5494","7856","Sticker-Heroic-Stockholm-2021","item"
"5495","7857","Sticker-BIG-Stockholm-2021","item"
"5496","7821","Sticker-PGL-Stockholm-2021","item"
"5497","7859","Sticker-Natus-Vincere-Gold-Stockholm-2021","item"
"5498","7860","Sticker-FURIA-Gold-Stockholm-2021","item"
"5499","7863","Sticker-Gambit-Gaming-Gold-Stockholm-2021","item"
"5500","7861","Sticker-Team-Liquid-Gold-Stockholm-2021","item"
"5501","7864","Sticker-G2-Esports-Gold-Stockholm-2021","item"
"5502","7865","Sticker-Vitality-Gold-Stockholm-2021","item"
"5503","7862","Sticker-Ninjas-in-Pyjamas-Gold-Stockholm-2021","item"
"5504","7795","Sticker-PGL-Gold-Stockholm-2021","item"
"5505","7867","Sticker-Evil-Geniuses-Gold-Stockholm-2021","item"
"5506","7868","Sticker-Natus-Vincere-Foil-Stockholm-2021","item"
"5507","7869","Sticker-Team-Liquid-Foil-Stockholm-2021","item"
"5508","7871","Sticker-Gambit-Gaming-Foil-Stockholm-2021","item"
"5509","7870","Sticker-G2-Esports-Foil-Stockholm-2021","item"
"5510","7872","Sticker-FURIA-Foil-Stockholm-2021","item"
"5511","7875","Sticker-Vitality-Foil-Stockholm-2021","item"
"5512","7873","Sticker-Ninjas-in-Pyjamas-Foil-Stockholm-2021","item"
"5513","7803","Sticker-PGL-Foil-Stockholm-2021","item"
"5514","7876","Sticker-Evil-Geniuses-Foil-Stockholm-2021","item"
"5515","7878","Sticker-Natus-Vincere-Holo-Stockholm-2021","item"
"5516","7877","Sticker-FURIA-Holo-Stockholm-2021","item"
"5517","7881","Sticker-G2-Esports-Holo-Stockholm-2021","item"
"5518","7879","Sticker-Team-Liquid-Holo-Stockholm-2021","item"
"5519","7882","Sticker-Gambit-Gaming-Holo-Stockholm-2021","item"
"5520","7880","Sticker-Vitality-Holo-Stockholm-2021","item"
"5521","7883","Sticker-Ninjas-in-Pyjamas-Holo-Stockholm-2021","item"
"5522","7884","Sticker-Evil-Geniuses-Holo-Stockholm-2021","item"
"5523","7813","Sticker-PGL-Holo-Stockholm-2021","item"
"5524","7886","Sticker-Natus-Vincere-Stockholm-2021","item"
"5525","7887","Sticker-Gambit-Gaming-Stockholm-2021","item"
"5526","7888","Sticker-Team-Liquid-Stockholm-2021","item"
"5527","7890","Sticker-G2-Esports-Stockholm-2021","item"
"5528","7821","Sticker-PGL-Stockholm-2021","item"
"5529","7889","Sticker-FURIA-Stockholm-2021","item"
"5530","7893","Sticker-Ninjas-in-Pyjamas-Stockholm-2021","item"
"5531","7892","Sticker-Vitality-Stockholm-2021","item"
"5532","7894","Sticker-Evil-Geniuses-Stockholm-2021","item"
"5533","7968","Sticker-AMANEK-Gold-Stockholm-2021","item"
"5534","7969","Sticker-apEX-Gold-Stockholm-2021","item"
"5535","7970","Sticker-arT-Gold-Stockholm-2021","item"
"5536","7971","Sticker-Ax1Le-Gold-Stockholm-2021","item"
"5537","7972","Sticker-buster-Gold-Stockholm-2021","item"
"5538","7973","Sticker-cadiaN-Gold-Stockholm-2021","item"
"5539","7974","Sticker-device-Gold-Stockholm-2021","item"
"5540","7975","Sticker-drop-Gold-Stockholm-2021","item"
"5541","7976","Sticker-FL1T-Gold-Stockholm-2021","item"
"5542","7977","Sticker-hampus-Gold-Stockholm-2021","item"
"5543","7978","Sticker-HObbit-Gold-Stockholm-2021","item"
"5544","7979","Sticker-huNter--Gold-Stockholm-2021","item"
"5545","7980","Sticker-interz-Gold-Stockholm-2021","item"
"5546","7981","Sticker-JACKZ-Gold-Stockholm-2021","item"
"5547","7982","Sticker-Jame-Gold-Stockholm-2021","item"
"5548","7983","Sticker-KSCERATO-Gold-Stockholm-2021","item"
"5549","7984","Sticker-Kyojin-Gold-Stockholm-2021","item"
"5550","7985","Sticker-LNZ-Gold-Stockholm-2021","item"
"5551","7986","Sticker-misutaaa-Gold-Stockholm-2021","item"
"5552","7987","Sticker-nafany-Gold-Stockholm-2021","item"
"5553","7988","Sticker-nexa-Gold-Stockholm-2021","item"
"5554","7989","Sticker-NiKo-Gold-Stockholm-2021","item"
"5555","7990","Sticker-Plopski-Gold-Stockholm-2021","item"
"5556","7991","Sticker-Qikert-Gold-Stockholm-2021","item"
"5557","7992","Sticker-refrezh-Gold-Stockholm-2021","item"
"5558","7993","Sticker-REZ-Gold-Stockholm-2021","item"
"5559","7994","Sticker-sh1ro-Gold-Stockholm-2021","item"
"5560","7995","Sticker-shox-Gold-Stockholm-2021","item"
"5561","7996","Sticker-sjuush-Gold-Stockholm-2021","item"
"5562","7997","Sticker-stavn-Gold-Stockholm-2021","item"
"5563","7998","Sticker-TeSeS-Gold-Stockholm-2021","item"
"5564","7999","Sticker-VINI-Gold-Stockholm-2021","item"
"5565","8000","Sticker-YEKINDAR-Gold-Stockholm-2021","item"
"5566","8001","Sticker-yuurih-Gold-Stockholm-2021","item"
"5567","8002","Sticker-ZywOo-Gold-Stockholm-2021","item"
"5568","8003","Sticker-AMANEK-Holo-Stockholm-2021","item"
"5569","8004","Sticker-apEX-Holo-Stockholm-2021","item"
"5570","8005","Sticker-arT-Holo-Stockholm-2021","item"
"5571","8006","Sticker-Ax1Le-Holo-Stockholm-2021","item"
"5572","8007","Sticker-buster-Holo-Stockholm-2021","item"
"5573","8008","Sticker-cadiaN-Holo-Stockholm-2021","item"
"5574","8009","Sticker-device-Holo-Stockholm-2021","item"
"5575","8010","Sticker-drop-Holo-Stockholm-2021","item"
"5576","8011","Sticker-FL1T-Holo-Stockholm-2021","item"
"5577","8012","Sticker-hampus-Holo-Stockholm-2021","item"
"5578","8013","Sticker-HObbit-Holo-Stockholm-2021","item"
"5579","8014","Sticker-huNter--Holo-Stockholm-2021","item"
"5580","8015","Sticker-interz-Holo-Stockholm-2021","item"
"5581","8016","Sticker-JACKZ-Holo-Stockholm-2021","item"
"5582","8017","Sticker-Jame-Holo-Stockholm-2021","item"
"5583","8018","Sticker-KSCERATO-Holo-Stockholm-2021","item"
"5584","8019","Sticker-Kyojin-Holo-Stockholm-2021","item"
"5585","8020","Sticker-LNZ-Holo-Stockholm-2021","item"
"5586","8021","Sticker-misutaaa-Holo-Stockholm-2021","item"
"5587","8022","Sticker-nafany-Holo-Stockholm-2021","item"
"5588","8023","Sticker-nexa-Holo-Stockholm-2021","item"
"5589","8024","Sticker-NiKo-Holo-Stockholm-2021","item"
"5590","8025","Sticker-Plopski-Holo-Stockholm-2021","item"
"5591","8026","Sticker-Qikert-Holo-Stockholm-2021","item"
"5592","8027","Sticker-refrezh-Holo-Stockholm-2021","item"
"5593","8028","Sticker-REZ-Holo-Stockholm-2021","item"
"5594","8029","Sticker-sh1ro-Holo-Stockholm-2021","item"
"5595","8030","Sticker-shox-Holo-Stockholm-2021","item"
"5596","8031","Sticker-sjuush-Holo-Stockholm-2021","item"
"5597","8032","Sticker-stavn-Holo-Stockholm-2021","item"
"5598","8033","Sticker-TeSeS-Holo-Stockholm-2021","item"
"5599","8034","Sticker-VINI-Holo-Stockholm-2021","item"
"5600","8035","Sticker-YEKINDAR-Holo-Stockholm-2021","item"
"5601","8036","Sticker-yuurih-Holo-Stockholm-2021","item"
"5602","8037","Sticker-ZywOo-Holo-Stockholm-2021","item"
"5603","8038","Sticker-AMANEK-Stockholm-2021","item"
"5604","8039","Sticker-apEX-Stockholm-2021","item"
"5605","8040","Sticker-arT-Stockholm-2021","item"
"5606","8041","Sticker-Ax1Le-Stockholm-2021","item"
"5607","8042","Sticker-buster-Stockholm-2021","item"
"5608","8043","Sticker-cadiaN-Stockholm-2021","item"
"5609","8044","Sticker-device-Stockholm-2021","item"
"5610","8045","Sticker-drop-Stockholm-2021","item"
"5611","8046","Sticker-FL1T-Stockholm-2021","item"
"5612","8047","Sticker-hampus-Stockholm-2021","item"
"5613","8048","Sticker-HObbit-Stockholm-2021","item"
"5614","8049","Sticker-huNter--Stockholm-2021","item"
"5615","8050","Sticker-interz-Stockholm-2021","item"
"5616","8051","Sticker-JACKZ-Stockholm-2021","item"
"5617","8052","Sticker-Jame-Stockholm-2021","item"
"5618","8053","Sticker-KSCERATO-Stockholm-2021","item"
"5619","8054","Sticker-Kyojin-Stockholm-2021","item"
"5620","8055","Sticker-LNZ-Stockholm-2021","item"
"5621","8056","Sticker-misutaaa-Stockholm-2021","item"
"5622","8057","Sticker-nafany-Stockholm-2021","item"
"5623","8058","Sticker-nexa-Stockholm-2021","item"
"5624","8059","Sticker-NiKo-Stockholm-2021","item"
"5625","8060","Sticker-Plopski-Stockholm-2021","item"
"5626","8061","Sticker-Qikert-Stockholm-2021","item"
"5627","8062","Sticker-refrezh-Stockholm-2021","item"
"5628","8063","Sticker-REZ-Stockholm-2021","item"
"5629","8064","Sticker-sh1ro-Stockholm-2021","item"
"5630","8065","Sticker-shox-Stockholm-2021","item"
"5631","8066","Sticker-sjuush-Stockholm-2021","item"
"5632","8067","Sticker-stavn-Stockholm-2021","item"
"5633","8068","Sticker-TeSeS-Stockholm-2021","item"
"5634","8069","Sticker-VINI-Stockholm-2021","item"
"5635","8070","Sticker-YEKINDAR-Stockholm-2021","item"
"5636","8071","Sticker-yuurih-Stockholm-2021","item"
"5637","8072","Sticker-ZywOo-Stockholm-2021","item"
"5638","8073","Sticker-s1mple-Gold-Stockholm-2021","item"
"5639","8074","Sticker-b1t-Gold-Stockholm-2021","item"
"5640","8075","Sticker-electroNic-Gold-Stockholm-2021","item"
"5641","8076","Sticker-Boombl4-Gold-Stockholm-2021","item"
"5642","8077","Sticker-Perfecto-Gold-Stockholm-2021","item"
"5643","8078","Sticker-s1mple-Holo-Stockholm-2021","item"
"5644","8079","Sticker-b1t-Holo-Stockholm-2021","item"
"5645","8080","Sticker-electroNic-Holo-Stockholm-2021","item"
"5646","8081","Sticker-Boombl4-Holo-Stockholm-2021","item"
"5647","8082","Sticker-Perfecto-Holo-Stockholm-2021","item"
"5648","8083","Sticker-s1mple-Stockholm-2021","item"
"5649","8084","Sticker-b1t-Stockholm-2021","item"
"5650","8086","Sticker-electroNic-Stockholm-2021","item"
"5651","8085","Sticker-Boombl4-Stockholm-2021","item"
"5652","8087","Sticker-Perfecto-Stockholm-2021","item"
"5670","8106","AK-47-Nightwish","item"
"5671","8107","MP9-Starlight-Protector","item"
"5672","8108","MP7-Abyssal-Apparition","item"
"5673","8110","Dual-Berettas-Melondrama","item"
"5674","8109","FAMAS-Rapid-Eye-Movement","item"
"5675","8114","XM1014-Zombie-Offensive","item"
"5676","8115","PP-Bizon-Space-Cat","item"
"5677","8113","G3SG1-Dream-Glade","item"
"5678","8111","M4A1-S-Night-Terror","item"
"5679","8112","USP-S-Ticket-to-Hell","item"
"5680","8117","Five-SeveN-Scrawl","item"
"5681","8120","SCAR-20-Poultrygeist","item"
"5682","8122","MAG-7-Foresight","item"
"5683","8121","P2000-Lifted-Spirits","item"
"5684","8116","Sawed-Off-Spirit-Board","item"
"5685","8119","MAC-10-Ensnared","item"
"5686","8118","MP5-SD-Necro-Jr","item"
"5687","8124","Sticker-Rock,-Paper,-Scissors-Foil","item"
"5688","8125","Sticker-Face-Me-Foil","item"
"5689","8126","Sticker-The-Real-MVP-Foil","item"
"5690","8127","Sticker-Inferno-Diorama-Foil","item"
"5691","8128","Sticker-Infinite-Diamond-Holo","item"
"5692","8129","Sticker-V-For-Victory-Holo","item"
"5693","8130","Sticker-Phoenix-Balaclava-Co.-Holo","item"
"5694","8131","Sticker-T-Rush-Holo","item"
"5695","8132","Sticker-Sneaky-Beaky-Dept.-Holo","item"
"5696","8133","Sticker-Flashblack-Holo","item"
"5697","8134","Sticker-This-Is-Fine-T","item"
"5698","8135","Sticker-B-Hop","item"
"5699","8136","Sticker-Flick-Shotter","item"
"5700","8137","Sticker-Smoke-Criminal","item"
"5701","8138","Sticker-Get-Clucked","item"
"5702","8139","Sticker-Hi,-My-Game-Is","item"
"5703","8140","Sticker-Squeaky-Door","item"
"5704","8141","Sticker-I'm-Lit","item"
"5705","8142","Sticker-Rat-Pack","item"
"5706","8143","Sticker-Run-CT,-Run","item"
"5707","8144","Sticker-Wallbang","item"
"5708","8145","Sticker-Little-Mischief","item"
"5709","18458","Sticker-Team-Spirit-Gold-Antwerp-2022","item"
"5710","18459","Sticker-Team-Liquid-Gold-Antwerp-2022","item"
"5711","18460","Sticker-Renegades-Gold-Antwerp-2022","item"
"5712","18532","Sticker-PGL-Gold-Antwerp-2022","item"
"5713","18462","Sticker-Outsiders-Gold-Antwerp-2022","item"
"5714","18463","Sticker-IHC-Esports-Gold-Antwerp-2022","item"
"5715","18464","Sticker-Eternal-Fire-Gold-Antwerp-2022","item"
"5716","18465","Sticker-Complexity-Gaming-Gold-Antwerp-2022","item"
"5717","18466","Sticker-9z-Team-Gold-Antwerp-2022","item"
"5718","18467","Sticker-Team-Spirit-Holo-Antwerp-2022","item"
"5719","18468","Sticker-Team-Liquid-Holo-Antwerp-2022","item"
"5720","18469","Sticker-Renegades-Holo-Antwerp-2022","item"
"5721","18541","Sticker-PGL-Holo-Antwerp-2022","item"
"5722","18471","Sticker-Outsiders-Holo-Antwerp-2022","item"
"5723","18472","Sticker-IHC-Esports-Holo-Antwerp-2022","item"
"5724","18473","Sticker-Eternal-Fire-Holo-Antwerp-2022","item"
"5725","18474","Sticker-Complexity-Gaming-Holo-Antwerp-2022","item"
"5726","18475","Sticker-9z-Team-Holo-Antwerp-2022","item"
"5727","18476","Sticker-Team-Spirit-Glitter-Antwerp-2022","item"
"5728","18477","Sticker-Team-Liquid-Glitter-Antwerp-2022","item"
"5729","18478","Sticker-Renegades-Glitter-Antwerp-2022","item"
"5730","18550","Sticker-PGL-Glitter-Antwerp-2022","item"
"5731","18480","Sticker-Outsiders-Glitter-Antwerp-2022","item"
"5732","18481","Sticker-IHC-Esports-Glitter-Antwerp-2022","item"
"5733","18482","Sticker-Eternal-Fire-Glitter-Antwerp-2022","item"
"5734","18483","Sticker-Complexity-Gaming-Glitter-Antwerp-2022","item"
"5735","18484","Sticker-9z-Team-Glitter-Antwerp-2022","item"
"5736","18485","Sticker-Team-Spirit-Antwerp-2022","item"
"5737","18486","Sticker-Team-Liquid-Antwerp-2022","item"
"5738","18487","Sticker-Renegades-Antwerp-2022","item"
"5739","18559","Sticker-PGL-Antwerp-2022","item"
"5740","18489","Sticker-Outsiders-Antwerp-2022","item"
"5741","18490","Sticker-IHC-Esports-Antwerp-2022","item"
"5742","18491","Sticker-Eternal-Fire-Antwerp-2022","item"
"5743","18492","Sticker-Complexity-Gaming-Antwerp-2022","item"
"5744","18493","Sticker-9z-Team-Antwerp-2022","item"
"5745","18495","Sticker-Vitality-Gold-Antwerp-2022","item"
"5747","18497","Sticker-MIBR-Gold-Antwerp-2022","item"
"5748","18498","Sticker-Imperial-Esports-Gold-Antwerp-2022","item"
"5749","18499","Sticker-G2-Esports-Gold-Antwerp-2022","item"
"5750","18500","Sticker-forZe-eSports-Gold-Antwerp-2022","item"
"5751","18501","Sticker-ENCE-Gold-Antwerp-2022","item"
"5752","18502","Sticker-Bad-News-Eagles-Gold-Antwerp-2022","item"
"5753","18503","Sticker-Astralis-Gold-Antwerp-2022","item"
"5754","18504","Sticker-Vitality-Holo-Antwerp-2022","item"
"5756","18506","Sticker-MIBR-Holo-Antwerp-2022","item"
"5757","18507","Sticker-Imperial-Esports-Holo-Antwerp-2022","item"
"5758","18508","Sticker-G2-Esports-Holo-Antwerp-2022","item"
"5759","18509","Sticker-forZe-eSports-Holo-Antwerp-2022","item"
"5760","18510","Sticker-ENCE-Holo-Antwerp-2022","item"
"5761","18511","Sticker-Bad-News-Eagles-Holo-Antwerp-2022","item"
"5762","18512","Sticker-Astralis-Holo-Antwerp-2022","item"
"5763","18513","Sticker-Vitality-Glitter-Antwerp-2022","item"
"5765","18515","Sticker-MIBR-Glitter-Antwerp-2022","item"
"5766","18516","Sticker-Imperial-Esports-Glitter-Antwerp-2022","item"
"5767","18517","Sticker-G2-Esports-Glitter-Antwerp-2022","item"
"5768","18518","Sticker-forZe-eSports-Glitter-Antwerp-2022","item"
"5769","18519","Sticker-ENCE-Glitter-Antwerp-2022","item"
"5770","18520","Sticker-Bad-News-Eagles-Glitter-Antwerp-2022","item"
"5771","18521","Sticker-Astralis-Glitter-Antwerp-2022","item"
"5772","18522","Sticker-Vitality-Antwerp-2022","item"
"5774","18524","Sticker-MIBR-Antwerp-2022","item"
"5775","18525","Sticker-Imperial-Esports-Antwerp-2022","item"
"5776","18526","Sticker-G2-Esports-Antwerp-2022","item"
"5777","18527","Sticker-forZe-eSports-Antwerp-2022","item"
"5778","18528","Sticker-ENCE-Antwerp-2022","item"
"5779","18529","Sticker-Bad-News-Eagles-Antwerp-2022","item"
"5780","18530","Sticker-Astralis-Antwerp-2022","item"
"5782","18533","Sticker-Ninjas-in-Pyjamas-Gold-Antwerp-2022","item"
"5783","18534","Sticker-Natus-Vincere-Gold-Antwerp-2022","item"
"5784","18535","Sticker-Heroic-Gold-Antwerp-2022","item"
"5785","18536","Sticker-FURIA-Gold-Antwerp-2022","item"
"5786","18537","Sticker-FaZe-Clan-Gold-Antwerp-2022","item"
"5787","18538","Sticker-Copenhagen-Flames-Gold-Antwerp-2022","item"
"5788","18539","Sticker-Cloud9-Gold-Antwerp-2022","item"
"5789","18540","Sticker-BIG-Gold-Antwerp-2022","item"
"5791","18542","Sticker-Ninjas-in-Pyjamas-Holo-Antwerp-2022","item"
"5792","18543","Sticker-Natus-Vincere-Holo-Antwerp-2022","item"
"5793","18544","Sticker-Heroic-Holo-Antwerp-2022","item"
"5794","18545","Sticker-FURIA-Holo-Antwerp-2022","item"
"5795","18546","Sticker-FaZe-Clan-Holo-Antwerp-2022","item"
"5796","18547","Sticker-Copenhagen-Flames-Holo-Antwerp-2022","item"
"5797","18548","Sticker-Cloud9-Holo-Antwerp-2022","item"
"5798","18549","Sticker-BIG-Holo-Antwerp-2022","item"
"5800","18551","Sticker-Ninjas-in-Pyjamas-Glitter-Antwerp-2022","item"
"5801","18552","Sticker-Natus-Vincere-Glitter-Antwerp-2022","item"
"5802","18553","Sticker-Heroic-Glitter-Antwerp-2022","item"
"5803","18554","Sticker-FURIA-Glitter-Antwerp-2022","item"
"5804","18555","Sticker-FaZe-Clan-Glitter-Antwerp-2022","item"
"5805","18556","Sticker-Copenhagen-Flames-Glitter-Antwerp-2022","item"
"5806","18557","Sticker-Cloud9-Glitter-Antwerp-2022","item"
"5807","18558","Sticker-BIG-Glitter-Antwerp-2022","item"
"5809","18560","Sticker-Ninjas-in-Pyjamas-Antwerp-2022","item"
"5810","18561","Sticker-Natus-Vincere-Antwerp-2022","item"
"5811","18562","Sticker-Heroic-Antwerp-2022","item"
"5812","18563","Sticker-FURIA-Antwerp-2022","item"
"5813","18564","Sticker-FaZe-Clan-Antwerp-2022","item"
"5814","18565","Sticker-Copenhagen-Flames-Antwerp-2022","item"
"5815","18566","Sticker-Cloud9-Antwerp-2022","item"
"5816","18567","Sticker-BIG-Antwerp-2022","item"
"5817","18569","Sticker-YEKINDAR-Gold-Antwerp-2022","item"
"5818","18570","Sticker-xfl0ud-Gold-Antwerp-2022","item"
"5819","18571","Sticker-XANTARES-Gold-Antwerp-2022","item"
"5820","18572","Sticker-woxic-Gold-Antwerp-2022","item"
"5821","18573","Sticker-Techno4K-Gold-Antwerp-2022","item"
"5822","18574","Sticker-sk0R-Gold-Antwerp-2022","item"
"5823","18575","Sticker-sico-Gold-Antwerp-2022","item"
"5824","18576","Sticker-shox-Gold-Antwerp-2022","item"
"5825","18577","Sticker-S1ren-Gold-Antwerp-2022","item"
"5826","18578","Sticker-rox-Gold-Antwerp-2022","item"
"5827","18579","Sticker-qikert-Gold-Antwerp-2022","item"
"5828","18580","Sticker-Patsi-Gold-Antwerp-2022","item"
"5829","18581","Sticker-oSee-Gold-Antwerp-2022","item"
"5830","18582","Sticker-nitr0-Gold-Antwerp-2022","item"
"5831","18583","Sticker-nin9-Gold-Antwerp-2022","item"
"5832","18584","Sticker-NAF-Gold-Antwerp-2022","item"
"5833","18585","Sticker-max-Gold-Antwerp-2022","item"
"5834","18586","Sticker-magixx-Gold-Antwerp-2022","item"
"5835","18587","Sticker-luken-Gold-Antwerp-2022","item"
"5836","18588","Sticker-Liazz-Gold-Antwerp-2022","item"
"5837","18589","Sticker-kabal-Gold-Antwerp-2022","item"
"5838","18590","Sticker-junior-Gold-Antwerp-2022","item"
"5839","18591","Sticker-JT-Gold-Antwerp-2022","item"
"5840","18592","Sticker-Jame-Gold-Antwerp-2022","item"
"5841","18593","Sticker-ins-Gold-Antwerp-2022","item"
"5842","18594","Sticker-imoRR-Gold-Antwerp-2022","item"
"5843","18595","Sticker-hatz-Gold-Antwerp-2022","item"
"5844","18596","Sticker-Grim-Gold-Antwerp-2022","item"
"5845","18597","Sticker-floppy-Gold-Antwerp-2022","item"
"5846","18598","Sticker-FL1T-Gold-Antwerp-2022","item"
"5847","18599","Sticker-FaNg-Gold-Antwerp-2022","item"
"5848","18600","Sticker-EliGE-Gold-Antwerp-2022","item"
"5849","18601","Sticker-dgt-Gold-Antwerp-2022","item"
"5850","18602","Sticker-degster-Gold-Antwerp-2022","item"
"5851","18603","Sticker-dav1d-Gold-Antwerp-2022","item"
"5852","18604","Sticker-chopper-Gold-Antwerp-2022","item"
"5853","18605","Sticker-Calyx-Gold-Antwerp-2022","item"
"5854","18606","Sticker-buster-Gold-Antwerp-2022","item"
"5855","18607","Sticker-bLitz-Gold-Antwerp-2022","item"
"5856","18608","Sticker-aliStair-Gold-Antwerp-2022","item"
"5857","18609","Sticker-YEKINDAR-Holo-Antwerp-2022","item"
"5858","18610","Sticker-xfl0ud-Holo-Antwerp-2022","item"
"5859","18611","Sticker-XANTARES-Holo-Antwerp-2022","item"
"5860","18612","Sticker-woxic-Holo-Antwerp-2022","item"
"5861","18613","Sticker-Techno4K-Holo-Antwerp-2022","item"
"5862","18614","Sticker-sk0R-Holo-Antwerp-2022","item"
"5863","18615","Sticker-sico-Holo-Antwerp-2022","item"
"5864","18616","Sticker-shox-Holo-Antwerp-2022","item"
"5865","18617","Sticker-S1ren-Holo-Antwerp-2022","item"
"5866","18618","Sticker-rox-Holo-Antwerp-2022","item"
"5867","18619","Sticker-qikert-Holo-Antwerp-2022","item"
"5868","18620","Sticker-Patsi-Holo-Antwerp-2022","item"
"5869","18621","Sticker-oSee-Holo-Antwerp-2022","item"
"5870","18622","Sticker-nitr0-Holo-Antwerp-2022","item"
"5871","18623","Sticker-nin9-Holo-Antwerp-2022","item"
"5872","18624","Sticker-NAF-Holo-Antwerp-2022","item"
"5873","18625","Sticker-max-Holo-Antwerp-2022","item"
"5874","18626","Sticker-magixx-Holo-Antwerp-2022","item"
"5875","18627","Sticker-luken-Holo-Antwerp-2022","item"
"5876","18628","Sticker-Liazz-Holo-Antwerp-2022","item"
"5877","18629","Sticker-kabal-Holo-Antwerp-2022","item"
"5878","18630","Sticker-junior-Holo-Antwerp-2022","item"
"5879","18631","Sticker-JT-Holo-Antwerp-2022","item"
"5880","18632","Sticker-Jame-Holo-Antwerp-2022","item"
"5881","18633","Sticker-ins-Holo-Antwerp-2022","item"
"5882","18634","Sticker-imoRR-Holo-Antwerp-2022","item"
"5883","18635","Sticker-hatz-Holo-Antwerp-2022","item"
"5884","18636","Sticker-Grim-Holo-Antwerp-2022","item"
"5885","18637","Sticker-floppy-Holo-Antwerp-2022","item"
"5886","18638","Sticker-FL1T-Holo-Antwerp-2022","item"
"5887","18639","Sticker-FaNg-Holo-Antwerp-2022","item"
"5888","18640","Sticker-EliGE-Holo-Antwerp-2022","item"
"5889","18641","Sticker-dgt-Holo-Antwerp-2022","item"
"5890","18642","Sticker-degster-Holo-Antwerp-2022","item"
"5891","18643","Sticker-dav1d-Holo-Antwerp-2022","item"
"5892","18644","Sticker-chopper-Holo-Antwerp-2022","item"
"5893","18645","Sticker-Calyx-Holo-Antwerp-2022","item"
"5894","18646","Sticker-buster-Holo-Antwerp-2022","item"
"5895","18647","Sticker-bLitz-Holo-Antwerp-2022","item"
"5896","18648","Sticker-aliStair-Holo-Antwerp-2022","item"
"5897","18649","Sticker-YEKINDAR-Glitter-Antwerp-2022","item"
"5898","18650","Sticker-xfl0ud-Glitter-Antwerp-2022","item"
"5899","18651","Sticker-XANTARES-Glitter-Antwerp-2022","item"
"5900","18652","Sticker-woxic-Glitter-Antwerp-2022","item"
"5901","18653","Sticker-Techno4K-Glitter-Antwerp-2022","item"
"5902","18654","Sticker-sk0R-Glitter-Antwerp-2022","item"
"5903","18655","Sticker-sico-Glitter-Antwerp-2022","item"
"5904","18656","Sticker-shox-Glitter-Antwerp-2022","item"
"5905","18657","Sticker-S1ren-Glitter-Antwerp-2022","item"
"5906","18658","Sticker-rox-Glitter-Antwerp-2022","item"
"5907","18659","Sticker-qikert-Glitter-Antwerp-2022","item"
"5908","18660","Sticker-Patsi-Glitter-Antwerp-2022","item"
"5909","18661","Sticker-oSee-Glitter-Antwerp-2022","item"
"5910","18662","Sticker-nitr0-Glitter-Antwerp-2022","item"
"5911","18663","Sticker-nin9-Glitter-Antwerp-2022","item"
"5912","18664","Sticker-NAF-Glitter-Antwerp-2022","item"
"5913","18665","Sticker-max-Glitter-Antwerp-2022","item"
"5914","18666","Sticker-magixx-Glitter-Antwerp-2022","item"
"5915","18667","Sticker-luken-Glitter-Antwerp-2022","item"
"5916","18668","Sticker-Liazz-Glitter-Antwerp-2022","item"
"5917","18669","Sticker-kabal-Glitter-Antwerp-2022","item"
"5918","18670","Sticker-junior-Glitter-Antwerp-2022","item"
"5919","18671","Sticker-JT-Glitter-Antwerp-2022","item"
"5920","18672","Sticker-Jame-Glitter-Antwerp-2022","item"
"5921","18673","Sticker-ins-Glitter-Antwerp-2022","item"
"5922","18674","Sticker-imoRR-Glitter-Antwerp-2022","item"
"5923","18675","Sticker-hatz-Glitter-Antwerp-2022","item"
"5924","18676","Sticker-Grim-Glitter-Antwerp-2022","item"
"5925","18677","Sticker-floppy-Glitter-Antwerp-2022","item"
"5926","18678","Sticker-FL1T-Glitter-Antwerp-2022","item"
"5927","18679","Sticker-FaNg-Glitter-Antwerp-2022","item"
"5928","18680","Sticker-EliGE-Glitter-Antwerp-2022","item"
"5929","18681","Sticker-dgt-Glitter-Antwerp-2022","item"
"5930","18682","Sticker-degster-Glitter-Antwerp-2022","item"
"5931","18683","Sticker-dav1d-Glitter-Antwerp-2022","item"
"5932","18684","Sticker-chopper-Glitter-Antwerp-2022","item"
"5933","18685","Sticker-Calyx-Glitter-Antwerp-2022","item"
"5934","18686","Sticker-buster-Glitter-Antwerp-2022","item"
"5935","18687","Sticker-bLitz-Glitter-Antwerp-2022","item"
"5936","18688","Sticker-aliStair-Glitter-Antwerp-2022","item"
"5937","18689","Sticker-YEKINDAR-Antwerp-2022","item"
"5938","18690","Sticker-xfl0ud-Antwerp-2022","item"
"5939","18691","Sticker-XANTARES-Antwerp-2022","item"
"5940","18692","Sticker-woxic-Antwerp-2022","item"
"5941","18693","Sticker-Techno4K-Antwerp-2022","item"
"5942","18694","Sticker-sk0R-Antwerp-2022","item"
"5943","18695","Sticker-sico-Antwerp-2022","item"
"5944","18696","Sticker-shox-Antwerp-2022","item"
"5945","18697","Sticker-S1ren-Antwerp-2022","item"
"5946","18698","Sticker-rox-Antwerp-2022","item"
"5947","18699","Sticker-qikert-Antwerp-2022","item"
"5948","18700","Sticker-Patsi-Antwerp-2022","item"
"5949","18701","Sticker-oSee-Antwerp-2022","item"
"5950","18702","Sticker-nitr0-Antwerp-2022","item"
"5951","18703","Sticker-nin9-Antwerp-2022","item"
"5952","18704","Sticker-NAF-Antwerp-2022","item"
"5953","18705","Sticker-max-Antwerp-2022","item"
"5954","18706","Sticker-magixx-Antwerp-2022","item"
"5955","18707","Sticker-luken-Antwerp-2022","item"
"5956","18708","Sticker-Liazz-Antwerp-2022","item"
"5957","18709","Sticker-kabal-Antwerp-2022","item"
"5958","18710","Sticker-junior-Antwerp-2022","item"
"5959","18711","Sticker-JT-Antwerp-2022","item"
"5960","18712","Sticker-Jame-Antwerp-2022","item"
"5961","18713","Sticker-ins-Antwerp-2022","item"
"5962","18714","Sticker-imoRR-Antwerp-2022","item"
"5963","18715","Sticker-hatz-Antwerp-2022","item"
"5964","18716","Sticker-Grim-Antwerp-2022","item"
"5965","18717","Sticker-floppy-Antwerp-2022","item"
"5966","18718","Sticker-FL1T-Antwerp-2022","item"
"5967","18719","Sticker-FaNg-Antwerp-2022","item"
"5968","18720","Sticker-EliGE-Antwerp-2022","item"
"5969","18721","Sticker-dgt-Antwerp-2022","item"
"5970","18722","Sticker-degster-Antwerp-2022","item"
"5971","18723","Sticker-dav1d-Antwerp-2022","item"
"5972","18724","Sticker-chopper-Antwerp-2022","item"
"5973","18725","Sticker-Calyx-Antwerp-2022","item"
"5974","18726","Sticker-buster-Antwerp-2022","item"
"5975","18727","Sticker-bLitz-Antwerp-2022","item"
"5976","18728","Sticker-aliStair-Antwerp-2022","item"
"5977","18730","Sticker-ZywOo-Gold-Antwerp-2022","item"
"5978","18731","Sticker-zorte-Gold-Antwerp-2022","item"
"5979","18732","Sticker-Xyp9x-Gold-Antwerp-2022","item"
"5980","18733","Sticker-WOOD7-Gold-Antwerp-2022","item"
"5981","18734","Sticker-VINI-Gold-Antwerp-2022","item"
"5982","18736","Sticker-Spinx-Gold-Antwerp-2022","item"
"5983","18737","Sticker-Snappi-Gold-Antwerp-2022","item"
"5984","18738","Sticker-sinnopsyy-Gold-Antwerp-2022","item"
"5985","18739","Sticker-shalfey-Gold-Antwerp-2022","item"
"5986","18740","Sticker-SENER1-Gold-Antwerp-2022","item"
"5987","18741","Sticker-rigoN-Gold-Antwerp-2022","item"
"5988","18742","Sticker-Norwi-Gold-Antwerp-2022","item"
"5989","18743","Sticker-NiKo-Gold-Antwerp-2022","item"
"5990","18744","Sticker-misutaaa-Gold-Antwerp-2022","item"
"5991","18745","Sticker-Magisk-Gold-Antwerp-2022","item"
"5992","18746","Sticker-maden-Gold-Antwerp-2022","item"
"5993","18747","Sticker-m0NESY-Gold-Antwerp-2022","item"
"5994","18749","Sticker-k0nfig-Gold-Antwerp-2022","item"
"5995","18748","Sticker-KENSi-Gold-Antwerp-2022","item"
"5996","18750","Sticker-juanflatroo-Gold-Antwerp-2022","item"
"5997","18751","Sticker-JOTA-Gold-Antwerp-2022","item"
"5998","18752","Sticker-Jerry-Gold-Antwerp-2022","item"
"5999","18761","Sticker-FalleN-Gold-Antwerp-2022","item"
"6000","18753","Sticker-JaCkz-Gold-Antwerp-2022","item"
"6001","18754","Sticker-huNter-Gold-Antwerp-2022","item"
"6002","18755","Sticker-hades-Gold-Antwerp-2022","item"
"6003","18756","Sticker-gxx--Gold-Antwerp-2022","item"
"6004","18757","Sticker-gla1ve-Gold-Antwerp-2022","item"
"6005","18758","Sticker-fnx-Gold-Antwerp-2022","item"
"6006","18759","Sticker-fer-Gold-Antwerp-2022","item"
"6007","18760","Sticker-Farlig-Gold-Antwerp-2022","item"
"6008","18762","Sticker-exit-Gold-Antwerp-2022","item"
"6009","18763","Sticker-dycha-Gold-Antwerp-2022","item"
"6010","18735","Sticker-Tuurtle-Gold-Antwerp-2022","item"
"6011","18764","Sticker-dupreeh-Gold-Antwerp-2022","item"
"6012","18765","Sticker-chelo-Gold-Antwerp-2022","item"
"6013","18766","Sticker-boltz-Gold-Antwerp-2022","item"
"6014","18767","Sticker-blameF-Gold-Antwerp-2022","item"
"6015","18768","Sticker-apEX-Gold-Antwerp-2022","item"
"6016","18769","Sticker-Aleksib-Gold-Antwerp-2022","item"
"6017","18770","Sticker-ZywOo-Holo-Antwerp-2022","item"
"6018","18771","Sticker-zorte-Holo-Antwerp-2022","item"
"6019","18772","Sticker-Xyp9x-Holo-Antwerp-2022","item"
"6020","18773","Sticker-WOOD7-Holo-Antwerp-2022","item"
"6021","18774","Sticker-VINI-Holo-Antwerp-2022","item"
"6022","18775","Sticker-Tuurtle-Holo-Antwerp-2022","item"
"6023","18776","Sticker-Spinx-Holo-Antwerp-2022","item"
"6024","18777","Sticker-Snappi-Holo-Antwerp-2022","item"
"6025","18779","Sticker-shalfey-Holo-Antwerp-2022","item"
"6026","18778","Sticker-sinnopsyy-Holo-Antwerp-2022","item"
"6027","18780","Sticker-SENER1-Holo-Antwerp-2022","item"
"6028","18781","Sticker-rigoN-Holo-Antwerp-2022","item"
"6029","18783","Sticker-NiKo-Holo-Antwerp-2022","item"
"6030","18784","Sticker-misutaaa-Holo-Antwerp-2022","item"
"6031","18785","Sticker-Magisk-Holo-Antwerp-2022","item"
"6032","18786","Sticker-maden-Holo-Antwerp-2022","item"
"6033","18787","Sticker-m0NESY-Holo-Antwerp-2022","item"
"6034","18788","Sticker-KENSi-Holo-Antwerp-2022","item"
"6035","18789","Sticker-k0nfig-Holo-Antwerp-2022","item"
"6036","18782","Sticker-Norwi-Holo-Antwerp-2022","item"
"6037","18790","Sticker-juanflatroo-Holo-Antwerp-2022","item"
"6038","18791","Sticker-JOTA-Holo-Antwerp-2022","item"
"6039","18792","Sticker-Jerry-Holo-Antwerp-2022","item"
"6040","18793","Sticker-JaCkz-Holo-Antwerp-2022","item"
"6041","18794","Sticker-huNter-Holo-Antwerp-2022","item"
"6042","18795","Sticker-hades-Holo-Antwerp-2022","item"
"6043","18796","Sticker-gxx--Holo-Antwerp-2022","item"
"6044","18797","Sticker-gla1ve-Holo-Antwerp-2022","item"
"6045","18798","Sticker-fnx-Holo-Antwerp-2022","item"
"6046","18799","Sticker-fer-Holo-Antwerp-2022","item"
"6047","18800","Sticker-Farlig-Holo-Antwerp-2022","item"
"6048","18802","Sticker-exit-Holo-Antwerp-2022","item"
"6049","18803","Sticker-dycha-Holo-Antwerp-2022","item"
"6050","18804","Sticker-dupreeh-Holo-Antwerp-2022","item"
"6051","18805","Sticker-chelo-Holo-Antwerp-2022","item"
"6052","18806","Sticker-boltz-Holo-Antwerp-2022","item"
"6053","18807","Sticker-blameF-Holo-Antwerp-2022","item"
"6054","18808","Sticker-apEX-Holo-Antwerp-2022","item"
"6055","18809","Sticker-Aleksib-Holo-Antwerp-2022","item"
"6056","18810","Sticker-ZywOo-Glitter-Antwerp-2022","item"
"6057","18811","Sticker-zorte-Glitter-Antwerp-2022","item"
"6058","18812","Sticker-Xyp9x-Glitter-Antwerp-2022","item"
"6059","18813","Sticker-WOOD7-Glitter-Antwerp-2022","item"
"6060","18814","Sticker-VINI-Glitter-Antwerp-2022","item"
"6061","18815","Sticker-Tuurtle-Glitter-Antwerp-2022","item"
"6062","18816","Sticker-Spinx-Glitter-Antwerp-2022","item"
"6063","18817","Sticker-Snappi-Glitter-Antwerp-2022","item"
"6064","18818","Sticker-sinnopsyy-Glitter-Antwerp-2022","item"
"6065","18819","Sticker-shalfey-Glitter-Antwerp-2022","item"
"6066","18820","Sticker-SENER1-Glitter-Antwerp-2022","item"
"6067","18821","Sticker-rigoN-Glitter-Antwerp-2022","item"
"6068","18822","Sticker-Norwi-Glitter-Antwerp-2022","item"
"6069","18823","Sticker-NiKo-Glitter-Antwerp-2022","item"
"6070","18824","Sticker-misutaaa-Glitter-Antwerp-2022","item"
"6071","18825","Sticker-Magisk-Glitter-Antwerp-2022","item"
"6072","18826","Sticker-maden-Glitter-Antwerp-2022","item"
"6073","18827","Sticker-m0NESY-Glitter-Antwerp-2022","item"
"6074","18828","Sticker-KENSi-Glitter-Antwerp-2022","item"
"6075","18829","Sticker-k0nfig-Glitter-Antwerp-2022","item"
"6076","18830","Sticker-juanflatroo-Glitter-Antwerp-2022","item"
"6077","18831","Sticker-JOTA-Glitter-Antwerp-2022","item"
"6078","18832","Sticker-Jerry-Glitter-Antwerp-2022","item"
"6079","18833","Sticker-JaCkz-Glitter-Antwerp-2022","item"
"6080","18834","Sticker-huNter-Glitter-Antwerp-2022","item"
"6081","18835","Sticker-hades-Glitter-Antwerp-2022","item"
"6082","18836","Sticker-gxx--Glitter-Antwerp-2022","item"
"6083","18837","Sticker-gla1ve-Glitter-Antwerp-2022","item"
"6084","18838","Sticker-fnx-Glitter-Antwerp-2022","item"
"6085","18839","Sticker-fer-Glitter-Antwerp-2022","item"
"6086","18840","Sticker-Farlig-Glitter-Antwerp-2022","item"
"6087","18841","Sticker-FalleN-Glitter-Antwerp-2022","item"
"6088","18842","Sticker-exit-Glitter-Antwerp-2022","item"
"6089","18843","Sticker-dycha-Glitter-Antwerp-2022","item"
"6090","18845","Sticker-chelo-Glitter-Antwerp-2022","item"
"6091","18844","Sticker-dupreeh-Glitter-Antwerp-2022","item"
"6092","18846","Sticker-boltz-Glitter-Antwerp-2022","item"
"6093","18847","Sticker-blameF-Glitter-Antwerp-2022","item"
"6094","18848","Sticker-apEX-Glitter-Antwerp-2022","item"
"6095","18849","Sticker-Aleksib-Glitter-Antwerp-2022","item"
"6096","18850","Sticker-ZywOo-Antwerp-2022","item"
"6097","18851","Sticker-zorte-Antwerp-2022","item"
"6098","18852","Sticker-Xyp9x-Antwerp-2022","item"
"6099","18853","Sticker-WOOD7-Antwerp-2022","item"
"6100","18854","Sticker-VINI-Antwerp-2022","item"
"6101","18856","Sticker-Spinx-Antwerp-2022","item"
"6102","18857","Sticker-Snappi-Antwerp-2022","item"
"6103","18858","Sticker-sinnopsyy-Antwerp-2022","item"
"6104","18859","Sticker-shalfey-Antwerp-2022","item"
"6105","18860","Sticker-SENER1-Antwerp-2022","item"
"6106","18861","Sticker-rigoN-Antwerp-2022","item"
"6107","18862","Sticker-Norwi-Antwerp-2022","item"
"6108","18864","Sticker-misutaaa-Antwerp-2022","item"
"6109","18865","Sticker-Magisk-Antwerp-2022","item"
"6110","18866","Sticker-maden-Antwerp-2022","item"
"6111","18867","Sticker-m0NESY-Antwerp-2022","item"
"6112","18868","Sticker-KENSi-Antwerp-2022","item"
"6113","18869","Sticker-k0nfig-Antwerp-2022","item"
"6114","18870","Sticker-juanflatroo-Antwerp-2022","item"
"6115","18871","Sticker-JOTA-Antwerp-2022","item"
"6116","18872","Sticker-Jerry-Antwerp-2022","item"
"6117","18873","Sticker-JaCkz-Antwerp-2022","item"
"6118","18874","Sticker-huNter-Antwerp-2022","item"
"6119","18875","Sticker-hades-Antwerp-2022","item"
"6120","18876","Sticker-gxx--Antwerp-2022","item"
"6121","18877","Sticker-gla1ve-Antwerp-2022","item"
"6122","18878","Sticker-fnx-Antwerp-2022","item"
"6123","18879","Sticker-fer-Antwerp-2022","item"
"6124","18880","Sticker-Farlig-Antwerp-2022","item"
"6125","18881","Sticker-FalleN-Antwerp-2022","item"
"6126","18882","Sticker-exit-Antwerp-2022","item"
"6127","18883","Sticker-dycha-Antwerp-2022","item"
"6128","18884","Sticker-dupreeh-Antwerp-2022","item"
"6129","18885","Sticker-chelo-Antwerp-2022","item"
"6130","18886","Sticker-boltz-Antwerp-2022","item"
"6131","18887","Sticker-blameF-Antwerp-2022","item"
"6132","18888","Sticker-apEX-Antwerp-2022","item"
"6133","18889","Sticker-Aleksib-Antwerp-2022","item"
"6134","18801","Sticker-FalleN-Holo-Antwerp-2022","item"
"6135","18855","Sticker-Tuurtle-Antwerp-2022","item"
"6136","18863","Sticker-NiKo-Antwerp-2022","item"
"6137","18891","Sticker-Zyphon-Gold-Antwerp-2022","item"
"6138","18892","Sticker-yuurih-Gold-Antwerp-2022","item"
"6139","18893","Sticker-Twistzz-Gold-Antwerp-2022","item"
"6140","18894","Sticker-tiziaN-Gold-Antwerp-2022","item"
"6141","18895","Sticker-TeSeS-Gold-Antwerp-2022","item"
"6142","18896","Sticker-tabseN-Gold-Antwerp-2022","item"
"6143","18897","Sticker-syrsoN-Gold-Antwerp-2022","item"
"6144","18898","Sticker-stavn-Gold-Antwerp-2022","item"
"6145","18899","Sticker-sjuush-Gold-Antwerp-2022","item"
"6146","18900","Sticker-sh1ro-Gold-Antwerp-2022","item"
"6147","18901","Sticker-saffee-Gold-Antwerp-2022","item"
"6148","18902","Sticker-s1mple-Gold-Antwerp-2022","item"
"6149","18903","Sticker-ropz-Gold-Antwerp-2022","item"
"6150","18904","Sticker-roeJ-Gold-Antwerp-2022","item"
"6151","18905","Sticker-REZ-Gold-Antwerp-2022","item"
"6152","18906","Sticker-refrezh-Gold-Antwerp-2022","item"
"6153","18908","Sticker-Plopski-Gold-Antwerp-2022","item"
"6154","18909","Sticker-Perfecto-Gold-Antwerp-2022","item"
"6155","18910","Sticker-nicoodoz-Gold-Antwerp-2022","item"
"6156","18911","Sticker-nafany-Gold-Antwerp-2022","item"
"6157","18912","Sticker-KSCERATO-Gold-Antwerp-2022","item"
"6158","18913","Sticker-Krimbo-Gold-Antwerp-2022","item"
"6159","18914","Sticker-karrigan-Gold-Antwerp-2022","item"
"6160","18915","Sticker-jabbi-Gold-Antwerp-2022","item"
"6161","18916","Sticker-interz-Gold-Antwerp-2022","item"
"6162","18917","Sticker-HooXi-Gold-Antwerp-2022","item"
"6163","18918","Sticker-Hobbit-Gold-Antwerp-2022","item"
"6164","18919","Sticker-hampus-Gold-Antwerp-2022","item"
"6165","18920","Sticker-faveN-Gold-Antwerp-2022","item"
"6166","18921","Sticker-es3tag-Gold-Antwerp-2022","item"
"6167","18922","Sticker-electronic-Gold-Antwerp-2022","item"
"6168","18923","Sticker-drop-Gold-Antwerp-2022","item"
"6169","18924","Sticker-cadiaN-Gold-Antwerp-2022","item"
"6170","18925","Sticker-Brollan-Gold-Antwerp-2022","item"
"6171","18926","Sticker-broky-Gold-Antwerp-2022","item"
"6172","18927","Sticker-Boombl4-Gold-Antwerp-2022","item"
"6173","18928","Sticker-b1t-Gold-Antwerp-2022","item"
"6174","18929","Sticker-Ax1Le-Gold-Antwerp-2022","item"
"6175","18930","Sticker-arT-Gold-Antwerp-2022","item"
"6176","18931","Sticker-Zyphon-Holo-Antwerp-2022","item"
"6177","18932","Sticker-yuurih-Holo-Antwerp-2022","item"
"6178","18933","Sticker-Twistzz-Holo-Antwerp-2022","item"
"6179","18934","Sticker-tiziaN-Holo-Antwerp-2022","item"
"6180","18935","Sticker-TeSeS-Holo-Antwerp-2022","item"
"6181","18936","Sticker-tabseN-Holo-Antwerp-2022","item"
"6182","18937","Sticker-syrsoN-Holo-Antwerp-2022","item"
"6183","18938","Sticker-stavn-Holo-Antwerp-2022","item"
"6184","18939","Sticker-sjuush-Holo-Antwerp-2022","item"
"6185","18940","Sticker-sh1ro-Holo-Antwerp-2022","item"
"6186","18941","Sticker-saffee-Holo-Antwerp-2022","item"
"6187","18942","Sticker-s1mple-Holo-Antwerp-2022","item"
"6188","18943","Sticker-ropz-Holo-Antwerp-2022","item"
"6189","18944","Sticker-roeJ-Holo-Antwerp-2022","item"
"6190","18945","Sticker-REZ-Holo-Antwerp-2022","item"
"6191","18946","Sticker-refrezh-Holo-Antwerp-2022","item"
"6192","18947","Sticker-rain-Holo-Antwerp-2022","item"
"6193","18948","Sticker-Plopski-Holo-Antwerp-2022","item"
"6194","18949","Sticker-Perfecto-Holo-Antwerp-2022","item"
"6195","18950","Sticker-nicoodoz-Holo-Antwerp-2022","item"
"6196","18951","Sticker-nafany-Holo-Antwerp-2022","item"
"6197","18952","Sticker-KSCERATO-Holo-Antwerp-2022","item"
"6198","18953","Sticker-Krimbo-Holo-Antwerp-2022","item"
"6199","18954","Sticker-karrigan-Holo-Antwerp-2022","item"
"6200","18955","Sticker-jabbi-Holo-Antwerp-2022","item"
"6201","18956","Sticker-interz-Holo-Antwerp-2022","item"
"6202","18957","Sticker-HooXi-Holo-Antwerp-2022","item"
"6203","18958","Sticker-Hobbit-Holo-Antwerp-2022","item"
"6204","18959","Sticker-hampus-Holo-Antwerp-2022","item"
"6205","18960","Sticker-faveN-Holo-Antwerp-2022","item"
"6206","18961","Sticker-es3tag-Holo-Antwerp-2022","item"
"6207","18962","Sticker-electronic-Holo-Antwerp-2022","item"
"6208","18963","Sticker-drop-Holo-Antwerp-2022","item"
"6209","18964","Sticker-cadiaN-Holo-Antwerp-2022","item"
"6210","18965","Sticker-Brollan-Holo-Antwerp-2022","item"
"6211","18966","Sticker-broky-Holo-Antwerp-2022","item"
"6212","18967","Sticker-Boombl4-Holo-Antwerp-2022","item"
"6213","18968","Sticker-b1t-Holo-Antwerp-2022","item"
"6214","18969","Sticker-Ax1Le-Holo-Antwerp-2022","item"
"6215","18970","Sticker-arT-Holo-Antwerp-2022","item"
"6216","18971","Sticker-Zyphon-Glitter-Antwerp-2022","item"
"6217","18972","Sticker-yuurih-Glitter-Antwerp-2022","item"
"6218","18973","Sticker-Twistzz-Glitter-Antwerp-2022","item"
"6219","18974","Sticker-tiziaN-Glitter-Antwerp-2022","item"
"6220","18975","Sticker-TeSeS-Glitter-Antwerp-2022","item"
"6221","18976","Sticker-tabseN-Glitter-Antwerp-2022","item"
"6222","18978","Sticker-stavn-Glitter-Antwerp-2022","item"
"6223","18977","Sticker-syrsoN-Glitter-Antwerp-2022","item"
"6224","18979","Sticker-sjuush-Glitter-Antwerp-2022","item"
"6225","18980","Sticker-sh1ro-Glitter-Antwerp-2022","item"
"6226","18981","Sticker-saffee-Glitter-Antwerp-2022","item"
"6227","18982","Sticker-s1mple-Glitter-Antwerp-2022","item"
"6228","18983","Sticker-ropz-Glitter-Antwerp-2022","item"
"6229","18984","Sticker-roeJ-Glitter-Antwerp-2022","item"
"6230","18986","Sticker-refrezh-Glitter-Antwerp-2022","item"
"6231","18987","Sticker-rain-Glitter-Antwerp-2022","item"
"6232","18988","Sticker-Plopski-Glitter-Antwerp-2022","item"
"6233","18989","Sticker-Perfecto-Glitter-Antwerp-2022","item"
"6234","18990","Sticker-nicoodoz-Glitter-Antwerp-2022","item"
"6235","18991","Sticker-nafany-Glitter-Antwerp-2022","item"
"6236","18992","Sticker-KSCERATO-Glitter-Antwerp-2022","item"
"6237","18993","Sticker-Krimbo-Glitter-Antwerp-2022","item"
"6238","18994","Sticker-karrigan-Glitter-Antwerp-2022","item"
"6239","18995","Sticker-jabbi-Glitter-Antwerp-2022","item"
"6240","18996","Sticker-interz-Glitter-Antwerp-2022","item"
"6241","18997","Sticker-HooXi-Glitter-Antwerp-2022","item"
"6242","18998","Sticker-Hobbit-Glitter-Antwerp-2022","item"
"6243","18999","Sticker-hampus-Glitter-Antwerp-2022","item"
"6244","19000","Sticker-faveN-Glitter-Antwerp-2022","item"
"6245","19001","Sticker-es3tag-Glitter-Antwerp-2022","item"
"6246","19002","Sticker-electronic-Glitter-Antwerp-2022","item"
"6247","19003","Sticker-drop-Glitter-Antwerp-2022","item"
"6248","19004","Sticker-cadiaN-Glitter-Antwerp-2022","item"
"6249","19005","Sticker-Brollan-Glitter-Antwerp-2022","item"
"6250","19006","Sticker-broky-Glitter-Antwerp-2022","item"
"6251","19007","Sticker-Boombl4-Glitter-Antwerp-2022","item"
"6252","19008","Sticker-b1t-Glitter-Antwerp-2022","item"
"6253","19009","Sticker-Ax1Le-Glitter-Antwerp-2022","item"
"6254","19010","Sticker-arT-Glitter-Antwerp-2022","item"
"6255","19011","Sticker-Zyphon-Antwerp-2022","item"
"6256","19012","Sticker-yuurih-Antwerp-2022","item"
"6257","19013","Sticker-Twistzz-Antwerp-2022","item"
"6258","19014","Sticker-tiziaN-Antwerp-2022","item"
"6259","19015","Sticker-TeSeS-Antwerp-2022","item"
"6260","19016","Sticker-tabseN-Antwerp-2022","item"
"6261","19017","Sticker-syrsoN-Antwerp-2022","item"
"6262","19018","Sticker-stavn-Antwerp-2022","item"
"6263","19019","Sticker-sjuush-Antwerp-2022","item"
"6264","19020","Sticker-sh1ro-Antwerp-2022","item"
"6265","19021","Sticker-saffee-Antwerp-2022","item"
"6266","19022","Sticker-s1mple-Antwerp-2022","item"
"6267","19023","Sticker-ropz-Antwerp-2022","item"
"6268","19024","Sticker-roeJ-Antwerp-2022","item"
"6269","19025","Sticker-REZ-Antwerp-2022","item"
"6270","19026","Sticker-refrezh-Antwerp-2022","item"
"6271","19027","Sticker-rain-Antwerp-2022","item"
"6272","19028","Sticker-Plopski-Antwerp-2022","item"
"6273","19029","Sticker-Perfecto-Antwerp-2022","item"
"6274","19030","Sticker-nicoodoz-Antwerp-2022","item"
"6275","19031","Sticker-nafany-Antwerp-2022","item"
"6276","19032","Sticker-KSCERATO-Antwerp-2022","item"
"6277","19033","Sticker-Krimbo-Antwerp-2022","item"
"6278","19034","Sticker-karrigan-Antwerp-2022","item"
"6279","19035","Sticker-jabbi-Antwerp-2022","item"
"6280","19036","Sticker-interz-Antwerp-2022","item"
"6281","19037","Sticker-HooXi-Antwerp-2022","item"
"6282","19038","Sticker-Hobbit-Antwerp-2022","item"
"6283","19039","Sticker-hampus-Antwerp-2022","item"
"6284","19040","Sticker-faveN-Antwerp-2022","item"
"6285","19041","Sticker-es3tag-Antwerp-2022","item"
"6286","19042","Sticker-electronic-Antwerp-2022","item"
"6287","19043","Sticker-drop-Antwerp-2022","item"
"6288","19044","Sticker-cadiaN-Antwerp-2022","item"
"6289","19045","Sticker-Brollan-Antwerp-2022","item"
"6290","19046","Sticker-broky-Antwerp-2022","item"
"6291","19047","Sticker-Boombl4-Antwerp-2022","item"
"6292","19048","Sticker-b1t-Antwerp-2022","item"
"6293","19049","Sticker-Ax1Le-Antwerp-2022","item"
"6294","19050","Sticker-arT-Antwerp-2022","item"
"6295","18907","Sticker-rain-Gold-Antwerp-2022","item"
"6296","18985","Sticker-REZ-Glitter-Antwerp-2022","item"
"6297","19061","Sticker-Twistzz-Gold,-Champion-Antwerp-2022","item"
"6298","19062","Sticker-ropz-Gold,-Champion-Antwerp-2022","item"
"6299","19063","Sticker-rain-Gold,-Champion-Antwerp-2022","item"
"6300","19064","Sticker-karrigan-Gold,-Champion-Antwerp-2022","item"
"6301","19065","Sticker-broky-Gold,-Champion-Antwerp-2022","item"
"6302","19066","Sticker-Twistzz-Holo,-Champion-Antwerp-2022","item"
"6303","19067","Sticker-ropz-Holo,-Champion-Antwerp-2022","item"
"6304","19068","Sticker-rain-Holo,-Champion-Antwerp-2022","item"
"6305","19069","Sticker-karrigan-Holo,-Champion-Antwerp-2022","item"
"6306","19070","Sticker-broky-Holo,-Champion-Antwerp-2022","item"
"6307","19071","Sticker-Twistzz-Glitter,-Champion-Antwerp-2022","item"
"6308","19072","Sticker-ropz-Glitter,-Champion-Antwerp-2022","item"
"6309","19073","Sticker-rain-Glitter,-Champion-Antwerp-2022","item"
"6310","19074","Sticker-karrigan-Glitter,-Champion-Antwerp-2022","item"
"6311","19075","Sticker-broky-Glitter,-Champion-Antwerp-2022","item"
"6312","19076","Sticker-Twistzz-Champion-Antwerp-2022","item"
"6313","19077","Sticker-ropz-Champion-Antwerp-2022","item"
"6314","19078","Sticker-rain-Champion-Antwerp-2022","item"
"6315","19079","Sticker-karrigan-Champion-Antwerp-2022","item"
"6316","19080","Sticker-broky-Champion-Antwerp-2022","item"
"6317","20328","AWP-Chromatic-Aberration","item"
"6318","20327","USP-S-Printstream","item"
"6319","20330","Sawed-Off-Kiss♥Love","item"
"6320","20331","P250-Visions","item"
"6321","20329","AK-47-Ice-Coaled","item"
"6322","20333","Dual-Berettas-Flora-Carnivora","item"
"6323","20332","P90-Vent-Rush","item"
"6324","20335","SG-553-Dragon-Tech","item"
"6325","20336","M249-Downtown","item"
"6326","20334","R8-Revolver-Crazy-8","item"
"6327","20337","Glock-18-Winterized","item"
"6328","20341","UMP-45-Roadblock","item"
"6329","20340","Negev-Drop-Me","item"
"6330","20342","MAC-10-Monkeyflage","item"
"6331","20339","M4A4-Poly-Mag","item"
"6332","20343","Galil-AR-Destroyer","item"
"6333","20338","FAMAS-Meow-36","item"
"6334","23038","Sticker-DJ-Safecracker-Lenticular","item"
"6335","23039","Sticker-Freeze-Lenticular","item"
"6336","23040","Sticker-Global-TV-Lenticular","item"
"6337","23041","Sticker-Magic-Rush-Ball-Lenticular","item"
"6338","23042","Sticker-Skin-Lover-Lenticular","item"
"6339","23043","Sticker-TV-Installation-Lenticular","item"
"6340","23044","Sticker-Approaching-Site-Foil","item"
"6341","23045","Sticker-Dust-FA-Foil","item"
"6342","23046","Sticker-In-The-Fire-Foil","item"
"6343","23047","Sticker-Overpass-Diorama-Foil","item"
"6344","23048","Sticker-Pure-Malt-Foil","item"
"6345","23049","Sticker-Romanov's-Fire-Foil","item"
"6346","23050","Sticker-Showdown-Foil","item"
"6347","23051","Sticker-Ten-Years-Foil","item"
"6348","23052","Sticker-Ace-Clutch-Co.-Holo","item"
"6349","23053","Sticker-Blue-Gem-Glitter","item"
"6350","23054","Sticker-Cbbl-Holo","item"
"6351","23055","Sticker-Conspiracy-Club-Holo","item"
"6352","23056","Sticker-Defuse-It-Holo","item"
"6353","23057","Sticker-Get-Smoked-Holo","item"
"6354","23058","Sticker-Go-Boom-Glitter","item"
"6355","23059","Sticker-Kawaii-CT-Holo","item"
"6356","23060","Sticker-Kawaii-T-Holo","item"
"6357","23061","Sticker-Leaving-The-Station-Holo","item"
"6358","23062","Sticker-Pain-Train-Holo","item"
"6359","23063","Sticker-Vertigo's-Hero-Holo","item"
"6360","23064","Sticker-Zeusception-Holo","item"
"6361","23065","Sticker-Agent-Select","item"
"6362","23066","Sticker-Arms-Race","item"
"6363","23067","Sticker-Baby-Cerberus","item"
"6364","23068","Sticker-Baby-Fire-Serpent","item"
"6365","23069","Sticker-Baby-Howl","item"
"6366","23070","Sticker-Baby-Lore","item"
"6367","23071","Sticker-Baby-Medusa","item"
"6368","23072","Sticker-B-Day","item"
"6369","23073","Sticker-Beaky-Decade","item"
"6370","23074","Sticker-Booth","item"
"6371","23075","Sticker-Call-Your-Flashes","item"
"6372","23076","Sticker-Chicken-Whisperer","item"
"6373","23077","Sticker-Choose-Wisely","item"
"6374","23078","Sticker-Clicking-Heads","item"
"6375","23079","Sticker-Co-Co-Co","item"
"6376","23080","Sticker-C-S-On-The-Go","item"
"6377","23081","Sticker-Cursed-Penmanship","item"
"6378","23082","Sticker-Dragon's-Keep","item"
"6379","23083","Sticker-Dragon-Tale","item"
"6380","23084","Sticker-Dreams-And-Mimics","item"
"6381","23085","Sticker-Endless-Cycle","item"
"6382","23086","Sticker-Exo-Jumper","item"
"6383","23087","Sticker-Free-Range","item"
"6384","23088","Sticker-GO","item"
"6385","23089","Sticker-Good-Sports","item"
"6386","23090","Sticker-Good-Versus-Evil","item"
"6387","23091","Sticker-Green's-Problem","item"
"6388","23092","Sticker-Laser-Beam","item"
"6389","23093","Sticker-Monster","item"
"6390","23094","Sticker-Noble-Steed","item"
"6391","23095","Sticker-Not-For-Resale","item"
"6392","23096","Sticker-Press-Start","item"
"6393","23097","Sticker-Rush-More","item"
"6394","23098","Sticker-Save-Me","item"
"6395","23099","Sticker-Shifty-Tactics","item"
"6396","23100","Sticker-This-Is-Fine-H","item"
"6397","23101","Sticker-TV-On-Mirage","item"
"6398","23102","Sticker-Zeused","item"
"6435","29679","Sticker-00-Nation-Gold-Rio-2022","item"
"6436","29680","Sticker-Imperial-Esports-Gold-Rio-2022","item"
"6437","29681","Sticker-Fnatic-Gold-Rio-2022","item"
"6438","29682","Sticker-GamerLegion-Gold-Rio-2022","item"
"6439","29683","Sticker-FURIA-Gold-Rio-2022","item"
"6440","29684","Sticker-Outsiders-Gold-Rio-2022","item"
"6441","29685","Sticker-Grayhound-Gaming-Gold-Rio-2022","item"
"6442","29686","Sticker-IEM-Gold-Rio-2022","item"
"6443","29687","Sticker-IHC-Esports-Gold-Rio-2022","item"
"6444","29688","Sticker-00-Nation-Holo-Rio-2022","item"
"6445","29689","Sticker-Imperial-Esports-Holo-Rio-2022","item"
"6446","29690","Sticker-Fnatic-Holo-Rio-2022","item"
"6447","29691","Sticker-FURIA-Holo-Rio-2022","item"
"6448","29692","Sticker-Outsiders-Holo-Rio-2022","item"
"6449","29693","Sticker-GamerLegion-Holo-Rio-2022","item"
"6450","29694","Sticker-IHC-Esports-Holo-Rio-2022","item"
"6451","29695","Sticker-IEM-Holo-Rio-2022","item"
"6452","29696","Sticker-Grayhound-Gaming-Holo-Rio-2022","item"
"6453","29697","Sticker-00-Nation-Glitter-Rio-2022","item"
"6454","29698","Sticker-Imperial-Esports-Glitter-Rio-2022","item"
"6455","29699","Sticker-Fnatic-Glitter-Rio-2022","item"
"6456","29700","Sticker-FURIA-Glitter-Rio-2022","item"
"6457","29701","Sticker-GamerLegion-Glitter-Rio-2022","item"
"6458","29702","Sticker-Outsiders-Glitter-Rio-2022","item"
"6459","29703","Sticker-IHC-Esports-Glitter-Rio-2022","item"
"6460","29704","Sticker-Grayhound-Gaming-Glitter-Rio-2022","item"
"6461","29705","Sticker-IEM-Glitter-Rio-2022","item"
"6462","29706","Sticker-00-Nation-Rio-2022","item"
"6463","29707","Sticker-Imperial-Esports-Rio-2022","item"
"6464","29708","Sticker-Fnatic-Rio-2022","item"
"6465","29709","Sticker-Outsiders-Rio-2022","item"
"6466","29710","Sticker-GamerLegion-Rio-2022","item"
"6467","29711","Sticker-FURIA-Rio-2022","item"
"6468","29712","Sticker-Grayhound-Gaming-Rio-2022","item"
"6469","29713","Sticker-IHC-Esports-Rio-2022","item"
"6470","29714","Sticker-IEM-Rio-2022","item"
"6471","29715","Sticker-MOUZ-Gold-Rio-2022","item"
"6472","29716","Sticker-Vitality-Gold-Rio-2022","item"
"6473","29717","Sticker-Cloud9-Gold-Rio-2022","item"
"6474","29718","Sticker-OG-Gold-Rio-2022","item"
"6475","29719","Sticker-BIG-Gold-Rio-2022","item"
"6476","29720","Sticker-Bad-News-Eagles-Gold-Rio-2022","item"
"6477","29721","Sticker-9z-Team-Gold-Rio-2022","item"
"6478","29722","Sticker-Evil-Geniuses-Gold-Rio-2022","item"
"6479","29724","Sticker-MOUZ-Holo-Rio-2022","item"
"6480","29725","Sticker-Cloud9-Holo-Rio-2022","item"
"6481","29726","Sticker-9z-Team-Holo-Rio-2022","item"
"6482","29727","Sticker-Vitality-Holo-Rio-2022","item"
"6483","29728","Sticker-Bad-News-Eagles-Holo-Rio-2022","item"
"6484","29729","Sticker-OG-Holo-Rio-2022","item"
"6485","29730","Sticker-Evil-Geniuses-Holo-Rio-2022","item"
"6486","29731","Sticker-BIG-Holo-Rio-2022","item"
"6487","29733","Sticker-MOUZ-Glitter-Rio-2022","item"
"6488","29734","Sticker-Cloud9-Glitter-Rio-2022","item"
"6489","29735","Sticker-9z-Team-Glitter-Rio-2022","item"
"6490","29736","Sticker-OG-Glitter-Rio-2022","item"
"6491","29737","Sticker-Vitality-Glitter-Rio-2022","item"
"6492","29738","Sticker-Bad-News-Eagles-Glitter-Rio-2022","item"
"6493","29739","Sticker-BIG-Glitter-Rio-2022","item"
"6494","29740","Sticker-Evil-Geniuses-Glitter-Rio-2022","item"
"6495","29742","Sticker-MOUZ-Rio-2022","item"
"6496","29743","Sticker-Cloud9-Rio-2022","item"
"6497","29744","Sticker-9z-Team-Rio-2022","item"
"6498","29745","Sticker-OG-Rio-2022","item"
"6499","29746","Sticker-Bad-News-Eagles-Rio-2022","item"
"6500","29747","Sticker-Vitality-Rio-2022","item"
"6501","29748","Sticker-Evil-Geniuses-Rio-2022","item"
"6502","29750","Sticker-BIG-Rio-2022","item"
"6503","29751","Sticker-Natus-Vincere-Gold-Rio-2022","item"
"6504","29752","Sticker-FaZe-Clan-Gold-Rio-2022","item"
"6505","29753","Sticker-Team-Liquid-Gold-Rio-2022","item"
"6506","29754","Sticker-Sprout-Esports-Gold-Rio-2022","item"
"6507","29755","Sticker-Team-Spirit-Gold-Rio-2022","item"
"6508","29756","Sticker-Ninjas-in-Pyjamas-Gold-Rio-2022","item"
"6509","29757","Sticker-Heroic-Gold-Rio-2022","item"
"6510","29758","Sticker-ENCE-Gold-Rio-2022","item"
"6511","29760","Sticker-Natus-Vincere-Holo-Rio-2022","item"
"6512","29761","Sticker-FaZe-Clan-Holo-Rio-2022","item"
"6513","29762","Sticker-Team-Liquid-Holo-Rio-2022","item"
"6514","29763","Sticker-Sprout-Esports-Holo-Rio-2022","item"
"6515","29764","Sticker-Team-Spirit-Holo-Rio-2022","item"
"6516","29765","Sticker-Heroic-Holo-Rio-2022","item"
"6517","29766","Sticker-Ninjas-in-Pyjamas-Holo-Rio-2022","item"
"6518","29767","Sticker-ENCE-Holo-Rio-2022","item"
"6519","29769","Sticker-FaZe-Clan-Glitter-Rio-2022","item"
"6520","29770","Sticker-Natus-Vincere-Glitter-Rio-2022","item"
"6521","29771","Sticker-Team-Liquid-Glitter-Rio-2022","item"
"6522","29772","Sticker-Sprout-Esports-Glitter-Rio-2022","item"
"6523","29773","Sticker-Team-Spirit-Glitter-Rio-2022","item"
"6524","29774","Sticker-Heroic-Glitter-Rio-2022","item"
"6525","29775","Sticker-Ninjas-in-Pyjamas-Glitter-Rio-2022","item"
"6526","29777","Sticker-ENCE-Glitter-Rio-2022","item"
"6527","29778","Sticker-Natus-Vincere-Rio-2022","item"
"6528","29779","Sticker-FaZe-Clan-Rio-2022","item"
"6529","29780","Sticker-Sprout-Esports-Rio-2022","item"
"6530","29781","Sticker-Team-Spirit-Rio-2022","item"
"6531","29782","Sticker-Team-Liquid-Rio-2022","item"
"6532","29783","Sticker-Heroic-Rio-2022","item"
"6533","29784","Sticker-ENCE-Rio-2022","item"
"6534","29785","Sticker-Ninjas-in-Pyjamas-Rio-2022","item"
"6535","29786","Sticker-acoR-Glitter-Rio-2022","item"
"6536","29787","Sticker-acoR-Gold-Rio-2022","item"
"6537","29788","Sticker-acoR-Holo-Rio-2022","item"
"6538","29789","Sticker-acoR-Rio-2022","item"
"6539","29790","Sticker-aliStair-Glitter-Rio-2022","item"
"6540","29791","Sticker-aliStair-Gold-Rio-2022","item"
"6541","29792","Sticker-aliStair-Holo-Rio-2022","item"
"6542","29793","Sticker-aliStair-Rio-2022","item"
"6543","29794","Sticker-ANNIHILATION-Glitter-Rio-2022","item"
"6544","29795","Sticker-ANNIHILATION-Gold-Rio-2022","item"
"6545","29796","Sticker-ANNIHILATION-Holo-Rio-2022","item"
"6546","29797","Sticker-ANNIHILATION-Rio-2022","item"
"6547","29798","Sticker-arT-Glitter-Rio-2022","item"
"6548","29799","Sticker-arT-Gold-Rio-2022","item"
"6549","29800","Sticker-arT-Holo-Rio-2022","item"
"6550","29801","Sticker-arT-Rio-2022","item"
"6551","29802","Sticker-bLitz-Glitter-Rio-2022","item"
"6552","29803","Sticker-bLitz-Gold-Rio-2022","item"
"6553","29804","Sticker-bLitz-Holo-Rio-2022","item"
"6554","29805","Sticker-bLitz-Rio-2022","item"
"6555","29806","Sticker-boltz-Glitter-Rio-2022","item"
"6556","29807","Sticker-boltz-Gold-Rio-2022","item"
"6557","29808","Sticker-boltz-Holo-Rio-2022","item"
"6558","29809","Sticker-boltz-Rio-2022","item"
"6559","29810","Sticker-chelo-Glitter-Rio-2022","item"
"6560","29811","Sticker-chelo-Gold-Rio-2022","item"
"6561","29812","Sticker-chelo-Holo-Rio-2022","item"
"6562","29813","Sticker-chelo-Rio-2022","item"
"6563","29814","Sticker-coldzera-Glitter-Rio-2022","item"
"6564","29815","Sticker-coldzera-Gold-Rio-2022","item"
"6565","29816","Sticker-coldzera-Holo-Rio-2022","item"
"6566","29817","Sticker-coldzera-Rio-2022","item"
"6567","29818","Sticker-drop-Glitter-Rio-2022","item"
"6568","29819","Sticker-drop-Gold-Rio-2022","item"
"6569","29820","Sticker-drop-Holo-Rio-2022","item"
"6570","29821","Sticker-drop-Rio-2022","item"
"6571","29822","Sticker-dumau-Glitter-Rio-2022","item"
"6572","29823","Sticker-dumau-Gold-Rio-2022","item"
"6573","29824","Sticker-dumau-Holo-Rio-2022","item"
"6574","29825","Sticker-dumau-Rio-2022","item"
"6575","29826","Sticker-FalleN-Glitter-Rio-2022","item"
"6576","29827","Sticker-FalleN-Gold-Rio-2022","item"
"6577","29828","Sticker-FalleN-Holo-Rio-2022","item"
"6578","29829","Sticker-FalleN-Rio-2022","item"
"6579","29830","Sticker-fame-Glitter-Rio-2022","item"
"6580","29831","Sticker-fame-Gold-Rio-2022","item"
"6581","29832","Sticker-fame-Holo-Rio-2022","item"
"6582","29833","Sticker-fame-Rio-2022","item"
"6583","29834","Sticker-FASHR-Glitter-Rio-2022","item"
"6584","29835","Sticker-FASHR-Gold-Rio-2022","item"
"6585","29836","Sticker-FASHR-Holo-Rio-2022","item"
"6586","29837","Sticker-FASHR-Rio-2022","item"
"6587","29838","Sticker-fer-Glitter-Rio-2022","item"
"6588","29839","Sticker-fer-Gold-Rio-2022","item"
"6589","29840","Sticker-fer-Holo-Rio-2022","item"
"6590","29841","Sticker-fer-Rio-2022","item"
"6591","29842","Sticker-FL1T-Glitter-Rio-2022","item"
"6592","29843","Sticker-FL1T-Gold-Rio-2022","item"
"6593","29844","Sticker-FL1T-Holo-Rio-2022","item"
"6594","29845","Sticker-FL1T-Rio-2022","item"
"6595","29846","Sticker-iM-Glitter-Rio-2022","item"
"6596","29847","Sticker-iM-Gold-Rio-2022","item"
"6597","29848","Sticker-iM-Holo-Rio-2022","item"
"6598","29849","Sticker-iM-Rio-2022","item"
"6599","29850","Sticker-INS-Glitter-Rio-2022","item"
"6600","29851","Sticker-INS-Gold-Rio-2022","item"
"6601","29852","Sticker-INS-Holo-Rio-2022","item"
"6602","29853","Sticker-INS-Rio-2022","item"
"6603","29854","Sticker-isak-Glitter-Rio-2022","item"
"6604","29855","Sticker-isak-Gold-Rio-2022","item"
"6605","29856","Sticker-isak-Holo-Rio-2022","item"
"6606","29857","Sticker-isak-Rio-2022","item"
"6607","29858","Sticker-Jame-Glitter-Rio-2022","item"
"6608","29859","Sticker-Jame-Gold-Rio-2022","item"
"6609","29860","Sticker-Jame-Holo-Rio-2022","item"
"6610","29861","Sticker-Jame-Rio-2022","item"
"6611","29862","Sticker-kabal-Glitter-Rio-2022","item"
"6612","29863","Sticker-kabal-Gold-Rio-2022","item"
"6613","29864","Sticker-kabal-Holo-Rio-2022","item"
"6614","29865","Sticker-kabal-Rio-2022","item"
"6615","29866","Sticker-Keoz-Glitter-Rio-2022","item"
"6616","29867","Sticker-Keoz-Gold-Rio-2022","item"
"6617","29868","Sticker-Keoz-Holo-Rio-2022","item"
"6618","29869","Sticker-Keoz-Rio-2022","item"
"6619","29870","Sticker-KRIMZ-Glitter-Rio-2022","item"
"6620","29871","Sticker-KRIMZ-Gold-Rio-2022","item"
"6621","29872","Sticker-KRIMZ-Holo-Rio-2022","item"
"6622","29873","Sticker-KRIMZ-Rio-2022","item"
"6623","29874","Sticker-KSCERATO-Glitter-Rio-2022","item"
"6624","29875","Sticker-KSCERATO-Gold-Rio-2022","item"
"6625","29876","Sticker-KSCERATO-Holo-Rio-2022","item"
"6626","29877","Sticker-KSCERATO-Rio-2022","item"
"6627","29878","Sticker-latto-Glitter-Rio-2022","item"
"6628","29879","Sticker-latto-Gold-Rio-2022","item"
"6629","29880","Sticker-latto-Holo-Rio-2022","item"
"6630","29881","Sticker-latto-Rio-2022","item"
"6631","29882","Sticker-Liazz-Glitter-Rio-2022","item"
"6632","29883","Sticker-Liazz-Gold-Rio-2022","item"
"6633","29884","Sticker-Liazz-Holo-Rio-2022","item"
"6634","29885","Sticker-Liazz-Rio-2022","item"
"6635","29886","Sticker-mezii-Glitter-Rio-2022","item"
"6636","29887","Sticker-mezii-Gold-Rio-2022","item"
"6637","29888","Sticker-mezii-Holo-Rio-2022","item"
"6638","29889","Sticker-mezii-Rio-2022","item"
"6639","29890","Sticker-n0rb3r7-Glitter-Rio-2022","item"
"6640","29891","Sticker-n0rb3r7-Gold-Rio-2022","item"
"6641","29892","Sticker-n0rb3r7-Holo-Rio-2022","item"
"6642","29893","Sticker-n0rb3r7-Rio-2022","item"
"6643","29894","Sticker-nicoodoz-Glitter-Rio-2022","item"
"6644","29895","Sticker-nicoodoz-Gold-Rio-2022","item"
"6645","29896","Sticker-nicoodoz-Holo-Rio-2022","item"
"6646","29897","Sticker-nicoodoz-Rio-2022","item"
"6647","29898","Sticker-qikert-Glitter-Rio-2022","item"
"6648","29899","Sticker-qikert-Gold-Rio-2022","item"
"6649","29900","Sticker-qikert-Holo-Rio-2022","item"
"6650","29901","Sticker-qikert-Rio-2022","item"
"6651","29902","Sticker-roeJ-Glitter-Rio-2022","item"
"6652","29903","Sticker-roeJ-Gold-Rio-2022","item"
"6653","29904","Sticker-roeJ-Holo-Rio-2022","item"
"6654","29905","Sticker-roeJ-Rio-2022","item"
"6655","29906","Sticker-saffee-Glitter-Rio-2022","item"
"6656","29907","Sticker-saffee-Gold-Rio-2022","item"
"6657","29908","Sticker-saffee-Holo-Rio-2022","item"
"6658","29909","Sticker-saffee-Rio-2022","item"
"6659","29910","Sticker-Sico-Glitter-Rio-2022","item"
"6660","29911","Sticker-Sico-Gold-Rio-2022","item"
"6661","29912","Sticker-Sico-Holo-Rio-2022","item"
"6662","29913","Sticker-Sico-Rio-2022","item"
"6663","29914","Sticker-siuhy-Glitter-Rio-2022","item"
"6664","29915","Sticker-siuhy-Gold-Rio-2022","item"
"6665","29916","Sticker-siuhy-Holo-Rio-2022","item"
"6666","29917","Sticker-siuhy-Rio-2022","item"
"6667","29918","Sticker-sk0R-Glitter-Rio-2022","item"
"6668","29919","Sticker-sk0R-Gold-Rio-2022","item"
"6669","29920","Sticker-sk0R-Holo-Rio-2022","item"
"6670","29921","Sticker-sk0R-Rio-2022","item"
"6671","29922","Sticker-TACO-Glitter-Rio-2022","item"
"6672","29923","Sticker-TACO-Gold-Rio-2022","item"
"6673","29924","Sticker-TACO-Holo-Rio-2022","item"
"6674","29925","Sticker-TACO-Rio-2022","item"
"6675","29926","Sticker-Techno4K-Glitter-Rio-2022","item"
"6676","29927","Sticker-Techno4K-Gold-Rio-2022","item"
"6677","29928","Sticker-Techno4K-Holo-Rio-2022","item"
"6678","29929","Sticker-Techno4K-Rio-2022","item"
"6679","29930","Sticker-TRY-Glitter-Rio-2022","item"
"6680","29931","Sticker-TRY-Gold-Rio-2022","item"
"6681","29932","Sticker-TRY-Holo-Rio-2022","item"
"6682","29933","Sticker-TRY-Rio-2022","item"
"6683","29934","Sticker-vexite-Glitter-Rio-2022","item"
"6684","29935","Sticker-vexite-Gold-Rio-2022","item"
"6685","29936","Sticker-vexite-Holo-Rio-2022","item"
"6686","29937","Sticker-vexite-Rio-2022","item"
"6687","29938","Sticker-VINI-Glitter-Rio-2022","item"
"6688","29939","Sticker-VINI-Gold-Rio-2022","item"
"6689","29940","Sticker-VINI-Holo-Rio-2022","item"
"6690","29941","Sticker-VINI-Rio-2022","item"
"6691","29942","Sticker-yuurih-Glitter-Rio-2022","item"
"6692","29943","Sticker-yuurih-Gold-Rio-2022","item"
"6693","29944","Sticker-yuurih-Holo-Rio-2022","item"
"6694","29945","Sticker-yuurih-Rio-2022","item"
"6695","29946","Sticker-apEX-Glitter-Rio-2022","item"
"6696","29947","Sticker-apEX-Gold-Rio-2022","item"
"6697","29948","Sticker-apEX-Holo-Rio-2022","item"
"6698","29949","Sticker-apEX-Rio-2022","item"
"6699","29950","Sticker-autimatic-Glitter-Rio-2022","item"
"6700","29951","Sticker-autimatic-Gold-Rio-2022","item"
"6701","29952","Sticker-autimatic-Holo-Rio-2022","item"
"6702","29953","Sticker-autimatic-Rio-2022","item"
"6703","29954","Sticker-Ax1Le-Glitter-Rio-2022","item"
"6704","29955","Sticker-Ax1Le-Gold-Rio-2022","item"
"6705","29956","Sticker-Ax1Le-Holo-Rio-2022","item"
"6706","29957","Sticker-Ax1Le-Rio-2022","item"
"6707","29958","Sticker-Brehze-Glitter-Rio-2022","item"
"6708","29959","Sticker-Brehze-Gold-Rio-2022","item"
"6709","29960","Sticker-Brehze-Holo-Rio-2022","item"
"6710","29961","Sticker-Brehze-Rio-2022","item"
"6711","29962","Sticker-BUDA-Glitter-Rio-2022","item"
"6712","29963","Sticker-BUDA-Gold-Rio-2022","item"
"6713","29964","Sticker-BUDA-Holo-Rio-2022","item"
"6714","29965","Sticker-BUDA-Rio-2022","item"
"6715","29966","Sticker-CeRq-Glitter-Rio-2022","item"
"6716","29967","Sticker-CeRq-Gold-Rio-2022","item"
"6717","29968","Sticker-CeRq-Holo-Rio-2022","item"
"6718","29969","Sticker-CeRq-Rio-2022","item"
"6719","29970","Sticker-dav1deuS-Glitter-Rio-2022","item"
"6720","29971","Sticker-dav1deuS-Gold-Rio-2022","item"
"6721","29972","Sticker-dav1deuS-Holo-Rio-2022","item"
"6722","29973","Sticker-dav1deuS-Rio-2022","item"
"6723","29974","Sticker-degster-Glitter-Rio-2022","item"
"6724","29975","Sticker-degster-Gold-Rio-2022","item"
"6725","29976","Sticker-degster-Holo-Rio-2022","item"
"6726","29977","Sticker-degster-Rio-2022","item"
"6727","29978","Sticker-dexter-Glitter-Rio-2022","item"
"6728","29979","Sticker-dexter-Gold-Rio-2022","item"
"6729","29980","Sticker-dexter-Holo-Rio-2022","item"
"6730","29981","Sticker-dexter-Rio-2022","item"
"6731","29982","Sticker-dgt-Glitter-Rio-2022","item"
"6732","29983","Sticker-dgt-Gold-Rio-2022","item"
"6733","29984","Sticker-dgt-Holo-Rio-2022","item"
"6734","29985","Sticker-dgt-Rio-2022","item"
"6735","29986","Sticker-dupreeh-Glitter-Rio-2022","item"
"6736","29987","Sticker-dupreeh-Gold-Rio-2022","item"
"6737","29988","Sticker-dupreeh-Holo-Rio-2022","item"
"6738","29989","Sticker-dupreeh-Rio-2022","item"
"6739","29990","Sticker-F1KU-Glitter-Rio-2022","item"
"6740","29991","Sticker-F1KU-Gold-Rio-2022","item"
"6741","29992","Sticker-F1KU-Holo-Rio-2022","item"
"6742","29993","Sticker-F1KU-Rio-2022","item"
"6743","29994","Sticker-faveN-Glitter-Rio-2022","item"
"6744","29995","Sticker-faveN-Gold-Rio-2022","item"
"6745","29996","Sticker-faveN-Holo-Rio-2022","item"
"6746","29997","Sticker-faveN-Rio-2022","item"
"6747","29998","Sticker-FlameZ-Glitter-Rio-2022","item"
"6748","29999","Sticker-FlameZ-Gold-Rio-2022","item"
"6749","30000","Sticker-FlameZ-Holo-Rio-2022","item"
"6750","30001","Sticker-FlameZ-Rio-2022","item"
"6751","30002","Sticker-frozen-Glitter-Rio-2022","item"
"6752","30003","Sticker-frozen-Gold-Rio-2022","item"
"6753","30004","Sticker-frozen-Holo-Rio-2022","item"
"6754","30005","Sticker-frozen-Rio-2022","item"
"6755","30006","Sticker-gxx--Glitter-Rio-2022","item"
"6756","30007","Sticker-gxx--Gold-Rio-2022","item"
"6757","30008","Sticker-gxx--Holo-Rio-2022","item"
"6758","30009","Sticker-gxx--Rio-2022","item"
"6759","30010","Sticker-HexT-Glitter-Rio-2022","item"
"6760","30011","Sticker-HexT-Gold-Rio-2022","item"
"6761","30012","Sticker-HexT-Holo-Rio-2022","item"
"6762","30013","Sticker-HexT-Rio-2022","item"
"6763","30014","Sticker-Hobbit-Glitter-Rio-2022","item"
"6764","30015","Sticker-Hobbit-Gold-Rio-2022","item"
"6765","30016","Sticker-Hobbit-Holo-Rio-2022","item"
"6766","30017","Sticker-Hobbit-Rio-2022","item"
"6767","30018","Sticker-interz-Glitter-Rio-2022","item"
"6768","30019","Sticker-interz-Gold-Rio-2022","item"
"6769","30020","Sticker-interz-Holo-Rio-2022","item"
"6770","30021","Sticker-interz-Rio-2022","item"
"6771","30022","Sticker-JDC-Glitter-Rio-2022","item"
"6772","30023","Sticker-JDC-Gold-Rio-2022","item"
"6773","30024","Sticker-JDC-Holo-Rio-2022","item"
"6774","30025","Sticker-JDC-Rio-2022","item"
"6775","30026","Sticker-juanflatroo-Glitter-Rio-2022","item"
"6776","30027","Sticker-juanflatroo-Gold-Rio-2022","item"
"6777","30028","Sticker-juanflatroo-Holo-Rio-2022","item"
"6778","30029","Sticker-juanflatroo-Rio-2022","item"
"6779","30030","Sticker-k1to-Glitter-Rio-2022","item"
"6780","30031","Sticker-k1to-Gold-Rio-2022","item"
"6781","30032","Sticker-k1to-Holo-Rio-2022","item"
"6782","30033","Sticker-k1to-Rio-2022","item"
"6783","30034","Sticker-Krimbo-Glitter-Rio-2022","item"
"6784","30035","Sticker-Krimbo-Gold-Rio-2022","item"
"6785","30036","Sticker-Krimbo-Holo-Rio-2022","item"
"6786","30037","Sticker-Krimbo-Rio-2022","item"
"6787","30038","Sticker-Magisk-Glitter-Rio-2022","item"
"6788","30039","Sticker-Magisk-Gold-Rio-2022","item"
"6789","30040","Sticker-Magisk-Holo-Rio-2022","item"
"6790","30041","Sticker-Magisk-Rio-2022","item"
"6791","30042","Sticker-max-Glitter-Rio-2022","item"
"6792","30043","Sticker-max-Gold-Rio-2022","item"
"6793","30044","Sticker-max-Holo-Rio-2022","item"
"6794","30045","Sticker-max-Rio-2022","item"
"6795","30046","Sticker-nafany-Glitter-Rio-2022","item"
"6796","30047","Sticker-nafany-Gold-Rio-2022","item"
"6797","30048","Sticker-nafany-Holo-Rio-2022","item"
"6798","30049","Sticker-nafany-Rio-2022","item"
"6799","30050","Sticker-neaLaN-Glitter-Rio-2022","item"
"6800","30051","Sticker-neaLaN-Gold-Rio-2022","item"
"6801","30052","Sticker-neaLaN-Holo-Rio-2022","item"
"6802","30053","Sticker-neaLaN-Rio-2022","item"
"6803","30054","Sticker-NEOFRAG-Glitter-Rio-2022","item"
"6804","30055","Sticker-NEOFRAG-Gold-Rio-2022","item"
"6805","30056","Sticker-NEOFRAG-Holo-Rio-2022","item"
"6806","30057","Sticker-NEOFRAG-Rio-2022","item"
"6807","30058","Sticker-nexa-Glitter-Rio-2022","item"
"6808","30059","Sticker-nexa-Gold-Rio-2022","item"
"6809","30060","Sticker-nexa-Holo-Rio-2022","item"
"6810","30061","Sticker-nexa-Rio-2022","item"
"6811","30062","Sticker-NQZ-Glitter-Rio-2022","item"
"6812","30063","Sticker-NQZ-Gold-Rio-2022","item"
"6813","30064","Sticker-NQZ-Holo-Rio-2022","item"
"6814","30065","Sticker-NQZ-Rio-2022","item"
"6815","30066","Sticker-rigoN-Glitter-Rio-2022","item"
"6816","30067","Sticker-rigoN-Gold-Rio-2022","item"
"6817","30068","Sticker-rigoN-Holo-Rio-2022","item"
"6818","30069","Sticker-rigoN-Rio-2022","item"
"6819","30070","Sticker-SENER1-Glitter-Rio-2022","item"
"6820","30071","Sticker-SENER1-Gold-Rio-2022","item"
"6821","30072","Sticker-SENER1-Holo-Rio-2022","item"
"6822","30073","Sticker-SENER1-Rio-2022","item"
"6823","30074","Sticker-sh1ro-Glitter-Rio-2022","item"
"6824","30075","Sticker-sh1ro-Gold-Rio-2022","item"
"6825","30076","Sticker-sh1ro-Holo-Rio-2022","item"
"6826","30077","Sticker-sh1ro-Rio-2022","item"
"6827","30078","Sticker-sinnopsyy-Glitter-Rio-2022","item"
"6828","30079","Sticker-sinnopsyy-Gold-Rio-2022","item"
"6829","30080","Sticker-sinnopsyy-Holo-Rio-2022","item"
"6830","30081","Sticker-sinnopsyy-Rio-2022","item"
"6831","30082","Sticker-Spinx-Glitter-Rio-2022","item"
"6832","30083","Sticker-Spinx-Gold-Rio-2022","item"
"6833","30084","Sticker-Spinx-Holo-Rio-2022","item"
"6834","30085","Sticker-Spinx-Rio-2022","item"
"6835","30086","Sticker-syrsoN-Glitter-Rio-2022","item"
"6836","30087","Sticker-syrsoN-Gold-Rio-2022","item"
"6837","30088","Sticker-syrsoN-Holo-Rio-2022","item"
"6838","30089","Sticker-syrsoN-Rio-2022","item"
"6839","30090","Sticker-tabseN-Glitter-Rio-2022","item"
"6840","30091","Sticker-tabseN-Gold-Rio-2022","item"
"6841","30092","Sticker-tabseN-Holo-Rio-2022","item"
"6842","30093","Sticker-tabseN-Rio-2022","item"
"6843","30094","Sticker-torzsi-Glitter-Rio-2022","item"
"6844","30095","Sticker-torzsi-Gold-Rio-2022","item"
"6845","30096","Sticker-torzsi-Holo-Rio-2022","item"
"6846","30097","Sticker-torzsi-Rio-2022","item"
"6847","30098","Sticker-xertioN-Glitter-Rio-2022","item"
"6848","30099","Sticker-xertioN-Gold-Rio-2022","item"
"6849","30100","Sticker-xertioN-Holo-Rio-2022","item"
"6850","30101","Sticker-xertioN-Rio-2022","item"
"6851","30102","Sticker-ZywOo-Glitter-Rio-2022","item"
"6852","30103","Sticker-ZywOo-Gold-Rio-2022","item"
"6853","30104","Sticker-ZywOo-Holo-Rio-2022","item"
"6854","30105","Sticker-ZywOo-Rio-2022","item"
"6855","30106","Sticker-Aleksib-Glitter-Rio-2022","item"
"6856","30107","Sticker-Aleksib-Gold-Rio-2022","item"
"6857","30108","Sticker-Aleksib-Holo-Rio-2022","item"
"6858","30109","Sticker-Aleksib-Rio-2022","item"
"6859","30110","Sticker-b1t-Glitter-Rio-2022","item"
"6860","30111","Sticker-b1t-Gold-Rio-2022","item"
"6861","30112","Sticker-b1t-Holo-Rio-2022","item"
"6862","30113","Sticker-b1t-Rio-2022","item"
"6863","30114","Sticker-broky-Glitter-Rio-2022","item"
"6864","30115","Sticker-broky-Gold-Rio-2022","item"
"6865","30116","Sticker-broky-Holo-Rio-2022","item"
"6866","30117","Sticker-broky-Rio-2022","item"
"6867","30118","Sticker-Brollan-Glitter-Rio-2022","item"
"6868","30119","Sticker-Brollan-Gold-Rio-2022","item"
"6869","30120","Sticker-Brollan-Holo-Rio-2022","item"
"6870","30121","Sticker-Brollan-Rio-2022","item"
"6871","30122","Sticker-cadiaN-Glitter-Rio-2022","item"
"6872","30123","Sticker-cadiaN-Gold-Rio-2022","item"
"6873","30124","Sticker-cadiaN-Holo-Rio-2022","item"
"6874","30125","Sticker-cadiaN-Rio-2022","item"
"6875","30126","Sticker-chopper-Glitter-Rio-2022","item"
"6876","30127","Sticker-chopper-Gold-Rio-2022","item"
"6877","30128","Sticker-chopper-Holo-Rio-2022","item"
"6878","30129","Sticker-chopper-Rio-2022","item"
"6879","30130","Sticker-Dycha-Glitter-Rio-2022","item"
"6880","30131","Sticker-Dycha-Gold-Rio-2022","item"
"6881","30132","Sticker-Dycha-Holo-Rio-2022","item"
"6882","30133","Sticker-Dycha-Rio-2022","item"
"6883","30134","Sticker-electronic-Glitter-Rio-2022","item"
"6884","30135","Sticker-electronic-Gold-Rio-2022","item"
"6885","30136","Sticker-electronic-Holo-Rio-2022","item"
"6886","30137","Sticker-electronic-Rio-2022","item"
"6887","30138","Sticker-EliGE-Glitter-Rio-2022","item"
"6888","30139","Sticker-EliGE-Gold-Rio-2022","item"
"6889","30140","Sticker-EliGE-Holo-Rio-2022","item"
"6890","30141","Sticker-EliGE-Rio-2022","item"
"6891","30142","Sticker-es3tag-Glitter-Rio-2022","item"
"6892","30143","Sticker-es3tag-Gold-Rio-2022","item"
"6893","30144","Sticker-es3tag-Holo-Rio-2022","item"
"6894","30145","Sticker-es3tag-Rio-2022","item"
"6895","30146","Sticker-hampus-Glitter-Rio-2022","item"
"6896","30147","Sticker-hampus-Gold-Rio-2022","item"
"6897","30148","Sticker-hampus-Holo-Rio-2022","item"
"6898","30149","Sticker-hampus-Rio-2022","item"
"6899","30150","Sticker-jabbi-Glitter-Rio-2022","item"
"6900","30151","Sticker-jabbi-Gold-Rio-2022","item"
"6901","30152","Sticker-jabbi-Holo-Rio-2022","item"
"6902","30153","Sticker-jabbi-Rio-2022","item"
"6903","30154","Sticker-karrigan-Glitter-Rio-2022","item"
"6904","30155","Sticker-karrigan-Gold-Rio-2022","item"
"6905","30156","Sticker-karrigan-Holo-Rio-2022","item"
"6906","30157","Sticker-karrigan-Rio-2022","item"
"6907","30158","Sticker-lauNX-Glitter-Rio-2022","item"
"6908","30159","Sticker-lauNX-Gold-Rio-2022","item"
"6909","30160","Sticker-lauNX-Holo-Rio-2022","item"
"6910","30161","Sticker-lauNX-Rio-2022","item"
"6911","30162","Sticker-maden-Glitter-Rio-2022","item"
"6912","30163","Sticker-maden-Gold-Rio-2022","item"
"6913","30164","Sticker-maden-Holo-Rio-2022","item"
"6914","30165","Sticker-maden-Rio-2022","item"
"6915","30166","Sticker-magixx-Glitter-Rio-2022","item"
"6916","30167","Sticker-magixx-Gold-Rio-2022","item"
"6917","30168","Sticker-magixx-Holo-Rio-2022","item"
"6918","30169","Sticker-magixx-Rio-2022","item"
"6919","30170","Sticker-NAF-Glitter-Rio-2022","item"
"6920","30171","Sticker-NAF-Gold-Rio-2022","item"
"6921","30172","Sticker-NAF-Holo-Rio-2022","item"
"6922","30173","Sticker-NAF-Rio-2022","item"
"6923","30174","Sticker-nitr0-Glitter-Rio-2022","item"
"6924","30175","Sticker-nitr0-Gold-Rio-2022","item"
"6925","30176","Sticker-nitr0-Holo-Rio-2022","item"
"6926","30177","Sticker-nitr0-Rio-2022","item"
"6927","30178","Sticker-oSee-Glitter-Rio-2022","item"
"6928","30179","Sticker-oSee-Gold-Rio-2022","item"
"6929","30180","Sticker-oSee-Holo-Rio-2022","item"
"6930","30181","Sticker-oSee-Rio-2022","item"
"6931","30182","Sticker-Patsi-Glitter-Rio-2022","item"
"6932","30183","Sticker-Patsi-Gold-Rio-2022","item"
"6933","30184","Sticker-Patsi-Holo-Rio-2022","item"
"6934","30185","Sticker-Patsi-Rio-2022","item"
"6935","30186","Sticker-Perfecto-Glitter-Rio-2022","item"
"6936","30187","Sticker-Perfecto-Gold-Rio-2022","item"
"6937","30188","Sticker-Perfecto-Holo-Rio-2022","item"
"6938","30189","Sticker-Perfecto-Rio-2022","item"
"6939","30190","Sticker-rain-Glitter-Rio-2022","item"
"6940","30191","Sticker-rain-Gold-Rio-2022","item"
"6941","30192","Sticker-rain-Holo-Rio-2022","item"
"6942","30193","Sticker-rain-Rio-2022","item"
"6943","30194","Sticker-refrezh-Glitter-Rio-2022","item"
"6944","30195","Sticker-refrezh-Gold-Rio-2022","item"
"6945","30196","Sticker-refrezh-Holo-Rio-2022","item"
"6946","30197","Sticker-refrezh-Rio-2022","item"
"6947","30198","Sticker-REZ-Glitter-Rio-2022","item"
"6948","30199","Sticker-REZ-Gold-Rio-2022","item"
"6949","30200","Sticker-REZ-Holo-Rio-2022","item"
"6950","30201","Sticker-REZ-Rio-2022","item"
"6951","30202","Sticker-ropz-Glitter-Rio-2022","item"
"6952","30203","Sticker-ropz-Gold-Rio-2022","item"
"6953","30204","Sticker-ropz-Holo-Rio-2022","item"
"6954","30205","Sticker-ropz-Rio-2022","item"
"6955","30206","Sticker-s1mple-Glitter-Rio-2022","item"
"6956","30207","Sticker-s1mple-Gold-Rio-2022","item"
"6957","30208","Sticker-s1mple-Holo-Rio-2022","item"
"6958","30209","Sticker-s1mple-Rio-2022","item"
"6959","30210","Sticker-S1ren-Glitter-Rio-2022","item"
"6960","30211","Sticker-S1ren-Gold-Rio-2022","item"
"6961","30212","Sticker-S1ren-Holo-Rio-2022","item"
"6962","30213","Sticker-S1ren-Rio-2022","item"
"6963","30214","Sticker-sdy-Glitter-Rio-2022","item"
"6964","30215","Sticker-sdy-Gold-Rio-2022","item"
"6965","30216","Sticker-sdy-Holo-Rio-2022","item"
"6966","30217","Sticker-sdy-Rio-2022","item"
"6967","30218","Sticker-sjuush-Glitter-Rio-2022","item"
"6968","30219","Sticker-sjuush-Gold-Rio-2022","item"
"6969","30220","Sticker-sjuush-Holo-Rio-2022","item"
"6970","30221","Sticker-sjuush-Rio-2022","item"
"6971","30222","Sticker-slaxz--Glitter-Rio-2022","item"
"6972","30223","Sticker-slaxz--Gold-Rio-2022","item"
"6973","30224","Sticker-slaxz--Holo-Rio-2022","item"
"6974","30225","Sticker-slaxz--Rio-2022","item"
"6975","30226","Sticker-Snappi-Glitter-Rio-2022","item"
"6976","30227","Sticker-Snappi-Gold-Rio-2022","item"
"6977","30228","Sticker-Snappi-Holo-Rio-2022","item"
"6978","30229","Sticker-Snappi-Rio-2022","item"
"6979","30230","Sticker-Staehr-Glitter-Rio-2022","item"
"6980","30231","Sticker-Staehr-Gold-Rio-2022","item"
"6981","30232","Sticker-Staehr-Holo-Rio-2022","item"
"6982","30233","Sticker-Staehr-Rio-2022","item"
"6983","30234","Sticker-stavn-Glitter-Rio-2022","item"
"6984","30235","Sticker-stavn-Gold-Rio-2022","item"
"6985","30236","Sticker-stavn-Holo-Rio-2022","item"
"6986","30237","Sticker-stavn-Rio-2022","item"
"6987","30238","Sticker-SunPayus-Glitter-Rio-2022","item"
"6988","30239","Sticker-SunPayus-Gold-Rio-2022","item"
"6989","30240","Sticker-SunPayus-Holo-Rio-2022","item"
"6990","30241","Sticker-SunPayus-Rio-2022","item"
"6991","30242","Sticker-TeSeS-Glitter-Rio-2022","item"
"6992","30243","Sticker-TeSeS-Gold-Rio-2022","item"
"6993","30244","Sticker-TeSeS-Holo-Rio-2022","item"
"6994","30245","Sticker-TeSeS-Rio-2022","item"
"6995","30246","Sticker-Twistzz-Glitter-Rio-2022","item"
"6996","30247","Sticker-Twistzz-Gold-Rio-2022","item"
"6997","30248","Sticker-Twistzz-Holo-Rio-2022","item"
"6998","30249","Sticker-Twistzz-Rio-2022","item"
"6999","30250","Sticker-v4lde-Glitter-Rio-2022","item"
"7000","30251","Sticker-v4lde-Gold-Rio-2022","item"
"7001","30252","Sticker-v4lde-Holo-Rio-2022","item"
"7002","30253","Sticker-v4lde-Rio-2022","item"
"7003","30254","Sticker-w0nderful-Glitter-Rio-2022","item"
"7004","30255","Sticker-w0nderful-Gold-Rio-2022","item"
"7005","30256","Sticker-w0nderful-Holo-Rio-2022","item"
"7006","30257","Sticker-w0nderful-Rio-2022","item"
"7007","30258","Sticker-YEKINDAR-Glitter-Rio-2022","item"
"7008","30259","Sticker-YEKINDAR-Gold-Rio-2022","item"
"7009","30260","Sticker-YEKINDAR-Holo-Rio-2022","item"
"7010","30261","Sticker-YEKINDAR-Rio-2022","item"
"7011","30262","Sticker-Zyphon-Glitter-Rio-2022","item"
"7012","30263","Sticker-Zyphon-Gold-Rio-2022","item"
"7013","30264","Sticker-Zyphon-Holo-Rio-2022","item"
"7014","30265","Sticker-Zyphon-Rio-2022","item"
"7015","33702","Sticker-Jame-Gold,-Champion-Rio-2022","item"
"7016","33703","Sticker-n0rb3r7-Gold,-Champion-Rio-2022","item"
"7017","33704","Sticker-fame-Gold,-Champion-Rio-2022","item"
"7018","33705","Sticker-FL1T-Gold,-Champion-Rio-2022","item"
"7019","33706","Sticker-qikert-Gold,-Champion-Rio-2022","item"
"7020","33707","Sticker-Jame-Holo,-Champion-Rio-2022","item"
"7021","33708","Sticker-fame-Holo,-Champion-Rio-2022","item"
"7022","33709","Sticker-FL1T-Holo,-Champion-Rio-2022","item"
"7023","33710","Sticker-qikert-Holo,-Champion-Rio-2022","item"
"7024","33711","Sticker-n0rb3r7-Holo,-Champion-Rio-2022","item"
"7025","33712","Sticker-Jame-Glitter,-Champion-Rio-2022","item"
"7026","33713","Sticker-fame-Glitter,-Champion-Rio-2022","item"
"7027","33714","Sticker-FL1T-Glitter,-Champion-Rio-2022","item"
"7028","33715","Sticker-qikert-Glitter,-Champion-Rio-2022","item"
"7029","33716","Sticker-n0rb3r7-Glitter,-Champion-Rio-2022","item"
"7030","33717","Sticker-Jame-Champion-Rio-2022","item"
"7031","33718","Sticker-fame-Champion-Rio-2022","item"
"7032","33719","Sticker-qikert-Champion-Rio-2022","item"
"7033","33720","Sticker-n0rb3r7-Champion-Rio-2022","item"
"7034","33721","Sticker-FL1T-Champion-Rio-2022","item"
"7073","35831","M4A4-Eye-of-Horus","item"
"7074","35832","P250-Apep's-Curse","item"
"7075","35833","FAMAS-Waters-of-Nephthys","item"
"7076","35834","Glock-18-Ramese's-Reach","item"
"7078","35836","P90-ScaraB-Rush","item"
"7077","35835","Nova-Sobek's-Bite","item"
"7079","35837","AWP-Black-Nile","item"
"7080","35838","AK-47-Steel-Delta","item"
"7081","35839","MAG-7-Copper-Coated","item"
"7082","35840","Tec-9-Mummy's-Rot","item"
"7083","35841","M4A1-S-Mud-Spec","item"
"7084","35842","USP-S-Desert-Tactical","item"
"7086","35844","SSG-08-Azure-Glyph","item"
"7085","35843","MAC-10-Echoing-Sands","item"
"7087","35845","M249-Submerged","item"
"7091","35849","AUG-Snake-Pit","item"
"7088","35846","R8-Revolver-Inlay","item"
"7090","35848","XM1014-Hieroglyph","item"
"7089","35847","MP7-Sunbaked","item"
"7035","35701","R8-Revolver-Banana-Cannon","item"
"7036","35702","SG-553-Cyberforce","item"
"7037","35703","AWP-Duality","item"
"7038","35704","M4A1-S-Emphorosaur-S","item"
"7039","35705","MP9-Featherweight","item"
"7040","35706","SCAR-20-Fragments","item"
"7041","35707","AK-47-Head-Shot","item"
"7042","35708","MAG-7-Insomnia","item"
"7043","35709","MP5-SD-Liquidation","item"
"7044","35710","P90-Neoqueen","item"
"7045","35711","Tec-9-Rebel","item"
"7046","35712","P250-Re.built","item"
"7047","35713","MAC-10-Sakkaku","item"
"7048","35714","M4A4-Temukau","item"
"7049","35715","Glock-18-Umbral-Rabbit","item"
"7050","35716","P2000-Wicked-Sick","item"
"7051","35717","UMP-45-Wild-Child","item"
"7056","35724","Sticker-Ethereal-Gaze-Foil","item"
"7059","35727","Sticker-Hidden-Hero-Foil","item"
"7064","35732","Sticker-Peek-Me-Foil","item"
"7055","35723","Sticker-Cyber-Chicken-Holo","item"
"7060","35728","Sticker-Infinite-Triangle-Holo","item"
"7062","35730","Sticker-Mind-Games-Holo","item"
"7066","35734","Sticker-Salty-Holo","item"
"7067","35735","Sticker-Snowfall-Glitter","item"
"7070","35738","Sticker-Street-Artist-Glitter","item"
"7052","35720","Sticker-360-No-Scope","item"
"7053","35721","Sticker-Aim-And-Fire","item"
"7054","35722","Sticker-Batter-Up","item"
"7057","35725","Sticker-Explosive-Strength","item"
"7058","35726","Sticker-Fireball","item"
"7061","35729","Sticker-Knife's-Edge","item"
"7063","35731","Sticker-Not-A-Bot","item"
"7065","35733","Sticker-Run-T,-Run","item"
"7068","35736","Sticker-Spectators","item"
"7069","35737","Sticker-Sting-Like-A-Butterfly","item"
"7071","35739","Sticker-Well-Played","item"
"7072","35740","Sticker-Zap-Cat","item"
"7708","38021","AWP-Chrome-Cannon","item"
"7709","38022","AK-47-Inheritance","item"
"7710","38023","M4A1-S-Black-Lotus","item"
"7711","38024","Zeus-x27-Olympus","item"
"7712","38025","USP-S-Jawbreaker","item"
"7713","38026","M4A4-Etch-Lord","item"
"7714","38027","Glock-18-Block-18","item"
"7715","38028","MP7-Just-Smile","item"
"7716","38029","Five-SeveN-Hybrid","item"
"7717","38030","Sawed-Off-Analog-Input","item"
"7718","38031","MAC-10-Light-Box","item"
"7719","38032","UMP-45-Motorized","item"
"7720","38033","SSG-08-Dezastre","item"
"7721","38034","Nova-Dark-Sigil","item"
"7722","38035","XM1014-Irezumi","item"
"7723","38036","Dual-Berettas-Hideout","item"
"7724","38037","Tec-9-Slag","item"
"7725","38038","Kukri-Knife","item"
"7726","38039","Kukri-Knife-Slaughter","item"
"7727","38040","Kukri-Knife-Case-Hardened","item"
"7728","38041","Kukri-Knife-Stained","item"
"7729","38042","Kukri-Knife-Blue-Steel","item"
"7730","38043","Kukri-Knife-Urban-Masked","item"
"7731","38044","Kukri-Knife-Night-Stripe","item"
"7732","38045","Kukri-Knife-Forest-DDPAT","item"
"7733","38046","Kukri-Knife-Boreal-Forest","item"
"7734","38047","Kukri-Knife-Safari-Mesh","item"
"7735","38048","Kukri-Knife-Crimson-Web","item"
"7736","38049","Kukri-Knife-Scorched","item"
"7737","38050","Kukri-Knife-Fade","item"
"7738","38051","Sticker-Dystopian-Gaze-Lenticular","item"
"7739","38052","Sticker-Old-School-Lenticular","item"
"7740","38053","Sticker-Econometer-Lenticular","item"
"7741","38054","Sticker-On-An-Eco-Foil","item"
"7742","38055","Sticker-Ouchie-Foil","item"
"7743","38056","Sticker-Lost-In-Smoke-Foil","item"
"7744","38057","Sticker-Factory-Sealed-Foil","item"
"7745","38058","Sticker-Loving-Eyes-Holo","item"
"7746","38059","Sticker-Lotus-Glitter","item"
"7747","38060","Sticker-Cedar-Creek-Holo","item"
"7748","38061","Sticker-Lit-Holo","item"
"7749","38062","Sticker-Pushing-Smokes-Glitter","item"
"7750","38063","Sticker-Try-Hard-Holo","item"
"7751","38064","Sticker-Please-Return-To","item"
"7752","38065","Sticker-Retro-Zeus","item"
"7753","38066","Sticker-Bum-A-Smoke","item"
"7754","38067","Sticker-This-Is-Fine-Chicken","item"
"7755","38068","Sticker-AKickflip-47","item"
"7756","38069","Sticker-Peek-A-Boo","item"
"7757","38070","Sticker-Easy-For-Ricksaw","item"
"7758","38071","Sticker-Angry-T","item"
"7759","38260","Sticker-Lynn-Vision-Gold-Copenhagen-2024","item"
"7760","38261","Sticker-KOI-Gold-Copenhagen-2024","item"
"7761","38262","Sticker-Imperial-Esports-Gold-Copenhagen-2024","item"
"7762","38263","Sticker-Legacy-Gold-Copenhagen-2024","item"
"7763","38264","Sticker-ECSTATIC-Gold-Copenhagen-2024","item"
"7764","38265","Sticker-The-MongolZ-Gold-Copenhagen-2024","item"
"7765","38266","Sticker-paiN-Gaming-Gold-Copenhagen-2024","item"
"7766","38267","Sticker-AMKAL-ESPORTS-Gold-Copenhagen-2024","item"
"7767","38268","Sticker-PGL-Gold-Copenhagen-2024","item"
"7768","38269","Sticker-Lynn-Vision-Holo-Copenhagen-2024","item"
"7769","38270","Sticker-KOI-Holo-Copenhagen-2024","item"
"7770","38271","Sticker-Imperial-Esports-Holo-Copenhagen-2024","item"
"7771","38272","Sticker-ECSTATIC-Holo-Copenhagen-2024","item"
"7772","38273","Sticker-Legacy-Holo-Copenhagen-2024","item"
"7773","38274","Sticker-paiN-Gaming-Holo-Copenhagen-2024","item"
"7774","38275","Sticker-AMKAL-ESPORTS-Holo-Copenhagen-2024","item"
"7775","38276","Sticker-PGL-Holo-Copenhagen-2024","item"
"7776","38277","Sticker-The-MongolZ-Holo-Copenhagen-2024","item"
"7777","38278","Sticker-Lynn-Vision-Glitter-Copenhagen-2024","item"
"7778","38279","Sticker-KOI-Glitter-Copenhagen-2024","item"
"7779","38280","Sticker-Imperial-Esports-Glitter-Copenhagen-2024","item"
"7780","38281","Sticker-ECSTATIC-Glitter-Copenhagen-2024","item"
"7781","38282","Sticker-Legacy-Glitter-Copenhagen-2024","item"
"7782","38283","Sticker-AMKAL-ESPORTS-Glitter-Copenhagen-2024","item"
"7783","38284","Sticker-paiN-Gaming-Glitter-Copenhagen-2024","item"
"7784","38285","Sticker-The-MongolZ-Glitter-Copenhagen-2024","item"
"7785","38286","Sticker-PGL-Glitter-Copenhagen-2024","item"
"7786","38287","Sticker-Lynn-Vision-Copenhagen-2024","item"
"7787","38288","Sticker-AMKAL-ESPORTS-Copenhagen-2024","item"
"7788","38289","Sticker-KOI-Copenhagen-2024","item"
"7789","38290","Sticker-Imperial-Esports-Copenhagen-2024","item"
"7790","38291","Sticker-paiN-Gaming-Copenhagen-2024","item"
"7791","38292","Sticker-Legacy-Copenhagen-2024","item"
"7792","38293","Sticker-ECSTATIC-Copenhagen-2024","item"
"7793","38294","Sticker-The-MongolZ-Copenhagen-2024","item"
"7794","38295","Sticker-PGL-Copenhagen-2024","item"
"7795","38296","Sticker-Cloud9-Gold-Copenhagen-2024","item"
"7796","38297","Sticker-FURIA-Gold-Copenhagen-2024","item"
"7797","38298","Sticker-Eternal-Fire-Gold-Copenhagen-2024","item"
"7798","38299","Sticker-Heroic-Gold-Copenhagen-2024","item"
"7799","38300","Sticker-SAW-Gold-Copenhagen-2024","item"
"7800","38301","Sticker-Apeks-Gold-Copenhagen-2024","item"
"7801","38302","Sticker-GamerLegion-Gold-Copenhagen-2024","item"
"7802","38303","Sticker-ENCE-Gold-Copenhagen-2024","item"
"7803","38305","Sticker-Cloud9-Holo-Copenhagen-2024","item"
"7804","38306","Sticker-FURIA-Holo-Copenhagen-2024","item"
"7805","38307","Sticker-Eternal-Fire-Holo-Copenhagen-2024","item"
"7806","38308","Sticker-GamerLegion-Holo-Copenhagen-2024","item"
"7807","38309","Sticker-Heroic-Holo-Copenhagen-2024","item"
"7808","38310","Sticker-SAW-Holo-Copenhagen-2024","item"
"7809","38311","Sticker-Apeks-Holo-Copenhagen-2024","item"
"7810","38313","Sticker-ENCE-Holo-Copenhagen-2024","item"
"7811","38314","Sticker-Cloud9-Glitter-Copenhagen-2024","item"
"7812","38315","Sticker-Eternal-Fire-Glitter-Copenhagen-2024","item"
"7813","38316","Sticker-FURIA-Glitter-Copenhagen-2024","item"
"7814","38317","Sticker-SAW-Glitter-Copenhagen-2024","item"
"7815","38318","Sticker-Heroic-Glitter-Copenhagen-2024","item"
"7816","38319","Sticker-Apeks-Glitter-Copenhagen-2024","item"
"7817","38320","Sticker-GamerLegion-Glitter-Copenhagen-2024","item"
"7818","38321","Sticker-ENCE-Glitter-Copenhagen-2024","item"
"7819","38323","Sticker-Cloud9-Copenhagen-2024","item"
"7820","38324","Sticker-Eternal-Fire-Copenhagen-2024","item"
"7821","38325","Sticker-SAW-Copenhagen-2024","item"
"7822","38326","Sticker-Heroic-Copenhagen-2024","item"
"7823","38327","Sticker-FURIA-Copenhagen-2024","item"
"7824","38328","Sticker-ENCE-Copenhagen-2024","item"
"7825","38329","Sticker-GamerLegion-Copenhagen-2024","item"
"7826","38330","Sticker-Apeks-Copenhagen-2024","item"
"7827","38333","Sticker-Vitality-Gold-Copenhagen-2024","item"
"7828","38334","Sticker-Team-Spirit-Gold-Copenhagen-2024","item"
"7829","38335","Sticker-FaZe-Clan-Gold-Copenhagen-2024","item"
"7830","38336","Sticker-MOUZ-Gold-Copenhagen-2024","item"
"7831","38337","Sticker-G2-Esports-Gold-Copenhagen-2024","item"
"7832","38338","Sticker-Virtus.pro-Gold-Copenhagen-2024","item"
"7833","38339","Sticker-Natus-Vincere-Gold-Copenhagen-2024","item"
"7834","38340","Sticker-Complexity-Gaming-Gold-Copenhagen-2024","item"
"7835","38342","Sticker-Team-Spirit-Holo-Copenhagen-2024","item"
"7836","38343","Sticker-MOUZ-Holo-Copenhagen-2024","item"
"7837","38344","Sticker-Virtus.pro-Holo-Copenhagen-2024","item"
"7838","38345","Sticker-Vitality-Holo-Copenhagen-2024","item"
"7839","38346","Sticker-Natus-Vincere-Holo-Copenhagen-2024","item"
"7840","38347","Sticker-G2-Esports-Holo-Copenhagen-2024","item"
"7841","38348","Sticker-FaZe-Clan-Holo-Copenhagen-2024","item"
"7842","38349","Sticker-Complexity-Gaming-Holo-Copenhagen-2024","item"
"7843","38351","Sticker-Team-Spirit-Glitter-Copenhagen-2024","item"
"7844","38352","Sticker-MOUZ-Glitter-Copenhagen-2024","item"
"7845","38353","Sticker-Vitality-Glitter-Copenhagen-2024","item"
"7846","38354","Sticker-FaZe-Clan-Glitter-Copenhagen-2024","item"
"7847","38355","Sticker-Natus-Vincere-Glitter-Copenhagen-2024","item"
"7848","38356","Sticker-Virtus.pro-Glitter-Copenhagen-2024","item"
"7849","38357","Sticker-G2-Esports-Glitter-Copenhagen-2024","item"
"7850","38358","Sticker-Complexity-Gaming-Glitter-Copenhagen-2024","item"
"7851","38360","Sticker-Team-Spirit-Copenhagen-2024","item"
"7852","38361","Sticker-Vitality-Copenhagen-2024","item"
"7853","38362","Sticker-FaZe-Clan-Copenhagen-2024","item"
"7854","38363","Sticker-MOUZ-Copenhagen-2024","item"
"7855","38364","Sticker-Virtus.pro-Copenhagen-2024","item"
"7856","38365","Sticker-G2-Esports-Copenhagen-2024","item"
"7857","38366","Sticker-Natus-Vincere-Copenhagen-2024","item"
"7858","38367","Sticker-Complexity-Gaming-Copenhagen-2024","item"
"7859","38368","Sticker-z4KR-Gold-Copenhagen-2024","item"
"7860","38369","Sticker-Starry-Gold-Copenhagen-2024","item"
"7861","38370","Sticker-Jee-Gold-Copenhagen-2024","item"
"7862","38371","Sticker-westmelon-Gold-Copenhagen-2024","item"
"7863","38372","Sticker-EmiliaQAQ-Gold-Copenhagen-2024","item"
"7864","38373","Sticker-910-Gold-Copenhagen-2024","item"
"7865","38374","Sticker-VINI-Gold-Copenhagen-2024","item"
"7866","38375","Sticker-dav1g-Gold-Copenhagen-2024","item"
"7867","38376","Sticker-noway-Gold-Copenhagen-2024","item"
"7868","38377","Sticker-coldzera-Gold-Copenhagen-2024","item"
"7869","38378","Sticker-biguzera-Gold-Copenhagen-2024","item"
"7870","38379","Sticker-bLitz-Gold-Copenhagen-2024","item"
"7871","38380","Sticker-kauez-Gold-Copenhagen-2024","item"
"7872","38381","Sticker-Techno4K-Gold-Copenhagen-2024","item"
"7873","38382","Sticker-Nodios-Gold-Copenhagen-2024","item"
"7874","38383","Sticker-Queenix-Gold-Copenhagen-2024","item"
"7875","38384","Sticker-n1ssim-Gold-Copenhagen-2024","item"
"7876","38385","Sticker-decenty-Gold-Copenhagen-2024","item"
"7877","38386","Sticker-b4rtiN-Gold-Copenhagen-2024","item"
"7878","38387","Sticker-JUST-Gold-Copenhagen-2024","item"
"7879","38388","Sticker-adamS-Gold-Copenhagen-2024","item"
"7880","38389","Sticker-latto-Gold-Copenhagen-2024","item"
"7881","38390","Sticker-Senzu-Gold-Copenhagen-2024","item"
"7882","38391","Sticker-HEN1-Gold-Copenhagen-2024","item"
"7883","38392","Sticker-kraghen-Gold-Copenhagen-2024","item"
"7884","38393","Sticker-stadodo-Gold-Copenhagen-2024","item"
"7885","38394","Sticker-NickelBack-Gold-Copenhagen-2024","item"
"7886","38395","Sticker-Patti-Gold-Copenhagen-2024","item"
"7887","38396","Sticker-ICY-Gold-Copenhagen-2024","item"
"7888","38397","Sticker-mopoz-Gold-Copenhagen-2024","item"
"7889","38398","Sticker-mzinho-Gold-Copenhagen-2024","item"
"7890","38399","Sticker-dumau-Gold-Copenhagen-2024","item"
"7891","38400","Sticker-lux-Gold-Copenhagen-2024","item"
"7892","38401","Sticker-felps-Gold-Copenhagen-2024","item"
"7893","38402","Sticker-NQZ-Gold-Copenhagen-2024","item"
"7894","38403","Sticker-Krad-Gold-Copenhagen-2024","item"
"7895","38404","Sticker-salazar-Gold-Copenhagen-2024","item"
"7896","38405","Sticker-Forester-Gold-Copenhagen-2024","item"
"7897","38406","Sticker-NEKiZ-Gold-Copenhagen-2024","item"
"7898","38407","Sticker-TRAVIS-Gold-Copenhagen-2024","item"
"7899","38408","Sticker-z4KR-Holo-Copenhagen-2024","item"
"7900","38409","Sticker-Starry-Holo-Copenhagen-2024","item"
"7901","38410","Sticker-Jee-Holo-Copenhagen-2024","item"
"7902","38411","Sticker-westmelon-Holo-Copenhagen-2024","item"
"7903","38412","Sticker-EmiliaQAQ-Holo-Copenhagen-2024","item"
"7904","38413","Sticker-VINI-Holo-Copenhagen-2024","item"
"7905","38414","Sticker-adamS-Holo-Copenhagen-2024","item"
"7906","38415","Sticker-dav1g-Holo-Copenhagen-2024","item"
"7907","38416","Sticker-910-Holo-Copenhagen-2024","item"
"7908","38417","Sticker-JUST-Holo-Copenhagen-2024","item"
"7909","38418","Sticker-coldzera-Holo-Copenhagen-2024","item"
"7910","38419","Sticker-mopoz-Holo-Copenhagen-2024","item"
"7911","38420","Sticker-noway-Holo-Copenhagen-2024","item"
"7912","38421","Sticker-bLitz-Holo-Copenhagen-2024","item"
"7913","38422","Sticker-felps-Holo-Copenhagen-2024","item"
"7914","38423","Sticker-stadodo-Holo-Copenhagen-2024","item"
"7915","38424","Sticker-decenty-Holo-Copenhagen-2024","item"
"7916","38425","Sticker-n1ssim-Holo-Copenhagen-2024","item"
"7917","38426","Sticker-kraghen-Holo-Copenhagen-2024","item"
"7918","38427","Sticker-NQZ-Holo-Copenhagen-2024","item"
"7919","38428","Sticker-kauez-Holo-Copenhagen-2024","item"
"7920","38429","Sticker-mzinho-Holo-Copenhagen-2024","item"
"7921","38430","Sticker-dumau-Holo-Copenhagen-2024","item"
"7922","38431","Sticker-HEN1-Holo-Copenhagen-2024","item"
"7923","38432","Sticker-Nodios-Holo-Copenhagen-2024","item"
"7924","38433","Sticker-Techno4K-Holo-Copenhagen-2024","item"
"7925","38434","Sticker-biguzera-Holo-Copenhagen-2024","item"
"7926","38435","Sticker-salazar-Holo-Copenhagen-2024","item"
"7927","38436","Sticker-Queenix-Holo-Copenhagen-2024","item"
"7928","38437","Sticker-ICY-Holo-Copenhagen-2024","item"
"7929","38438","Sticker-lux-Holo-Copenhagen-2024","item"
"7930","38439","Sticker-b4rtiN-Holo-Copenhagen-2024","item"
"7931","38440","Sticker-NickelBack-Holo-Copenhagen-2024","item"
"7932","38441","Sticker-Forester-Holo-Copenhagen-2024","item"
"7933","38442","Sticker-TRAVIS-Holo-Copenhagen-2024","item"
"7934","38443","Sticker-Senzu-Holo-Copenhagen-2024","item"
"7935","38444","Sticker-Patti-Holo-Copenhagen-2024","item"
"7936","38445","Sticker-latto-Holo-Copenhagen-2024","item"
"7937","38446","Sticker-Krad-Holo-Copenhagen-2024","item"
"7938","38447","Sticker-NEKiZ-Holo-Copenhagen-2024","item"
"7939","38448","Sticker-z4KR-Glitter-Copenhagen-2024","item"
"7940","38449","Sticker-Starry-Glitter-Copenhagen-2024","item"
"7941","38450","Sticker-Jee-Glitter-Copenhagen-2024","item"
"7942","38451","Sticker-westmelon-Glitter-Copenhagen-2024","item"
"7943","38452","Sticker-EmiliaQAQ-Glitter-Copenhagen-2024","item"
"7944","38453","Sticker-910-Glitter-Copenhagen-2024","item"
"7945","38454","Sticker-VINI-Glitter-Copenhagen-2024","item"
"7946","38455","Sticker-noway-Glitter-Copenhagen-2024","item"
"7947","38456","Sticker-adamS-Glitter-Copenhagen-2024","item"
"7948","38457","Sticker-dav1g-Glitter-Copenhagen-2024","item"
"7949","38458","Sticker-JUST-Glitter-Copenhagen-2024","item"
"7950","38459","Sticker-felps-Glitter-Copenhagen-2024","item"
"7951","38460","Sticker-coldzera-Glitter-Copenhagen-2024","item"
"7952","38461","Sticker-decenty-Glitter-Copenhagen-2024","item"
"7953","38462","Sticker-mopoz-Glitter-Copenhagen-2024","item"
"7954","38463","Sticker-HEN1-Glitter-Copenhagen-2024","item"
"7955","38465","Sticker-n1ssim-Glitter-Copenhagen-2024","item"
"7956","38466","Sticker-stadodo-Glitter-Copenhagen-2024","item"
"7957","38467","Sticker-Queenix-Glitter-Copenhagen-2024","item"
"7958","38468","Sticker-ICY-Glitter-Copenhagen-2024","item"
"7959","38469","Sticker-bLitz-Glitter-Copenhagen-2024","item"
"7960","38470","Sticker-kraghen-Glitter-Copenhagen-2024","item"
"7961","38471","Sticker-mzinho-Glitter-Copenhagen-2024","item"
"7962","38472","Sticker-NQZ-Glitter-Copenhagen-2024","item"
"7963","38473","Sticker-salazar-Glitter-Copenhagen-2024","item"
"7964","38474","Sticker-Techno4K-Glitter-Copenhagen-2024","item"
"7965","38475","Sticker-NickelBack-Glitter-Copenhagen-2024","item"
"7966","38476","Sticker-TRAVIS-Glitter-Copenhagen-2024","item"
"7967","38477","Sticker-kauez-Glitter-Copenhagen-2024","item"
"7968","38478","Sticker-latto-Glitter-Copenhagen-2024","item"
"7969","38479","Sticker-Patti-Glitter-Copenhagen-2024","item"
"7970","38480","Sticker-b4rtiN-Glitter-Copenhagen-2024","item"
"7971","38481","Sticker-Nodios-Glitter-Copenhagen-2024","item"
"7972","38482","Sticker-lux-Glitter-Copenhagen-2024","item"
"7973","38483","Sticker-Senzu-Glitter-Copenhagen-2024","item"
"7974","38484","Sticker-dumau-Glitter-Copenhagen-2024","item"
"7975","38485","Sticker-NEKiZ-Glitter-Copenhagen-2024","item"
"7976","38486","Sticker-Forester-Glitter-Copenhagen-2024","item"
"7977","38487","Sticker-Krad-Glitter-Copenhagen-2024","item"
"7978","38488","Sticker-z4KR-Copenhagen-2024","item"
"7979","38489","Sticker-910-Copenhagen-2024","item"
"7980","38490","Sticker-Starry-Copenhagen-2024","item"
"7981","38491","Sticker-Jee-Copenhagen-2024","item"
"7982","38492","Sticker-westmelon-Copenhagen-2024","item"
"7983","38493","Sticker-EmiliaQAQ-Copenhagen-2024","item"
"7984","38494","Sticker-noway-Copenhagen-2024","item"
"7985","38495","Sticker-VINI-Copenhagen-2024","item"
"7986","38496","Sticker-dav1g-Copenhagen-2024","item"
"7987","38497","Sticker-JUST-Copenhagen-2024","item"
"7988","38498","Sticker-mopoz-Copenhagen-2024","item"
"7989","38499","Sticker-adamS-Copenhagen-2024","item"
"7990","38500","Sticker-kauez-Copenhagen-2024","item"
"7991","38501","Sticker-lux-Copenhagen-2024","item"
"7992","38502","Sticker-n1ssim-Copenhagen-2024","item"
"7993","38503","Sticker-NQZ-Copenhagen-2024","item"
"7994","38504","Sticker-decenty-Copenhagen-2024","item"
"7995","38505","Sticker-felps-Copenhagen-2024","item"
"7996","38506","Sticker-HEN1-Copenhagen-2024","item"
"7997","38507","Sticker-bLitz-Copenhagen-2024","item"
"7998","38508","Sticker-mzinho-Copenhagen-2024","item"
"7999","38509","Sticker-Senzu-Copenhagen-2024","item"
"8000","38510","Sticker-Techno4K-Copenhagen-2024","item"
"8001","38511","Sticker-Forester-Copenhagen-2024","item"
"8002","38512","Sticker-ICY-Copenhagen-2024","item"
"8003","38513","Sticker-Krad-Copenhagen-2024","item"
"8004","38514","Sticker-NickelBack-Copenhagen-2024","item"
"8005","38515","Sticker-TRAVIS-Copenhagen-2024","item"
"8006","38516","Sticker-kraghen-Copenhagen-2024","item"
"8007","38517","Sticker-Nodios-Copenhagen-2024","item"
"8008","38518","Sticker-Patti-Copenhagen-2024","item"
"8009","38519","Sticker-Queenix-Copenhagen-2024","item"
"8010","38520","Sticker-salazar-Copenhagen-2024","item"
"8011","38521","Sticker-biguzera-Copenhagen-2024","item"
"8012","38522","Sticker-stadodo-Copenhagen-2024","item"
"8013","38523","Sticker-b4rtiN-Copenhagen-2024","item"
"8014","38524","Sticker-coldzera-Copenhagen-2024","item"
"8015","38525","Sticker-dumau-Copenhagen-2024","item"
"8016","38526","Sticker-latto-Copenhagen-2024","item"
"8017","38527","Sticker-NEKiZ-Copenhagen-2024","item"
"8018","38529","Sticker-acoR-Copenhagen-2024","item"
"8019","38530","Sticker-acoR-Glitter-Copenhagen-2024","item"
"8020","38531","Sticker-acoR-Gold-Copenhagen-2024","item"
"8021","38532","Sticker-acoR-Holo-Copenhagen-2024","item"
"8022","38533","Sticker-arrozdoce-Copenhagen-2024","item"
"8023","38534","Sticker-arrozdoce-Glitter-Copenhagen-2024","item"
"8024","38535","Sticker-arrozdoce-Gold-Copenhagen-2024","item"
"8025","38536","Sticker-arrozdoce-Holo-Copenhagen-2024","item"
"8026","38537","Sticker-arT-Copenhagen-2024","item"
"8027","38538","Sticker-arT-Glitter-Copenhagen-2024","item"
"8028","38539","Sticker-arT-Gold-Copenhagen-2024","item"
"8029","38540","Sticker-arT-Holo-Copenhagen-2024","item"
"8030","38541","Sticker-Ax1Le-Copenhagen-2024","item"
"8031","38542","Sticker-Ax1Le-Glitter-Copenhagen-2024","item"
"8032","38543","Sticker-Ax1Le-Gold-Copenhagen-2024","item"
"8033","38544","Sticker-Ax1Le-Holo-Copenhagen-2024","item"
"8034","38545","Sticker-Boombl4-Copenhagen-2024","item"
"8035","38546","Sticker-Boombl4-Glitter-Copenhagen-2024","item"
"8036","38547","Sticker-Boombl4-Gold-Copenhagen-2024","item"
"8037","38548","Sticker-Boombl4-Holo-Copenhagen-2024","item"
"8038","38549","Sticker-CacaNito-Copenhagen-2024","item"
"8039","38550","Sticker-CacaNito-Glitter-Copenhagen-2024","item"
"8040","38551","Sticker-CacaNito-Gold-Copenhagen-2024","item"
"8041","38552","Sticker-CacaNito-Holo-Copenhagen-2024","item"
"8042","38553","Sticker-Calyx-Copenhagen-2024","item"
"8043","38554","Sticker-Calyx-Glitter-Copenhagen-2024","item"
"8044","38555","Sticker-Calyx-Gold-Copenhagen-2024","item"
"8045","38556","Sticker-Calyx-Holo-Copenhagen-2024","item"
"8046","38557","Sticker-chelo-Copenhagen-2024","item"
"8047","38558","Sticker-chelo-Glitter-Copenhagen-2024","item"
"8048","38559","Sticker-chelo-Gold-Copenhagen-2024","item"
"8049","38560","Sticker-chelo-Holo-Copenhagen-2024","item"
"8050","38561","Sticker-Dycha-Copenhagen-2024","item"
"8051","38562","Sticker-Dycha-Glitter-Copenhagen-2024","item"
"8052","38563","Sticker-Dycha-Gold-Copenhagen-2024","item"
"8053","38564","Sticker-Dycha-Holo-Copenhagen-2024","item"
"8054","38565","Sticker-electronic-Copenhagen-2024","item"
"8055","38566","Sticker-electronic-Glitter-Copenhagen-2024","item"
"8056","38567","Sticker-electronic-Gold-Copenhagen-2024","item"
"8057","38568","Sticker-electronic-Holo-Copenhagen-2024","item"
"8058","38569","Sticker-ewjerkz-Copenhagen-2024","item"
"8059","38570","Sticker-ewjerkz-Glitter-Copenhagen-2024","item"
"8060","38571","Sticker-ewjerkz-Gold-Copenhagen-2024","item"
"8061","38572","Sticker-ewjerkz-Holo-Copenhagen-2024","item"
"8062","38573","Sticker-FalleN-Copenhagen-2024","item"
"8063","38574","Sticker-FalleN-Glitter-Copenhagen-2024","item"
"8064","38575","Sticker-FalleN-Gold-Copenhagen-2024","item"
"8065","38576","Sticker-FalleN-Holo-Copenhagen-2024","item"
"8066","38577","Sticker-gla1ve-Copenhagen-2024","item"
"8067","38578","Sticker-gla1ve-Glitter-Copenhagen-2024","item"
"8068","38579","Sticker-gla1ve-Gold-Copenhagen-2024","item"
"8069","38580","Sticker-gla1ve-Holo-Copenhagen-2024","item"
"8070","38581","Sticker-Goofy-Copenhagen-2024","item"
"8071","38582","Sticker-Goofy-Glitter-Copenhagen-2024","item"
"8072","38583","Sticker-Goofy-Gold-Copenhagen-2024","item"
"8073","38584","Sticker-Goofy-Holo-Copenhagen-2024","item"
"8074","38585","Sticker-hades-Copenhagen-2024","item"
"8075","38586","Sticker-hades-Glitter-Copenhagen-2024","item"
"8076","38587","Sticker-hades-Gold-Copenhagen-2024","item"
"8077","38588","Sticker-hades-Holo-Copenhagen-2024","item"
"8078","38589","Sticker-Hobbit-Copenhagen-2024","item"
"8079","38590","Sticker-Hobbit-Glitter-Copenhagen-2024","item"
"8080","38591","Sticker-Hobbit-Gold-Copenhagen-2024","item"
"8081","38592","Sticker-Hobbit-Holo-Copenhagen-2024","item"
"8082","38593","Sticker-isak-Copenhagen-2024","item"
"8083","38594","Sticker-isak-Glitter-Copenhagen-2024","item"
"8084","38595","Sticker-isak-Gold-Copenhagen-2024","item"
"8085","38596","Sticker-isak-Holo-Copenhagen-2024","item"
"8086","38597","Sticker-jkaem-Copenhagen-2024","item"
"8087","38598","Sticker-jkaem-Glitter-Copenhagen-2024","item"
"8088","38599","Sticker-jkaem-Gold-Copenhagen-2024","item"
"8089","38600","Sticker-jkaem-Holo-Copenhagen-2024","item"
"8090","38601","Sticker-Keoz-Copenhagen-2024","item"
"8091","38602","Sticker-Keoz-Glitter-Copenhagen-2024","item"
"8092","38603","Sticker-Keoz-Gold-Copenhagen-2024","item"
"8093","38604","Sticker-Keoz-Holo-Copenhagen-2024","item"
"8094","38605","Sticker-KSCERATO-Copenhagen-2024","item"
"8095","38606","Sticker-KSCERATO-Glitter-Copenhagen-2024","item"
"8096","38607","Sticker-KSCERATO-Gold-Copenhagen-2024","item"
"8097","38608","Sticker-KSCERATO-Holo-Copenhagen-2024","item"
"8098","38609","Sticker-Kylar-Copenhagen-2024","item"
"8099","38610","Sticker-Kylar-Glitter-Copenhagen-2024","item"
"8100","38611","Sticker-Kylar-Gold-Copenhagen-2024","item"
"8101","38612","Sticker-Kylar-Holo-Copenhagen-2024","item"
"8102","38613","Sticker-kyxsan-Copenhagen-2024","item"
"8103","38614","Sticker-kyxsan-Glitter-Copenhagen-2024","item"
"8104","38615","Sticker-kyxsan-Gold-Copenhagen-2024","item"
"8105","38616","Sticker-kyxsan-Holo-Copenhagen-2024","item"
"8106","38617","Sticker-MAJ3R-Copenhagen-2024","item"
"8107","38618","Sticker-MAJ3R-Glitter-Copenhagen-2024","item"
"8108","38619","Sticker-MAJ3R-Gold-Copenhagen-2024","item"
"8109","38620","Sticker-MAJ3R-Holo-Copenhagen-2024","item"
"8110","38621","Sticker-MUTiRiS-Copenhagen-2024","item"
"8111","38622","Sticker-MUTiRiS-Glitter-Copenhagen-2024","item"
"8112","38623","Sticker-MUTiRiS-Gold-Copenhagen-2024","item"
"8113","38624","Sticker-MUTiRiS-Holo-Copenhagen-2024","item"
"8114","38625","Sticker-nawwk-Copenhagen-2024","item"
"8115","38626","Sticker-nawwk-Glitter-Copenhagen-2024","item"
"8116","38627","Sticker-nawwk-Gold-Copenhagen-2024","item"
"8117","38628","Sticker-nawwk-Holo-Copenhagen-2024","item"
"8118","38629","Sticker-NertZ-Copenhagen-2024","item"
"8119","38630","Sticker-NertZ-Glitter-Copenhagen-2024","item"
"8120","38631","Sticker-NertZ-Gold-Copenhagen-2024","item"
"8121","38632","Sticker-NertZ-Holo-Copenhagen-2024","item"
"8122","38633","Sticker-nicoodoz-Copenhagen-2024","item"
"8123","38634","Sticker-nicoodoz-Glitter-Copenhagen-2024","item"
"8124","38635","Sticker-nicoodoz-Gold-Copenhagen-2024","item"
"8125","38636","Sticker-nicoodoz-Holo-Copenhagen-2024","item"
"8126","38637","Sticker-Perfecto-Copenhagen-2024","item"
"8127","38638","Sticker-Perfecto-Glitter-Copenhagen-2024","item"
"8128","38639","Sticker-Perfecto-Gold-Copenhagen-2024","item"
"8129","38640","Sticker-Perfecto-Holo-Copenhagen-2024","item"
"8130","38641","Sticker-roman-Copenhagen-2024","item"
"8131","38642","Sticker-roman-Glitter-Copenhagen-2024","item"
"8132","38643","Sticker-roman-Gold-Copenhagen-2024","item"
"8133","38644","Sticker-roman-Holo-Copenhagen-2024","item"
"8134","38645","Sticker-sense-Copenhagen-2024","item"
"8135","38646","Sticker-sense-Glitter-Copenhagen-2024","item"
"8136","38647","Sticker-sense-Gold-Copenhagen-2024","item"
"8137","38648","Sticker-sense-Holo-Copenhagen-2024","item"
"8138","38649","Sticker-sjuush-Copenhagen-2024","item"
"8139","38650","Sticker-sjuush-Glitter-Copenhagen-2024","item"
"8140","38651","Sticker-sjuush-Gold-Copenhagen-2024","item"
"8141","38652","Sticker-sjuush-Holo-Copenhagen-2024","item"
"8142","38653","Sticker-Snax-Copenhagen-2024","item"
"8143","38654","Sticker-Snax-Glitter-Copenhagen-2024","item"
"8144","38655","Sticker-Snax-Gold-Copenhagen-2024","item"
"8145","38656","Sticker-Snax-Holo-Copenhagen-2024","item"
"8146","38657","Sticker-story-Copenhagen-2024","item"
"8147","38658","Sticker-story-Glitter-Copenhagen-2024","item"
"8148","38659","Sticker-story-Gold-Copenhagen-2024","item"
"8149","38660","Sticker-story-Holo-Copenhagen-2024","item"
"8150","38661","Sticker-STYKO-Copenhagen-2024","item"
"8151","38662","Sticker-STYKO-Glitter-Copenhagen-2024","item"
"8152","38663","Sticker-STYKO-Gold-Copenhagen-2024","item"
"8153","38664","Sticker-STYKO-Holo-Copenhagen-2024","item"
"8154","38665","Sticker-TeSeS-Copenhagen-2024","item"
"8155","38666","Sticker-TeSeS-Glitter-Copenhagen-2024","item"
"8156","38667","Sticker-TeSeS-Gold-Copenhagen-2024","item"
"8157","38668","Sticker-TeSeS-Holo-Copenhagen-2024","item"
"8158","38669","Sticker-volt-Copenhagen-2024","item"
"8159","38670","Sticker-volt-Glitter-Copenhagen-2024","item"
"8160","38671","Sticker-volt-Gold-Copenhagen-2024","item"
"8161","38672","Sticker-volt-Holo-Copenhagen-2024","item"
"8162","38673","Sticker-Wicadia-Copenhagen-2024","item"
"8163","38674","Sticker-Wicadia-Glitter-Copenhagen-2024","item"
"8164","38675","Sticker-Wicadia-Gold-Copenhagen-2024","item"
"8165","38676","Sticker-Wicadia-Holo-Copenhagen-2024","item"
"8166","38677","Sticker-woxic-Copenhagen-2024","item"
"8167","38678","Sticker-woxic-Glitter-Copenhagen-2024","item"
"8168","38679","Sticker-woxic-Gold-Copenhagen-2024","item"
"8169","38680","Sticker-woxic-Holo-Copenhagen-2024","item"
"8170","38681","Sticker-XANTARES-Copenhagen-2024","item"
"8171","38682","Sticker-XANTARES-Glitter-Copenhagen-2024","item"
"8172","38683","Sticker-XANTARES-Gold-Copenhagen-2024","item"
"8173","38684","Sticker-XANTARES-Holo-Copenhagen-2024","item"
"8174","38685","Sticker-yuurih-Copenhagen-2024","item"
"8175","38686","Sticker-yuurih-Glitter-Copenhagen-2024","item"
"8176","38687","Sticker-yuurih-Gold-Copenhagen-2024","item"
"8177","38688","Sticker-yuurih-Holo-Copenhagen-2024","item"
"8178","38689","Sticker-Aleksib-Copenhagen-2024","item"
"8179","38690","Sticker-Aleksib-Glitter-Copenhagen-2024","item"
"8180","38691","Sticker-Aleksib-Gold-Copenhagen-2024","item"
"8181","38692","Sticker-Aleksib-Holo-Copenhagen-2024","item"
"8182","38693","Sticker-apEX-Copenhagen-2024","item"
"8183","38694","Sticker-apEX-Glitter-Copenhagen-2024","item"
"8184","38695","Sticker-apEX-Gold-Copenhagen-2024","item"
"8185","38696","Sticker-apEX-Holo-Copenhagen-2024","item"
"8186","38697","Sticker-b1t-Copenhagen-2024","item"
"8187","38698","Sticker-b1t-Glitter-Copenhagen-2024","item"
"8188","38699","Sticker-b1t-Gold-Copenhagen-2024","item"
"8189","38700","Sticker-b1t-Holo-Copenhagen-2024","item"
"8190","38701","Sticker-broky-Copenhagen-2024","item"
"8191","38702","Sticker-broky-Glitter-Copenhagen-2024","item"
"8192","38703","Sticker-broky-Gold-Copenhagen-2024","item"
"8193","38704","Sticker-broky-Holo-Copenhagen-2024","item"
"8194","38705","Sticker-Brollan-Copenhagen-2024","item"
"8195","38706","Sticker-Brollan-Glitter-Copenhagen-2024","item"
"8196","38707","Sticker-Brollan-Gold-Copenhagen-2024","item"
"8197","38708","Sticker-Brollan-Holo-Copenhagen-2024","item"
"8198","38709","Sticker-chopper-Copenhagen-2024","item"
"8199","38710","Sticker-chopper-Glitter-Copenhagen-2024","item"
"8200","38711","Sticker-chopper-Gold-Copenhagen-2024","item"
"8201","38712","Sticker-chopper-Holo-Copenhagen-2024","item"
"8202","38713","Sticker-donk-Copenhagen-2024","item"
"8203","38714","Sticker-donk-Glitter-Copenhagen-2024","item"
"8204","38715","Sticker-donk-Gold-Copenhagen-2024","item"
"8205","38716","Sticker-donk-Holo-Copenhagen-2024","item"
"8206","38717","Sticker-EliGE-Copenhagen-2024","item"
"8207","38718","Sticker-EliGE-Glitter-Copenhagen-2024","item"
"8208","38719","Sticker-EliGE-Gold-Copenhagen-2024","item"
"8209","38720","Sticker-EliGE-Holo-Copenhagen-2024","item"
"8210","38721","Sticker-fame-Copenhagen-2024","item"
"8211","38722","Sticker-fame-Glitter-Copenhagen-2024","item"
"8212","38723","Sticker-fame-Gold-Copenhagen-2024","item"
"8213","38724","Sticker-fame-Holo-Copenhagen-2024","item"
"8214","38725","Sticker-FL1T-Copenhagen-2024","item"
"8215","38726","Sticker-FL1T-Glitter-Copenhagen-2024","item"
"8216","38727","Sticker-FL1T-Gold-Copenhagen-2024","item"
"8217","38728","Sticker-FL1T-Holo-Copenhagen-2024","item"
"8218","38729","Sticker-FlameZ-Copenhagen-2024","item"
"8219","38730","Sticker-FlameZ-Glitter-Copenhagen-2024","item"
"8220","38731","Sticker-FlameZ-Gold-Copenhagen-2024","item"
"8221","38732","Sticker-FlameZ-Holo-Copenhagen-2024","item"
"8222","38733","Sticker-floppy-Copenhagen-2024","item"
"8223","38734","Sticker-floppy-Glitter-Copenhagen-2024","item"
"8224","38735","Sticker-floppy-Gold-Copenhagen-2024","item"
"8225","38736","Sticker-floppy-Holo-Copenhagen-2024","item"
"8226","38737","Sticker-frozen-Copenhagen-2024","item"
"8227","38738","Sticker-frozen-Glitter-Copenhagen-2024","item"
"8228","38739","Sticker-frozen-Gold-Copenhagen-2024","item"
"8229","38740","Sticker-frozen-Holo-Copenhagen-2024","item"
"8230","38741","Sticker-Grim-Copenhagen-2024","item"
"8231","38742","Sticker-Grim-Glitter-Copenhagen-2024","item"
"8232","38743","Sticker-Grim-Gold-Copenhagen-2024","item"
"8233","38744","Sticker-Grim-Holo-Copenhagen-2024","item"
"8234","38745","Sticker-hallzerk-Copenhagen-2024","item"
"8235","38746","Sticker-hallzerk-Glitter-Copenhagen-2024","item"
"8236","38747","Sticker-hallzerk-Gold-Copenhagen-2024","item"
"8237","38748","Sticker-hallzerk-Holo-Copenhagen-2024","item"
"8238","38749","Sticker-HooXi-Copenhagen-2024","item"
"8239","38750","Sticker-HooXi-Glitter-Copenhagen-2024","item"
"8240","38751","Sticker-HooXi-Gold-Copenhagen-2024","item"
"8241","38752","Sticker-HooXi-Holo-Copenhagen-2024","item"
"8242","38753","Sticker-huNter--Copenhagen-2024","item"
"8243","38754","Sticker-huNter--Glitter-Copenhagen-2024","item"
"8244","38755","Sticker-huNter--Gold-Copenhagen-2024","item"
"8245","38756","Sticker-huNter--Holo-Copenhagen-2024","item"
"8246","38757","Sticker-iM-Copenhagen-2024","item"
"8247","38759","Sticker-iM-Gold-Copenhagen-2024","item"
"8248","38760","Sticker-iM-Holo-Copenhagen-2024","item"
"8249","38761","Sticker-Jame-Copenhagen-2024","item"
"8250","38762","Sticker-Jame-Glitter-Copenhagen-2024","item"
"8251","38763","Sticker-Jame-Gold-Copenhagen-2024","item"
"8252","38764","Sticker-Jame-Holo-Copenhagen-2024","item"
"8253","38765","Sticker-Jimpphat-Copenhagen-2024","item"
"8254","38766","Sticker-Jimpphat-Glitter-Copenhagen-2024","item"
"8255","38767","Sticker-Jimpphat-Gold-Copenhagen-2024","item"
"8256","38768","Sticker-Jimpphat-Holo-Copenhagen-2024","item"
"8257","38769","Sticker-jL-Copenhagen-2024","item"
"8258","38771","Sticker-jL-Gold-Copenhagen-2024","item"
"8259","38772","Sticker-jL-Holo-Copenhagen-2024","item"
"8260","38773","Sticker-JT-Copenhagen-2024","item"
"8261","38775","Sticker-JT-Gold-Copenhagen-2024","item"
"8262","38776","Sticker-JT-Holo-Copenhagen-2024","item"
"8263","38777","Sticker-karrigan-Copenhagen-2024","item"
"8264","38778","Sticker-karrigan-Glitter-Copenhagen-2024","item"
"8265","38779","Sticker-karrigan-Gold-Copenhagen-2024","item"
"8266","38780","Sticker-karrigan-Holo-Copenhagen-2024","item"
"8267","38781","Sticker-m0NESY-Copenhagen-2024","item"
"8268","38782","Sticker-m0NESY-Glitter-Copenhagen-2024","item"
"8269","38783","Sticker-m0NESY-Gold-Copenhagen-2024","item"
"8270","38784","Sticker-m0NESY-Holo-Copenhagen-2024","item"
"8271","38785","Sticker-magixx-Copenhagen-2024","item"
"8272","38786","Sticker-magixx-Glitter-Copenhagen-2024","item"
"8273","38787","Sticker-magixx-Gold-Copenhagen-2024","item"
"8274","38788","Sticker-magixx-Holo-Copenhagen-2024","item"
"8275","38789","Sticker-mezii-Copenhagen-2024","item"
"8276","38790","Sticker-mezii-Glitter-Copenhagen-2024","item"
"8277","38791","Sticker-mezii-Gold-Copenhagen-2024","item"
"8278","38792","Sticker-mezii-Holo-Copenhagen-2024","item"
"8279","38793","Sticker-mir-Copenhagen-2024","item"
"8280","38794","Sticker-mir-Glitter-Copenhagen-2024","item"
"8281","38795","Sticker-mir-Gold-Copenhagen-2024","item"
"8282","38796","Sticker-mir-Holo-Copenhagen-2024","item"
"8283","38797","Sticker-n0rb3r7-Copenhagen-2024","item"
"8284","38798","Sticker-n0rb3r7-Glitter-Copenhagen-2024","item"
"8285","38799","Sticker-n0rb3r7-Gold-Copenhagen-2024","item"
"8286","38800","Sticker-n0rb3r7-Holo-Copenhagen-2024","item"
"8287","38801","Sticker-nexa-Copenhagen-2024","item"
"8288","38802","Sticker-nexa-Glitter-Copenhagen-2024","item"
"8289","38803","Sticker-nexa-Gold-Copenhagen-2024","item"
"8290","38804","Sticker-nexa-Holo-Copenhagen-2024","item"
"8291","38805","Sticker-NiKo-Copenhagen-2024","item"
"8292","38806","Sticker-NiKo-Glitter-Copenhagen-2024","item"
"8293","38807","Sticker-NiKo-Gold-Copenhagen-2024","item"
"8294","38808","Sticker-NiKo-Holo-Copenhagen-2024","item"
"8295","38809","Sticker-rain-Copenhagen-2024","item"
"8296","38810","Sticker-rain-Glitter-Copenhagen-2024","item"
"8297","38811","Sticker-rain-Gold-Copenhagen-2024","item"
"8298","38812","Sticker-rain-Holo-Copenhagen-2024","item"
"8299","38813","Sticker-ropz-Copenhagen-2024","item"
"8300","38814","Sticker-ropz-Glitter-Copenhagen-2024","item"
"8301","38815","Sticker-ropz-Gold-Copenhagen-2024","item"
"8302","38816","Sticker-ropz-Holo-Copenhagen-2024","item"
"8303","38817","Sticker-sh1ro-Copenhagen-2024","item"
"8304","38818","Sticker-sh1ro-Glitter-Copenhagen-2024","item"
"8305","38819","Sticker-sh1ro-Gold-Copenhagen-2024","item"
"8306","38820","Sticker-sh1ro-Holo-Copenhagen-2024","item"
"8307","38821","Sticker-siuhy-Copenhagen-2024","item"
"8308","38822","Sticker-siuhy-Glitter-Copenhagen-2024","item"
"8309","38823","Sticker-siuhy-Gold-Copenhagen-2024","item"
"8310","38824","Sticker-siuhy-Holo-Copenhagen-2024","item"
"8311","38825","Sticker-Spinx-Copenhagen-2024","item"
"8312","38826","Sticker-Spinx-Glitter-Copenhagen-2024","item"
"8313","38827","Sticker-Spinx-Gold-Copenhagen-2024","item"
"8314","38828","Sticker-Spinx-Holo-Copenhagen-2024","item"
"8315","38829","Sticker-torzsi-Copenhagen-2024","item"
"8316","38830","Sticker-torzsi-Glitter-Copenhagen-2024","item"
"8317","38831","Sticker-torzsi-Gold-Copenhagen-2024","item"
"8318","38832","Sticker-torzsi-Holo-Copenhagen-2024","item"
"8319","38833","Sticker-w0nderful-Copenhagen-2024","item"
"8320","38834","Sticker-w0nderful-Glitter-Copenhagen-2024","item"
"8321","38835","Sticker-w0nderful-Gold-Copenhagen-2024","item"
"8322","38836","Sticker-w0nderful-Holo-Copenhagen-2024","item"
"8323","38837","Sticker-xertioN-Copenhagen-2024","item"
"8324","38838","Sticker-xertioN-Glitter-Copenhagen-2024","item"
"8325","38839","Sticker-xertioN-Gold-Copenhagen-2024","item"
"8326","38840","Sticker-xertioN-Holo-Copenhagen-2024","item"
"8327","38841","Sticker-zont1x-Copenhagen-2024","item"
"8328","38842","Sticker-zont1x-Glitter-Copenhagen-2024","item"
"8329","38843","Sticker-zont1x-Gold-Copenhagen-2024","item"
"8330","38844","Sticker-zont1x-Holo-Copenhagen-2024","item"
"8331","38845","Sticker-ZywOo-Copenhagen-2024","item"
"8332","38846","Sticker-ZywOo-Glitter-Copenhagen-2024","item"
"8333","38847","Sticker-ZywOo-Gold-Copenhagen-2024","item"
"8334","38848","Sticker-ZywOo-Holo-Copenhagen-2024","item"
"8355","39675","M4A1-S-Vaporwave","item"
"8356","39676","Glock-18-Gold-Toof","item"
"8357","39677","UMP-45-Neo-Noir","item"
"8358","39678","P250-Epicenter","item"
"8359","39679","AK-47-The-Outsiders","item"
"8360","39680","SSG-08-Rapid-Transit","item"
"8361","39681","P90-Randy-Rush","item"
"8362","39682","MAC-10-Saibā-Oni","item"
"8363","39683","M4A4-Turbine","item"
"8364","39684","Dual-Berettas-Hydro-Strike","item"
"8365","39685","USP-S-27","item"
"8366","39686","SCAR-20-Trail-Blazer","item"
"8367","39687","R8-Revolver-Tango","item"
"8368","39688","MP5-SD-Statics","item"
"8369","39689","M249-Hypnosis","item"
"8370","39690","Desert-Eagle-Calligraffiti","item"
"8371","39691","AUG-Luxe-Trim","item"
"8372","39692","AK-47-B-the-Monster","item"
"8373","39693","Zeus-x27-Dragon-Snore","item"
"8374","39694","AWP-Crakow!","item"
"8375","39695","XM1014-Monster-Melt","item"
"8376","39696","Dual-Berettas-Sweet-Little-Angels","item"
"8377","39697","AUG-Eye-of-Zapems","item"
"8378","39698","Nova-Wurst-Hölle","item"
"8379","39699","MAC-10-Pipsqueak","item"
"8380","39700","Glock-18-Teal-Graf","item"
"8381","39701","Galil-AR-Metallic-Squeezer","item"
"8382","39702","MP5-SD-Neon-Squeezer","item"
"8383","39703","P90-Wash-me","item"
"8384","39704","Negev-Wall-Bang","item"
"8385","39705","M4A1-S-Wash-me-plz","item"
"8386","39706","Five-SeveN-Midnight-Paintover","item"
"8387","39707","Desert-Eagle-Tilted","item"
"8388","39708","AWP-CMYK","item"
"8389","39709","Desert-Eagle-Starcade","item"
"8390","39710","AUG-Lil'-Pig","item"
"8391","39711","P90-Attack-Vector","item"
"8392","39712","M4A4-Polysoup","item"
"8393","39713","CZ75-Auto-Slalom","item"
"8394","39714","XM1014-Halftone-Shift","item"
"8395","39715","SG-553-Berry-Gel-Coat","item"
"8396","39716","SCAR-20-Wild-Berry","item"
"8397","39717","AK-47-Crossfade","item"
"8398","39718","SSG-08-Halftone-Whorl","item"
"8399","39719","P2000-Coral-Halftone","item"
"8400","39720","MP7-Astrolabe","item"
"8401","39721","M249-Spectrogram","item"
"8402","39722","Galil-AR-NV","item"
"8403","39723","FAMAS-Halftone-Wash","item"
"8404","39724","M4A1-S-Fade","item"
"8405","39725","Glock-18-AXIA","item"
"8406","39726","Galil-AR-Rainbow-Spoon","item"
"8407","39727","UMP-45-Crimson-Foil","item"
"8408","39728","MP9-Arctic-Tri-Tone","item"
"8409","39729","Five-SeveN-Heat-Treated","item"
"8410","39730","USP-S-Alpine-Camo","item"
"8411","39731","SSG-08-Zeno","item"
"8412","39732","P250-Small-Game","item"
"8413","39733","Nova-Yorkshire","item"
"8414","39734","MP5-SD-Savannah-Halftone","item"
"8415","39735","PP-Bizon-Cold-Cell","item"
"8416","39736","Tec-9-Tiger-Stencil","item"
"8417","39737","MAG-7-Wildwood","item"
"8418","39738","FAMAS-Half-Sleeve","item"
"8419","39739","AK-47-Olive-Polycam","item"
"8420","39740","Desert-Eagle-Heat-Treated","item"
"8421","39741","Sticker-Ruby-Wave-Lenticular","item"
"8422","39742","Sticker-Ruby-Stream-Lenticular","item"
"8423","39743","Sticker-Googly-Eye-Lenticular","item"
"8424","39744","Sticker-Side-Eyes-Lenticular","item"
"8425","39745","Sticker-Gold-Teef-Foil","item"
"8426","39746","Sticker-Winding-Scorch-Foil","item"
"8427","39747","Sticker-Bolt-Energy-Foil","item"
"8428","39748","Sticker-Bolt-Charge-Foil","item"
"8429","39749","Sticker-Bolt-Strike-Foil","item"
"8430","39750","Sticker-Mustachio-Foil","item"
"8431","39751","Sticker-Red-Shades-Foil","item"
"8432","39752","Sticker-Hypnoteyes-Holo","item"
"8433","39753","Sticker-Taste-Buddy-Holo","item"
"8434","39754","Sticker-Say-Cheese-Holo","item"
"8435","39755","Sticker-From-The-Deep-Glitter","item"
"8436","39756","Sticker-Kawaii-Eyes-Glitter","item"
"8437","39757","Sticker-Boom-Trail-Glitter","item"
"8438","39758","Sticker-Boom-Blast-Glitter","item"
"8439","39759","Sticker-Boom-Epicenter-Glitter","item"
"8440","39760","Sticker-Boom-Detonation-Glitter","item"
"8441","39761","Sticker-Rainbow-Route-Holo","item"
"8442","39762","Sticker-Strike-A-Pose","item"
"8443","39763","Sticker-Hydro-Wave","item"
"8444","39764","Sticker-Hydro-Stream","item"
"8445","39765","Sticker-Hydro-Geyser","item"
"8446","39766","Sticker-Taste-Bud","item"
"8447","39767","Sticker-Ribbon-Tie","item"
"8448","39768","Sticker-XD","item"
"8449","39769","Sticker-Quick-Peek","item"
"8450","39770","Sticker-Clown-Wig","item"
"8451","39771","Sticker-Clown-Nose","item"
"8452","39772","Sticker-Flex","item"
"8453","39773","Sticker-Boom-Trail","item"
"8454","39774","Sticker-Boom-Blast","item"
"8455","39775","Sticker-Boom-Epicenter","item"
"8456","39776","Sticker-Boom-Detonation","item"
"8457","39777","Sticker-Scorch-Loop","item"
"8458","39778","Sticker-Winding-Scorch","item"
"8459","39779","Sticker-Scorch-Loop-Reverse","item"
"8460","39780","Sticker-Hot-Rod-Heat","item"
"8461","39781","Sticker-High-Heat","item"
"8462","39782","Sticker-Bolt-Energy","item"
"8463","39783","Sticker-Bolt-Charge","item"
"8464","39784","Sticker-Bolt-Strike","item"
"8465","39785","Sticker-Lefty-T","item"
"8466","39786","Sticker-Lefty-CT","item"
"8467","39787","Sticker-Glare","item"
"8468","39788","Sticker-From-The-Deep","item"
"8469","39789","Sticker-Fly-High","item"
"8470","39790","Sticker-Chompers","item"
"8471","39791","Sticker-Blinky","item"
"8472","40449","Sticker-Perfect-World-Gold-Shanghai-2024","item"
"8473","40450","Sticker-Perfect-World-Holo-Shanghai-2024","item"
"8474","40451","Sticker-Perfect-World-Glitter-|-Shanghai-2024","item"
"8475","40452","Sticker-Perfect-World-Shanghai-2024","item"
"8476","40453","Sticker-3DMAX-Gold-Shanghai-2024","item"
"8477","40454","Sticker-HEROIC-Gold-Shanghai-2024","item"
"8478","40455","Sticker-FaZe-Clan-Gold-Shanghai-2024","item"
"8479","40456","Sticker-MOUZ-Gold-Shanghai-2024","item"
"8480","40457","Sticker-Team-Spirit-Gold-Shanghai-2024","item"
"8481","40458","Sticker-Vitality-Gold-Shanghai-2024","item"
"8482","40459","Sticker-Natus-Vincere-Gold-Shanghai-2024","item"
"8483","40460","Sticker-G2-Esports-Gold-Shanghai-2024","item"
"8484","40461","Sticker-3DMAX-Holo-Shanghai-2024","item"
"8485","40462","Sticker-HEROIC-Holo-Shanghai-2024","item"
"8486","40463","Sticker-FaZe-Clan-Holo-Shanghai-2024","item"
"8487","40464","Sticker-MOUZ-Holo-Shanghai-2024","item"
"8488","40465","Sticker-Team-Spirit-Holo-Shanghai-2024","item"
"8489","40466","Sticker-Vitality-Holo-Shanghai-2024","item"
"8490","40467","Sticker-Natus-Vincere-Holo-Shanghai-2024","item"
"8491","40468","Sticker-G2-Esports-Holo-Shanghai-2024","item"
"8492","40469","Sticker-3DMAX-Glitter-Shanghai-2024","item"
"8493","40470","Sticker-HEROIC-Glitter-Shanghai-2024","item"
"8494","40471","Sticker-FaZe-Clan-Glitter-Shanghai-2024","item"
"8495","40472","Sticker-MOUZ-Glitter-Shanghai-2024","item"
"8496","40473","Sticker-Team-Spirit-Glitter-Shanghai-2024","item"
"8497","40474","Sticker-Vitality-Glitter-Shanghai-2024","item"
"8498","40475","Sticker-Natus-Vincere-Glitter-|-Shanghai-2024","item"
"8499","40476","Sticker-G2-Esports-Glitter-Shanghai-2024","item"
"8500","40477","Sticker-3DMAX-Shanghai-2024","item"
"8501","40478","Sticker-HEROIC-Shanghai-2024","item"
"8502","40479","Sticker-FaZe-Clan-Shanghai-2024","item"
"8503","40480","Sticker-MOUZ-Shanghai-2024","item"
"8504","40481","Sticker-Team-Spirit-Shanghai-2024","item"
"8505","40482","Sticker-Vitality-Shanghai-2024","item"
"8506","40483","Sticker-Natus-Vincere-Shanghai-2024","item"
"8507","40484","Sticker-G2-Esports-Shanghai-2024","item"
"8508","40449","Sticker-Perfect-World-Gold-Shanghai-2024","item"
"8509","40450","Sticker-Perfect-World-Holo-Shanghai-2024","item"
"8510","40451","Sticker-Perfect-World-Glitter-|-Shanghai-2024","item"
"8511","40452","Sticker-Perfect-World-Shanghai-2024","item"
"8512","40517","Sticker-Imperial-Esports-Gold-|-Shanghai-2024","item"
"8513","40518","Sticker-Rare-Atom-Gold-Shanghai-2024","item"
"8514","40519","Sticker-Wildcard-Gold-Shanghai-2024","item"
"8515","40520","Sticker-Passion-UA-Gold-Shanghai-2024","item"
"8516","40521","Sticker-FlyQuest-Gold-Shanghai-2024","item"
"8517","40522","Sticker-Cloud9-Gold-Shanghai-2024","item"
"8518","40523","Sticker-MIBR-Gold-Shanghai-2024","item"
"8519","40524","Sticker-GamerLegion-Gold-Shanghai-2024","item"
"8520","40525","Sticker-Imperial-Esports-Holo-|-Shanghai-2024","item"
"8521","40526","Sticker-Rare-Atom-Holo-Shanghai-2024","item"
"8522","40527","Sticker-Wildcard-Holo-Shanghai-2024","item"
"8523","40528","Sticker-Passion-UA-Holo-Shanghai-2024","item"
"8524","40529","Sticker-FlyQuest-Holo-Shanghai-2024","item"
"8525","40530","Sticker-Cloud9-Holo-Shanghai-2024","item"
"8526","40531","Sticker-MIBR-Holo-Shanghai-2024","item"
"8527","40532","Sticker-GamerLegion-Holo-Shanghai-2024","item"
"8528","40533","Sticker-Imperial-Esports-Glitter-Shanghai-2024","item"
"8529","40534","Sticker-Rare-Atom-Glitter-Shanghai-2024","item"
"8530","40535","Sticker-Wildcard-Glitter-Shanghai-2024","item"
"8531","40536","Sticker-Passion-UA-Glitter-Shanghai-2024","item"
"8532","40537","Sticker-FlyQuest-Glitter-Shanghai-2024","item"
"8533","40538","Sticker-Cloud9-Glitter-Shanghai-2024","item"
"8534","40539","Sticker-MIBR-Glitter-Shanghai-2024","item"
"8535","40540","Sticker-GamerLegion-Glitter-Shanghai-2024","item"
"8536","40541","Sticker-Imperial-Esports-Shanghai-2024","item"
"8537","40542","Sticker-Rare-Atom-Shanghai-2024","item"
"8538","40543","Sticker-Wildcard-Shanghai-2024","item"
"8539","40544","Sticker-Passion-UA-Shanghai-2024","item"
"8540","40545","Sticker-FlyQuest-Shanghai-2024","item"
"8541","40546","Sticker-Cloud9-Shanghai-2024","item"
"8542","40547","Sticker-MIBR-Shanghai-2024","item"
"8543","40548","Sticker-GamerLegion-Shanghai-2024","item"
"8544","40449","Sticker-Perfect-World-Gold-Shanghai-2024","item"
"8545","40450","Sticker-Perfect-World-Holo-Shanghai-2024","item"
"8546","40451","Sticker-Perfect-World-Glitter-|-Shanghai-2024","item"
"8547","40452","Sticker-Perfect-World-Shanghai-2024","item"
"8548","40485","Sticker-paiN-Gaming-Gold-Shanghai-2024","item"
"8549","40486","Sticker-The-MongolZ-Gold-Shanghai-2024","item"
"8550","40487","Sticker-Fnatic-Gold-Shanghai-2024","item"
"8551","40488","Sticker-BIG-Gold-Shanghai-2024","item"
"8552","40489","Sticker-Complexity-Gaming-Gold-Shanghai-2024","item"
"8553","40490","Sticker-Team-Liquid-Gold-Shanghai-2024","item"
"8554","40491","Sticker-Virtus.pro-Gold-Shanghai-2024","item"
"8555","40492","Sticker-FURIA-Gold-Shanghai-2024","item"
"8556","40493","Sticker-paiN-Gaming-Holo-Shanghai-2024","item"
"8557","40494","Sticker-The-MongolZ-Holo-Shanghai-2024","item"
"8558","40495","Sticker-Fnatic-Holo-Shanghai-2024","item"
"8559","40496","Sticker-BIG-Holo-Shanghai-2024","item"
"8560","40497","Sticker-Complexity-Gaming-Holo-Shanghai-2024","item"
"8561","40498","Sticker-Team-Liquid-Holo-Shanghai-2024","item"
"8562","40499","Sticker-Virtus.pro-Holo-Shanghai-2024","item"
"8563","40500","Sticker-FURIA-Holo-Shanghai-2024","item"
"8564","40501","Sticker-paiN-Gaming-Glitter-Shanghai-2024","item"
"8565","40502","Sticker-The-MongolZ-Glitter-Shanghai-2024","item"
"8566","40503","Sticker-Fnatic-Glitter-Shanghai-2024","item"
"8567","40504","Sticker-BIG-Glitter-Shanghai-2024","item"
"8568","40505","Sticker-Complexity-Gaming-Glitter-Shanghai-2024","item"
"8569","40506","Sticker-Team-Liquid-Glitter-Shanghai-2024","item"
"8570","40507","Sticker-Virtus.pro-Glitter-Shanghai-2024","item"
"8571","40508","Sticker-FURIA-Glitter-Shanghai-2024","item"
"8572","40509","Sticker-paiN-Gaming-Shanghai-2024","item"
"8573","40510","Sticker-The-MongolZ-Shanghai-2024","item"
"8574","40511","Sticker-Fnatic-Shanghai-2024","item"
"8575","40512","Sticker-BIG-Shanghai-2024","item"
"8576","40513","Sticker-Complexity-Gaming-Shanghai-2024","item"
"8577","40514","Sticker-Team-Liquid-Shanghai-2024","item"
"8578","40515","Sticker-Virtus.pro-Shanghai-2024","item"
"8579","40516","Sticker-FURIA-Shanghai-2024","item"
"8580","40552","Sticker-Aleksib-Gold-Shanghai-2024","item"
"8581","40553","Sticker-apEX-Gold-Shanghai-2024","item"
"8582","40554","Sticker-b1t-Gold-Shanghai-2024","item"
"8583","40555","Sticker-broky-Gold-Shanghai-2024","item"
"8584","40556","Sticker-Brollan-Gold-Shanghai-2024","item"
"8585","40557","Sticker-chopper-Gold-Shanghai-2024","item"
"8586","40558","Sticker-degster-Gold-Shanghai-2024","item"
"8587","40559","Sticker-Djoko-Gold-Shanghai-2024","item"
"8588","40560","Sticker-donk-Gold-Shanghai-2024","item"
"8589","40561","Sticker-Ex3rcice-Gold-Shanghai-2024","item"
"8590","40562","Sticker-FlameZ-Gold-Shanghai-2024","item"
"8591","40563","Sticker-frozen-Gold-Shanghai-2024","item"
"8592","40564","Sticker-Graviti-Gold-Shanghai-2024","item"
"8593","40565","Sticker-huNter--Gold-Shanghai-2024","item"
"8594","40566","Sticker-iM-Gold-Shanghai-2024","item"
"8595","40567","Sticker-Jimpphat-Gold-Shanghai-2024","item"
"8596","40568","Sticker-jL-Gold-Shanghai-2024","item"
"8597","40569","Sticker-karrigan-Gold-Shanghai-2024","item"
"8598","40570","Sticker-kyxsan-Gold-Shanghai-2024","item"
"8599","40571","Sticker-Lucky-Gold-Shanghai-2024","item"
"8600","40572","Sticker-m0NESY-Gold-Shanghai-2024","item"
"8601","40573","Sticker-magixx-Gold-Shanghai-2024","item"
"8602","40574","Sticker-Maka-Gold-Shanghai-2024","item"
"8603","40575","Sticker-malbsMd-Gold-Shanghai-2024","item"
"8604","40576","Sticker-mezii-Gold-Shanghai-2024","item"
"8605","40577","Sticker-NertZ-Gold-Shanghai-2024","item"
"8606","40578","Sticker-NiKo-Gold-Shanghai-2024","item"
"8607","40579","Sticker-rain-Gold-Shanghai-2024","item"
"8608","40580","Sticker-ropz-Gold-Shanghai-2024","item"
"8609","40581","Sticker-sh1ro-Gold-Shanghai-2024","item"
"8610","40582","Sticker-siuhy-Gold-Shanghai-2024","item"
"8611","40583","Sticker-sjuush-Gold-Shanghai-2024","item"
"8612","40584","Sticker-Snax-Gold-Shanghai-2024","item"
"8613","40585","Sticker-Spinx-Gold-Shanghai-2024","item"
"8614","40586","Sticker-TeSeS-Gold-Shanghai-2024","item"
"8615","40587","Sticker-torzsi-Gold-Shanghai-2024","item"
"8616","40588","Sticker-w0nderful-Gold-Shanghai-2024","item"
"8617","40589","Sticker-xertioN-Gold-Shanghai-2024","item"
"8618","40590","Sticker-zont1x-Gold-Shanghai-2024","item"
"8619","40591","Sticker-ZywOo-Gold-Shanghai-2024","item"
"8620","40592","Sticker-Aleksib-Holo-Shanghai-2024","item"
"8621","40593","Sticker-apEX-Holo-Shanghai-2024","item"
"8622","40594","Sticker-b1t-Holo-Shanghai-2024","item"
"8623","40595","Sticker-broky-Holo-Shanghai-2024","item"
"8624","40596","Sticker-Brollan-Holo-Shanghai-2024","item"
"8625","40597","Sticker-chopper-Holo-Shanghai-2024","item"
"8626","40598","Sticker-degster-Holo-Shanghai-2024","item"
"8627","40599","Sticker-Djoko-Holo-Shanghai-2024","item"
"8628","40600","Sticker-donk-Holo-Shanghai-2024","item"
"8629","40601","Sticker-Ex3rcice-Holo-Shanghai-2024","item"
"8630","40602","Sticker-FlameZ-Holo-Shanghai-2024","item"
"8631","40603","Sticker-frozen-Holo-Shanghai-2024","item"
"8632","40604","Sticker-Graviti-Holo-Shanghai-2024","item"
"8633","40605","Sticker-huNter--Holo-Shanghai-2024","item"
"8634","40606","Sticker-iM-Holo-Shanghai-2024","item"
"8635","40607","Sticker-Jimpphat-Holo-Shanghai-2024","item"
"8636","40608","Sticker-jL-Holo-Shanghai-2024","item"
"8637","40609","Sticker-karrigan-Holo-Shanghai-2024","item"
"8638","40610","Sticker-kyxsan-Holo-Shanghai-2024","item"
"8639","40611","Sticker-Lucky-Holo-Shanghai-2024","item"
"8640","40612","Sticker-m0NESY-Holo-Shanghai-2024","item"
"8641","40613","Sticker-magixx-Holo-Shanghai-2024","item"
"8642","40614","Sticker-Maka-Holo-Shanghai-2024","item"
"8643","40615","Sticker-malbsMd-Holo-Shanghai-2024","item"
"8644","40616","Sticker-mezii-Holo-Shanghai-2024","item"
"8645","40617","Sticker-NertZ-Holo-Shanghai-2024","item"
"8646","40618","Sticker-NiKo-Holo-Shanghai-2024","item"
"8647","40619","Sticker-rain-Holo-Shanghai-2024","item"
"8648","40620","Sticker-ropz-Holo-Shanghai-2024","item"
"8649","40621","Sticker-sh1ro-Holo-Shanghai-2024","item"
"8650","40622","Sticker-siuhy-Holo-Shanghai-2024","item"
"8651","40623","Sticker-sjuush-Holo-Shanghai-2024","item"
"8652","40624","Sticker-Snax-Holo-Shanghai-2024","item"
"8653","40625","Sticker-Spinx-Holo-Shanghai-2024","item"
"8654","40626","Sticker-TeSeS-Holo-Shanghai-2024","item"
"8655","40627","Sticker-torzsi-Holo-Shanghai-2024","item"
"8656","40628","Sticker-w0nderful-Holo-Shanghai-2024","item"
"8657","40629","Sticker-xertioN-Holo-Shanghai-2024","item"
"8658","40630","Sticker-zont1x-Holo-Shanghai-2024","item"
"8659","40631","Sticker-ZywOo-Holo-Shanghai-2024","item"
"8660","40632","Sticker-Aleksib-Glitter-Shanghai-2024","item"
"8661","40633","Sticker-apEX-Glitter-Shanghai-2024","item"
"8662","40634","Sticker-b1t-Glitter-Shanghai-2024","item"
"8663","40635","Sticker-broky-Glitter-Shanghai-2024","item"
"8664","40636","Sticker-Brollan-Glitter-Shanghai-2024","item"
"8665","40637","Sticker-chopper-Glitter-Shanghai-2024","item"
"8666","40638","Sticker-degster-Glitter-Shanghai-2024","item"
"8667","40639","Sticker-Djoko-Glitter-Shanghai-2024","item"
"8668","40640","Sticker-donk-Glitter-Shanghai-2024","item"
"8669","40641","Sticker-Ex3rcice-Glitter-Shanghai-2024","item"
"8670","40642","Sticker-FlameZ-Glitter-Shanghai-2024","item"
"8671","40643","Sticker-frozen-Glitter-Shanghai-2024","item"
"8672","40644","Sticker-Graviti-Glitter-Shanghai-2024","item"
"8673","40645","Sticker-huNter--Glitter-Shanghai-2024","item"
"8674","40646","Sticker-iM-Glitter-Shanghai-2024","item"
"8675","40647","Sticker-Jimpphat-Glitter-Shanghai-2024","item"
"8676","40648","Sticker-jL-Glitter-Shanghai-2024","item"
"8677","40649","Sticker-karrigan-Glitter-Shanghai-2024","item"
"8678","40650","Sticker-kyxsan-Glitter-Shanghai-2024","item"
"8679","40651","Sticker-Lucky-Glitter-Shanghai-2024","item"
"8680","40652","Sticker-m0NESY-Glitter-Shanghai-2024","item"
"8681","40653","Sticker-magixx-Glitter-Shanghai-2024","item"
"8682","40654","Sticker-Maka-Glitter-Shanghai-2024","item"
"8683","40655","Sticker-malbsMd-Glitter-Shanghai-2024","item"
"8684","40656","Sticker-mezii-Glitter-Shanghai-2024","item"
"8685","40657","Sticker-NertZ-Glitter-Shanghai-2024","item"
"8686","40658","Sticker-NiKo-Glitter-Shanghai-2024","item"
"8687","40659","Sticker-rain-Glitter-Shanghai-2024","item"
"8688","40660","Sticker-ropz-Glitter-Shanghai-2024","item"
"8689","40661","Sticker-sh1ro-Glitter-Shanghai-2024","item"
"8690","40662","Sticker-siuhy-Glitter-Shanghai-2024","item"
"8691","40663","Sticker-sjuush-Glitter-Shanghai-2024","item"
"8692","40664","Sticker-Snax-Glitter-Shanghai-2024","item"
"8693","40665","Sticker-Spinx-Glitter-Shanghai-2024","item"
"8694","40666","Sticker-TeSeS-Glitter-Shanghai-2024","item"
"8695","40667","Sticker-torzsi-Glitter-Shanghai-2024","item"
"8696","40668","Sticker-w0nderful-Glitter-Shanghai-2024","item"
"8697","40669","Sticker-xertioN-Glitter-Shanghai-2024","item"
"8698","40670","Sticker-zont1x-Glitter-Shanghai-2024","item"
"8699","40671","Sticker-ZywOo-Glitter-Shanghai-2024","item"
"8700","40672","Sticker-Aleksib-Shanghai-2024","item"
"8701","40673","Sticker-apEX-Shanghai-2024","item"
"8702","40674","Sticker-b1t-Shanghai-2024","item"
"8703","40675","Sticker-broky-Shanghai-2024","item"
"8704","40676","Sticker-Brollan-Shanghai-2024","item"
"8705","40677","Sticker-chopper-Shanghai-2024","item"
"8706","40678","Sticker-degster-Shanghai-2024","item"
"8707","40679","Sticker-Djoko-Shanghai-2024","item"
"8708","40680","Sticker-donk-Shanghai-2024","item"
"8709","40681","Sticker-Ex3rcice-Shanghai-2024","item"
"8710","40682","Sticker-FlameZ-Shanghai-2024","item"
"8711","40683","Sticker-frozen-Shanghai-2024","item"
"8712","40684","Sticker-Graviti-Shanghai-2024","item"
"8713","40685","Sticker-huNter--Shanghai-2024","item"
"8714","40686","Sticker-iM-Shanghai-2024","item"
"8715","40687","Sticker-Jimpphat-Shanghai-2024","item"
"8716","40688","Sticker-jL-Shanghai-2024","item"
"8717","40689","Sticker-karrigan-Shanghai-2024","item"
"8718","40690","Sticker-kyxsan-Shanghai-2024","item"
"8719","40691","Sticker-Lucky-Shanghai-2024","item"
"8720","40692","Sticker-m0NESY-Shanghai-2024","item"
"8721","40693","Sticker-magixx-Shanghai-2024","item"
"8722","40694","Sticker-Maka-Shanghai-2024","item"
"8723","40695","Sticker-malbsMd-Shanghai-2024","item"
"8724","40696","Sticker-mezii-Shanghai-2024","item"
"8725","40697","Sticker-NertZ-Shanghai-2024","item"
"8726","40698","Sticker-NiKo-Shanghai-2024","item"
"8727","40699","Sticker-rain-Shanghai-2024","item"
"8728","40700","Sticker-ropz-Shanghai-2024","item"
"8729","40701","Sticker-sh1ro-Shanghai-2024","item"
"8730","40702","Sticker-siuhy-Shanghai-2024","item"
"8731","40703","Sticker-sjuush-Shanghai-2024","item"
"8732","40704","Sticker-Snax-Shanghai-2024","item"
"8733","40705","Sticker-Spinx-Shanghai-2024","item"
"8734","40706","Sticker-TeSeS-Shanghai-2024","item"
"8735","40707","Sticker-torzsi-Shanghai-2024","item"
"8736","40708","Sticker-w0nderful-Shanghai-2024","item"
"8737","40709","Sticker-xertioN-Shanghai-2024","item"
"8738","40710","Sticker-zont1x-Shanghai-2024","item"
"8739","40711","Sticker-ZywOo-Shanghai-2024","item"
"8740","40712","Sticker-aliStair-Gold-Shanghai-2024","item"
"8741","40713","Sticker-aNdu-Gold-Shanghai-2024","item"
"8742","40714","Sticker-Ax1Le-Gold-Shanghai-2024","item"
"8743","40715","Sticker-Boombl4-Gold-Shanghai-2024","item"
"8744","40716","Sticker-ChildKing-Gold-Shanghai-2024","item"
"8745","40717","Sticker-decenty-Gold-Shanghai-2024","item"
"8746","40718","Sticker-dexter-Gold-Shanghai-2024","item"
"8747","40719","Sticker-drop-Gold-Shanghai-2024","item"
"8748","40720","Sticker-exit-Gold-Shanghai-2024","item"
"8749","40721","Sticker-fEAR-Gold-Shanghai-2024","item"
"8750","40722","Sticker-felps-Gold-Shanghai-2024","item"
"8751","40723","Sticker-FL4MUS-Gold-Shanghai-2024","item"
"8752","40724","Sticker-Heavygod-Gold-Shanghai-2024","item"
"8753","40725","Sticker-ICY-Gold-Shanghai-2024","item"
"8754","40726","Sticker-insani-Gold-Shanghai-2024","item"
"8755","40727","Sticker-INS-Gold-Shanghai-2024","item"
"8756","40728","Sticker-jackasmo-Gold-Shanghai-2024","item"
"8757","40729","Sticker-jambo-Gold-Shanghai-2024","item"
"8758","40730","Sticker-JBa-Gold-Shanghai-2024","item"
"8759","40731","Sticker-Kaze-Gold-Shanghai-2024","item"
"8760","40732","Sticker-L1haNg-Gold-Shanghai-2024","item"
"8761","40733","Sticker-Liazz-Gold-Shanghai-2024","item"
"8762","40734","Sticker-Lucaozy-Gold-Shanghai-2024","item"
"8763","40735","Sticker-noway-Gold-Shanghai-2024","item"
"8764","40736","Sticker-Perfecto-Gold-Shanghai-2024","item"
"8765","40737","Sticker-phzy-Gold-Shanghai-2024","item"
"8766","40738","Sticker-saffee-Gold-Shanghai-2024","item"
"8767","40739","Sticker-s-chilla-Gold-Shanghai-2024","item"
"8768","40740","Sticker-sl3nd-Gold-Shanghai-2024","item"
"8769","40741","Sticker-somebody-Gold-Shanghai-2024","item"
"8770","40742","Sticker-Sonic-Gold-Shanghai-2024","item"
"8771","40743","Sticker-stanislaw-Gold-Shanghai-2024","item"
"8772","40744","Sticker-Summer-Gold-Shanghai-2024","item"
"8773","40745","Sticker-susp-Gold-Shanghai-2024","item"
"8774","40746","Sticker-TRY-Gold-Shanghai-2024","item"
"8775","40747","Sticker-vexite-Gold-Shanghai-2024","item"
"8776","40748","Sticker-VINI-Gold-Shanghai-2024","item"
"8777","40749","Sticker-Volt-Gold-Shanghai-2024","item"
"8778","40750","Sticker-zeRRoFIX-Gold-Shanghai-2024","item"
"8779","40751","Sticker-ztr-Gold-Shanghai-2024","item"
"8780","40752","Sticker-aliStair-Holo-Shanghai-2024","item"
"8781","40753","Sticker-aNdu-Holo-Shanghai-2024","item"
"8782","40754","Sticker-Ax1Le-Holo-Shanghai-2024","item"
"8783","40755","Sticker-Boombl4-Holo-Shanghai-2024","item"
"8784","40756","Sticker-ChildKing-Holo-Shanghai-2024","item"
"8785","40757","Sticker-decenty-Holo-Shanghai-2024","item"
"8786","40758","Sticker-dexter-Holo-Shanghai-2024","item"
"8787","40759","Sticker-drop-Holo-Shanghai-2024","item"
"8788","40760","Sticker-exit-Holo-Shanghai-2024","item"
"8789","40761","Sticker-fEAR-Holo-Shanghai-2024","item"
"8790","40762","Sticker-felps-Holo-Shanghai-2024","item"
"8791","40763","Sticker-FL4MUS-Holo-Shanghai-2024","item"
"8792","40764","Sticker-Heavygod-Holo-Shanghai-2024","item"
"8793","40765","Sticker-ICY-Holo-Shanghai-2024","item"
"8794","40766","Sticker-insani-Holo-Shanghai-2024","item"
"8795","40767","Sticker-INS-Holo-Shanghai-2024","item"
"8796","40768","Sticker-jackasmo-Holo-Shanghai-2024","item"
"8797","40769","Sticker-jambo-Holo-Shanghai-2024","item"
"8798","40770","Sticker-JBa-Holo-Shanghai-2024","item"
"8799","40771","Sticker-Kaze-Holo-Shanghai-2024","item"
"8800","40772","Sticker-L1haNg-Holo-Shanghai-2024","item"
"8801","40773","Sticker-Liazz-Holo-Shanghai-2024","item"
"8802","40774","Sticker-Lucaozy-Holo-Shanghai-2024","item"
"8803","40775","Sticker-noway-Holo-Shanghai-2024","item"
"8804","40776","Sticker-Perfecto-Holo-Shanghai-2024","item"
"8805","40777","Sticker-phzy-Holo-Shanghai-2024","item"
"8806","40778","Sticker-saffee-Holo-Shanghai-2024","item"
"8807","40779","Sticker-s-chilla-Holo-Shanghai-2024","item"
"8808","40780","Sticker-sl3nd-Holo-Shanghai-2024","item"
"8809","40781","Sticker-somebody-Holo-Shanghai-2024","item"
"8810","40782","Sticker-Sonic-Holo-Shanghai-2024","item"
"8811","40783","Sticker-stanislaw-Holo-Shanghai-2024","item"
"8812","40784","Sticker-Summer-Holo-Shanghai-2024","item"
"8813","40785","Sticker-susp-Holo-Shanghai-2024","item"
"8814","40786","Sticker-TRY-Holo-Shanghai-2024","item"
"8815","40787","Sticker-vexite-Holo-Shanghai-2024","item"
"8816","40788","Sticker-VINI-Holo-Shanghai-2024","item"
"8817","40789","Sticker-Volt-Holo-Shanghai-2024","item"
"8818","40790","Sticker-zeRRoFIX-Holo-Shanghai-2024","item"
"8819","40791","Sticker-ztr-Holo-Shanghai-2024","item"
"8820","40792","Sticker-aliStair-Glitter-Shanghai-2024","item"
"8821","40793","Sticker-aNdu-Glitter-Shanghai-2024","item"
"8822","40794","Sticker-Ax1Le-Glitter-Shanghai-2024","item"
"8823","40795","Sticker-Boombl4-Glitter-Shanghai-2024","item"
"8824","40796","Sticker-ChildKing-Glitter-Shanghai-2024","item"
"8825","40797","Sticker-decenty-Glitter-Shanghai-2024","item"
"8826","40798","Sticker-exit-Glitter-Shanghai-2024","item"
"8827","40799","Sticker-drop-Glitter-Shanghai-2024","item"
"8828","40800","Sticker-dexter-Glitter-Shanghai-2024","item"
"8829","40801","Sticker-fEAR-Glitter-Shanghai-2024","item"
"8830","40802","Sticker-felps-Glitter-Shanghai-2024","item"
"8831","40803","Sticker-FL4MUS-Glitter-Shanghai-2024","item"
"8832","40804","Sticker-Heavygod-Glitter-Shanghai-2024","item"
"8833","40805","Sticker-ICY-Glitter-Shanghai-2024","item"
"8834","40806","Sticker-insani-Glitter-Shanghai-2024","item"
"8835","40807","Sticker-INS-Glitter-Shanghai-2024","item"
"8836","40808","Sticker-jackasmo-Glitter-Shanghai-2024","item"
"8837","40809","Sticker-jambo-Glitter-Shanghai-2024","item"
"8838","40810","Sticker-L1haNg-Glitter-Shanghai-2024","item"
"8839","40811","Sticker-Kaze-Glitter-Shanghai-2024","item"
"8840","40812","Sticker-JBa-Glitter-Shanghai-2024","item"
"8841","40813","Sticker-Liazz-Glitter-Shanghai-2024","item"
"8842","40814","Sticker-Lucaozy-Glitter-Shanghai-2024","item"
"8843","40815","Sticker-noway-Glitter-Shanghai-2024","item"
"8844","40816","Sticker-Perfecto-Glitter-Shanghai-2024","item"
"8845","40817","Sticker-phzy-Glitter-Shanghai-2024","item"
"8846","40818","Sticker-saffee-Glitter-Shanghai-2024","item"
"8847","40819","Sticker-s-chilla-Glitter-Shanghai-2024","item"
"8848","40820","Sticker-sl3nd-Glitter-Shanghai-2024","item"
"8849","40821","Sticker-somebody-Glitter-Shanghai-2024","item"
"8850","40822","Sticker-Sonic-Glitter-Shanghai-2024","item"
"8851","40823","Sticker-stanislaw-Glitter-Shanghai-2024","item"
"8852","40824","Sticker-Summer-Glitter-Shanghai-2024","item"
"8853","40825","Sticker-susp-Glitter-Shanghai-2024","item"
"8854","40826","Sticker-TRY-Glitter-Shanghai-2024","item"
"8855","40827","Sticker-vexite-Glitter-Shanghai-2024","item"
"8856","40828","Sticker-VINI-Glitter-Shanghai-2024","item"
"8857","40829","Sticker-Volt-Glitter-Shanghai-2024","item"
"8858","40830","Sticker-zeRRoFIX-Glitter-Shanghai-2024","item"
"8859","40831","Sticker-ztr-Glitter-Shanghai-2024","item"
"8860","40832","Sticker-aliStair-Shanghai-2024","item"
"8861","40833","Sticker-aNdu-Shanghai-2024","item"
"8862","40834","Sticker-Ax1Le-Shanghai-2024","item"
"8863","40835","Sticker-Boombl4-Shanghai-2024","item"
"8864","40836","Sticker-ChildKing-Shanghai-2024","item"
"8865","40837","Sticker-decenty-Shanghai-2024","item"
"8866","40838","Sticker-dexter-Shanghai-2024","item"
"8867","40839","Sticker-drop-Shanghai-2024","item"
"8868","40840","Sticker-exit-Shanghai-2024","item"
"8869","40841","Sticker-fEAR-Shanghai-2024","item"
"8870","40842","Sticker-felps-Shanghai-2024","item"
"8871","40843","Sticker-FL4MUS-Shanghai-2024","item"
"8872","40844","Sticker-Heavygod-Shanghai-2024","item"
"8873","40845","Sticker-ICY-Shanghai-2024","item"
"8874","40846","Sticker-insani-Shanghai-2024","item"
"8875","40847","Sticker-INS-Shanghai-2024","item"
"8876","40848","Sticker-jackasmo-Shanghai-2024","item"
"8877","40849","Sticker-jambo-Shanghai-2024","item"
"8878","40850","Sticker-JBa-Shanghai-2024","item"
"8879","40851","Sticker-Kaze-Shanghai-2024","item"
"8880","40852","Sticker-L1haNg-Shanghai-2024","item"
"8881","40853","Sticker-Liazz-Shanghai-2024","item"
"8882","40854","Sticker-Lucaozy-Shanghai-2024","item"
"8883","40855","Sticker-noway-Shanghai-2024","item"
"8884","40856","Sticker-Perfecto-Shanghai-2024","item"
"8885","40857","Sticker-phzy-Shanghai-2024","item"
"8886","40858","Sticker-saffee-Shanghai-2024","item"
"8887","40859","Sticker-s-chilla-Shanghai-2024","item"
"8888","40860","Sticker-sl3nd-Shanghai-2024","item"
"8889","40861","Sticker-somebody-Shanghai-2024","item"
"8890","40862","Sticker-Sonic-Shanghai-2024","item"
"8891","40863","Sticker-stanislaw-Shanghai-2024","item"
"8892","40864","Sticker-Summer-Shanghai-2024","item"
"8893","40865","Sticker-susp-Shanghai-2024","item"
"8894","40866","Sticker-TRY-Shanghai-2024","item"
"8895","40867","Sticker-vexite-Shanghai-2024","item"
"8896","40868","Sticker-VINI-Shanghai-2024","item"
"8897","40869","Sticker-Volt-Shanghai-2024","item"
"8898","40870","Sticker-zeRRoFIX-Shanghai-2024","item"
"8899","40871","Sticker-ztr-Shanghai-2024","item"
"8900","40872","Sticker-910-Gold-Shanghai-2024","item"
"8901","40873","Sticker-afro-Gold-Shanghai-2024","item"
"8902","40874","Sticker-biguzera-Gold-Shanghai-2024","item"
"8903","40875","Sticker-blameF-Gold-Shanghai-2024","item"
"8904","40876","Sticker-bLitz-Gold-Shanghai-2024","item"
"8905","40877","Sticker-bodyy-Gold-Shanghai-2024","item"
"8906","40878","Sticker-chelo-Gold-Shanghai-2024","item"
"8907","40879","Sticker-electronic-Gold-Shanghai-2024","item"
"8908","40880","Sticker-EliGE-Gold-Shanghai-2024","item"
"8909","40881","Sticker-FalleN-Gold-Shanghai-2024","item"
"8910","40882","Sticker-fame-Gold-Shanghai-2024","item"
"8911","40883","Sticker-FL1T-Gold-Shanghai-2024","item"
"8912","40884","Sticker-floppy-Gold-Shanghai-2024","item"
"8913","40885","Sticker-Grim-Gold-Shanghai-2024","item"
"8914","40886","Sticker-hallzerk-Gold-Shanghai-2024","item"
"8915","40887","Sticker-Jame-Gold-Shanghai-2024","item"
"8916","40888","Sticker-JDC-Gold-Shanghai-2024","item"
"8917","40889","Sticker-jks-Gold-Shanghai-2024","item"
"8918","40890","Sticker-JT-Gold-Shanghai-2024","item"
"8919","40891","Sticker-kauez-Gold-Shanghai-2024","item"
"8920","40892","Sticker-Krimbo-Gold-Shanghai-2024","item"
"8921","40893","Sticker-KRIMZ-Gold-Shanghai-2024","item"
"8922","40894","Sticker-KSCERATO-Gold-Shanghai-2024","item"
"8923","40895","Sticker-lux-Gold-Shanghai-2024","item"
"8924","40896","Sticker-MATYS-Gold-Shanghai-2024","item"
"8925","40897","Sticker-mzinho-Gold-Shanghai-2024","item"
"8926","40898","Sticker-n0rb3r7-Gold-Shanghai-2024","item"
"8927","40899","Sticker-NAF-Gold-Shanghai-2024","item"
"8928","40900","Sticker-NQZ-Gold-Shanghai-2024","item"
"8929","40901","Sticker-rigoN-Gold-Shanghai-2024","item"
"8930","40902","Sticker-Senzu-Gold-Shanghai-2024","item"
"8931","40903","Sticker-skullz-Gold-Shanghai-2024","item"
"8932","40904","Sticker-snow-Gold-Shanghai-2024","item"
"8933","40905","Sticker-syrsoN-Gold-Shanghai-2024","item"
"8934","40906","Sticker-tabseN-Gold-Shanghai-2024","item"
"8935","40907","Sticker-Techno4K-Gold-Shanghai-2024","item"
"8936","40908","Sticker-Twistzz-Gold-Shanghai-2024","item"
"8937","40909","Sticker-ultimate-Gold-Shanghai-2024","item"
"8938","40910","Sticker-YEKINDAR-Gold-Shanghai-2024","item"
"8939","40911","Sticker-yuurih-Gold-Shanghai-2024","item"
"8940","40912","Sticker-910-Holo-Shanghai-2024","item"
"8941","40913","Sticker-afro-Holo-Shanghai-2024","item"
"8942","40914","Sticker-biguzera-Holo-Shanghai-2024","item"
"8943","40915","Sticker-blameF-Holo-Shanghai-2024","item"
"8944","40916","Sticker-bLitz-Holo-Shanghai-2024","item"
"8945","40917","Sticker-bodyy-Holo-Shanghai-2024","item"
"8946","40918","Sticker-chelo-Holo-Shanghai-2024","item"
"8947","40919","Sticker-electronic-Holo-Shanghai-2024","item"
"8948","40920","Sticker-EliGE-Holo-Shanghai-2024","item"
"8949","40921","Sticker-FalleN-Holo-Shanghai-2024","item"
"8950","40922","Sticker-fame-Holo-Shanghai-2024","item"
"8951","40923","Sticker-FL1T-Holo-Shanghai-2024","item"
"8952","40924","Sticker-floppy-Holo-Shanghai-2024","item"
"8953","40925","Sticker-Grim-Holo-Shanghai-2024","item"
"8954","40926","Sticker-hallzerk-Holo-Shanghai-2024","item"
"8955","40927","Sticker-Jame-Holo-Shanghai-2024","item"
"8956","40928","Sticker-JDC-Holo-Shanghai-2024","item"
"8957","40929","Sticker-jks-Holo-Shanghai-2024","item"
"8958","40930","Sticker-JT-Holo-Shanghai-2024","item"
"8959","40931","Sticker-kauez-Holo-Shanghai-2024","item"
"8960","40932","Sticker-Krimbo-Holo-Shanghai-2024","item"
"8961","40933","Sticker-KRIMZ-Holo-Shanghai-2024","item"
"8962","40934","Sticker-KSCERATO-Holo-Shanghai-2024","item"
"8963","40935","Sticker-lux-Holo-Shanghai-2024","item"
"8964","40936","Sticker-MATYS-Holo-Shanghai-2024","item"
"8965","40937","Sticker-mzinho-Holo-Shanghai-2024","item"
"8966","40938","Sticker-n0rb3r7-Holo-Shanghai-2024","item"
"8967","40939","Sticker-NAF-Holo-Shanghai-2024","item"
"8968","40940","Sticker-NQZ-Holo-Shanghai-2024","item"
"8969","40941","Sticker-rigoN-Holo-Shanghai-2024","item"
"8970","40942","Sticker-Senzu-Holo-Shanghai-2024","item"
"8971","40943","Sticker-skullz-Holo-Shanghai-2024","item"
"8972","40944","Sticker-snow-Holo-Shanghai-2024","item"
"8973","40945","Sticker-syrsoN-Holo-Shanghai-2024","item"
"8974","40946","Sticker-tabseN-Holo-Shanghai-2024","item"
"8975","40947","Sticker-Techno4K-Holo-Shanghai-2024","item"
"8976","40948","Sticker-Twistzz-Holo-Shanghai-2024","item"
"8977","40949","Sticker-ultimate-Holo-Shanghai-2024","item"
"8978","40950","Sticker-YEKINDAR-Holo-Shanghai-2024","item"
"8979","40951","Sticker-yuurih-Holo-Shanghai-2024","item"
"8980","40952","Sticker-910-Glitter-Shanghai-2024","item"
"8981","40953","Sticker-afro-Glitter-Shanghai-2024","item"
"8982","40954","Sticker-biguzera-Glitter-Shanghai-2024","item"
"8983","40955","Sticker-blameF-Glitter-Shanghai-2024","item"
"8984","40956","Sticker-bLitz-Glitter-Shanghai-2024","item"
"8985","40957","Sticker-bodyy-Glitter-Shanghai-2024","item"
"8986","40958","Sticker-chelo-Glitter-Shanghai-2024","item"
"8987","40959","Sticker-electronic-Glitter-Shanghai-2024","item"
"8988","40960","Sticker-EliGE-Glitter-Shanghai-2024","item"
"8989","40961","Sticker-FalleN-Glitter-Shanghai-2024","item"
"8990","40962","Sticker-fame-Glitter-Shanghai-2024","item"
"8991","40963","Sticker-FL1T-Glitter-Shanghai-2024","item"
"8992","40964","Sticker-floppy-Glitter-Shanghai-2024","item"
"8993","40965","Sticker-Grim-Glitter-Shanghai-2024","item"
"8994","40966","Sticker-hallzerk-Glitter-Shanghai-2024","item"
"8995","40967","Sticker-Jame-Glitter-Shanghai-2024","item"
"8996","40968","Sticker-JDC-Glitter-Shanghai-2024","item"
"8997","40969","Sticker-jks-Glitter-Shanghai-2024","item"
"8998","40970","Sticker-JT-Glitter-Shanghai-2024","item"
"8999","40971","Sticker-kauez-Glitter-Shanghai-2024","item"
"9000","40972","Sticker-Krimbo-Glitter-Shanghai-2024","item"
"9001","40973","Sticker-KRIMZ-Glitter-Shanghai-2024","item"
"9002","40974","Sticker-KSCERATO-Glitter-Shanghai-2024","item"
"9003","40975","Sticker-lux-Glitter-Shanghai-2024","item"
"9004","40976","Sticker-MATYS-Glitter-Shanghai-2024","item"
"9005","40977","Sticker-mzinho-Glitter-Shanghai-2024","item"
"9006","40978","Sticker-n0rb3r7-Glitter-Shanghai-2024","item"
"9007","40979","Sticker-NAF-Glitter-Shanghai-2024","item"
"9008","40980","Sticker-NQZ-Glitter-Shanghai-2024","item"
"9009","40981","Sticker-rigoN-Glitter-Shanghai-2024","item"
"9010","40982","Sticker-Senzu-Glitter-Shanghai-2024","item"
"9011","40983","Sticker-skullz-Glitter-Shanghai-2024","item"
"9012","40984","Sticker-snow-Glitter-Shanghai-2024","item"
"9013","40985","Sticker-syrsoN-Glitter-Shanghai-2024","item"
"9014","40986","Sticker-tabseN-Glitter-Shanghai-2024","item"
"9015","40987","Sticker-Techno4K-Glitter-Shanghai-2024","item"
"9016","40988","Sticker-Twistzz-Glitter-Shanghai-2024","item"
"9017","40989","Sticker-ultimate-Glitter-Shanghai-2024","item"
"9018","40990","Sticker-YEKINDAR-Glitter-Shanghai-2024","item"
"9019","40991","Sticker-yuurih-Glitter-Shanghai-2024","item"
"9020","40992","Sticker-910-Shanghai-2024","item"
"9021","40993","Sticker-afro-Shanghai-2024","item"
"9022","40994","Sticker-biguzera-Shanghai-2024","item"
"9023","40995","Sticker-blameF-Shanghai-2024","item"
"9024","40996","Sticker-bLitz-Shanghai-2024","item"
"9025","40997","Sticker-bodyy-Shanghai-2024","item"
"9026","40998","Sticker-chelo-Shanghai-2024","item"
"9027","40999","Sticker-electronic-Shanghai-2024","item"
"9028","41000","Sticker-EliGE-Shanghai-2024","item"
"9029","41001","Sticker-FalleN-Shanghai-2024","item"
"9030","41002","Sticker-fame-Shanghai-2024","item"
"9031","41003","Sticker-FL1T-Shanghai-2024","item"
"9032","41004","Sticker-floppy-Shanghai-2024","item"
"9033","41005","Sticker-Grim-Shanghai-2024","item"
"9034","41006","Sticker-hallzerk-Shanghai-2024","item"
"9035","41007","Sticker-Jame-Shanghai-2024","item"
"9036","41008","Sticker-JDC-Shanghai-2024","item"
"9037","41009","Sticker-jks-Shanghai-2024","item"
"9038","41010","Sticker-JT-Shanghai-2024","item"
"9039","41011","Sticker-kauez-Shanghai-2024","item"
"9040","41012","Sticker-Krimbo-Shanghai-2024","item"
"9041","41013","Sticker-KRIMZ-Shanghai-2024","item"
"9042","41014","Sticker-KSCERATO-Shanghai-2024","item"
"9043","41015","Sticker-lux-Shanghai-2024","item"
"9044","41016","Sticker-MATYS-Shanghai-2024","item"
"9045","41017","Sticker-mzinho-Shanghai-2024","item"
"9046","41018","Sticker-n0rb3r7-Shanghai-2024","item"
"9047","41019","Sticker-NAF-Shanghai-2024","item"
"9048","41020","Sticker-NQZ-Shanghai-2024","item"
"9049","41021","Sticker-rigoN-Shanghai-2024","item"
"9050","41022","Sticker-Senzu-Shanghai-2024","item"
"9051","41023","Sticker-skullz-Shanghai-2024","item"
"9052","41024","Sticker-snow-Shanghai-2024","item"
"9053","41025","Sticker-syrsoN-Shanghai-2024","item"
"9054","41026","Sticker-tabseN-Shanghai-2024","item"
"9055","41027","Sticker-Techno4K-Shanghai-2024","item"
"9056","41028","Sticker-Twistzz-Shanghai-2024","item"
"9057","41029","Sticker-ultimate-Shanghai-2024","item"
"9058","41030","Sticker-YEKINDAR-Shanghai-2024","item"
"9059","41031","Sticker-yuurih-Shanghai-2024","item"
"9060","41575","FAMAS-Bad-Trip","item"
"9061","41576","AWP-Printstream","item"
"9062","41577","UMP-45-K.O.-Factory","item"
"9063","41578","Glock-18-Shinobu","item"
"9064","41579","AK-47-Searing-Rage","item"
"9065","41580","Zeus-x27-Tosai","item"
"9066","41581","P90-Wave-Breaker","item"
"9067","41582","Nova-Rising-Sun","item"
"9068","41583","Galil-AR-Control","item"
"9069","41584","Desert-Eagle-Serpent-Strike","item"
"9070","41585","XM1014-Mockingbird","item"
"9071","41586","USP-S-PC-GRN","item"
"9072","41587","SSG-08-Memorial","item"
"9073","41588","P2000-Sure-Grip","item"
"9074","41589","MP9-Nexus","item"
"9075","41590","MAG-7-Resupply","item"
"9076","41591","M4A4-Choppa","item"
"9077","41592","★-Survival-Knife-Tiger-Tooth","item"
"9078","41593","★-Survival-Knife-Rust-Coat","item"
"9079","41594","★-Survival-Knife-Marble-Fade","item"
"9080","41595","★-Survival-Knife-Doppler","item"
"9081","41596","★-Skeleton-Knife-Tiger-Tooth","item"
"9082","41597","★-Skeleton-Knife-Rust-Coat","item"
"9083","41598","★-Skeleton-Knife-Marble-Fade","item"
"9084","41599","★-Skeleton-Knife-Doppler","item"
"9085","41600","★-Paracord-Knife-Tiger-Tooth","item"
"9086","41601","★-Paracord-Knife-Rust-Coat","item"
"9087","41602","★-Paracord-Knife-Marble-Fade","item"
"9088","41603","★-Paracord-Knife-Doppler","item"
"9089","41604","★-Nomad-Knife-Tiger-Tooth","item"
"9090","41605","★-Nomad-Knife-Rust-Coat","item"
"9091","41606","★-Nomad-Knife-Marble-Fade","item"
"9092","41607","★-Nomad-Knife-Doppler","item"
"9093","41608","★-Survival-Knife-Ultraviolet","item"
"9094","41609","★-Survival-Knife-Damascus-Steel","item"
"9095","41610","★-Skeleton-Knife-Ultraviolet","item"
"9096","41611","★-Skeleton-Knife-Damascus-Steel","item"
"9097","41612","★-Paracord-Knife-Ultraviolet","item"
"9098","41613","★-Paracord-Knife-Damascus-Steel","item"
"9099","41614","★-Nomad-Knife-Ultraviolet","item"
"9100","41615","★-Nomad-Knife-Damascus-Steel","item"
"9101","41616","AK-47-Nouveau-Rouge","item"
"9102","41617","M4A1-S-Glitched-Paint","item"
"9103","41618","USP-S-Bleeding-Edge","item"
"9104","41619","Desert-Eagle-Mulberry","item"
"9105","41620","SSG-08-Blush-Pour","item"
"9106","41621","AWP-Arsenic-Spill","item"
"9107","41622","M4A1-S-Rose-Hex","item"
"9108","41623","P250-Red-Tide","item"
"9109","41624","Glock-18-Coral-Bloom","item"
"9110","41625","MP9-Shredded","item"
"9111","41626","M4A4-Steel-Work","item"
"9112","41627","P250-Sedimentary","item"
"9113","41628","FAMAS-Grey-Ghost","item"
"9114","41629","SG-553-Basket-Halftone","item"
"9115","41630","Galil-AR-O-Ranger","item"
"9116","41631","Tec-9-Citric-Acid","item"
"9117","41632","MP7-Short-Ochre","item"
"9118","41633","G3SG1-Red-Jasper","item"
"9119","41634","Five-SeveN-Autumn-Thicket","item"
"9120","41635","PP-Bizon-Wood-Block-Camo","item"
"9121","41636","SCAR-20-Short-Ochre","item"
"9122","41637","Nova-Marsh-Grass","item"
"9123","41638","CZ75-Auto-Pink-Pearl","item"
"9124","41639","Dual-Berettas-BorDeux","item"
"9125","41640","XM1014-Canvas-Cloud","item"
"9126","41641","MAC-10-Bronzer","item"
"9127","41642","P90-Desert-Halftone","item"
"9128","41643","MP9-Multi-Terrain","item"
"9129","41644","AWP-Green-Energy","item"
"9130","41645","Glock-18-Glockingbird","item"
"9131","41646","M4A4-Sheet-Lightning","item"
"9132","41647","AK-47-Wintergreen","item"
"9133","41648","USP-S-Tropical-Breeze","item"
"9134","41649","MAC-10-Poplar-Thicket","item"
"9135","41650","MP5-SD-Gold-Leaf","item"
"9136","41651","XM1014-Copperflage","item"
"9137","41652","AK-47-VariCamo-Grey","item"
"9138","41653","P90-Mustard-Gas","item"
"9139","41654","R8-Revolver-Leafhopper","item"
"9140","41655","Galil-AR-Acid-Dart","item"
"9141","41656","MAC-10-Acid-Hex","item"
"9142","41657","SSG-08-Tiger-Tear","item"
"9143","41658","Tec-9-Garter-9","item"
"9144","41659","P2000-Marsh","item"
"9145","41660","Dual-Berettas-Polished-Malachite","item"
"9146","41661","Zeus-x27-Swamp-DDPAT","item"
"9147","41662","Negev-Raw-Ceramic","item"
"9148","41663","AUG-Commando-Company","item"
"9149","41664","MP9-Pine","item"
"9150","41665","P250-Copper-Oxide","item"
"9151","41666","SSG-08-Green-Ceramic","item"
"9152","41667","FAMAS-Palm","item"
"9153","41668","Tec-9-Raw-Ceramic","item"
"9154","41669","M249-Sage-Camo","item"
"9155","41670","MAG-7-Copper-Oxide","item"
"9156","41671","UMP-45-Green-Swirl","item"
"9157","41672","G3SG1-Green-Cell","item"
"9158","41673","M4A1-S-Stratosphere","item"
"9159","41674","AK-47-Midnight-Laminate","item"
"9160","41675","USP-S-Royal-Guard","item"
"9161","41676","FAMAS-Yeti-Camo","item"
"9162","41677","Desert-Eagle-Mint-Fan","item"
"9163","41678","MP9-Cobalt-Paisley","item"
"9164","41679","P2000-Royal-Baroque","item"
"9165","41680","P90-Reef-Grief","item"
"9166","41681","Zeus-x27-Electric-Blue","item"
"9167","41682","Nova-Turquoise-Pour","item"
"9168","41683","M4A4-Naval-Shred-Camo","item"
"9169","41684","Galil-AR-Robin's-Egg","item"
"9170","41685","Glock-18-Ocean-Topo","item"
"9171","41686","Five-SeveN-Sky-Blue","item"
"9172","41687","Dual-Berettas-Rose-Nacre","item"
"9173","41688","XM1014-Gum-Wall-Camo","item"
"9174","41689","Negev-Sour-Grapes","item"
"9175","41690","MP9-Buff-Blue","item"
"9176","41691","P250-Plum-Netting","item"
"9177","41692","Tec-9-Blue-Blast","item"
"9178","41693","P90-Blue-Tac","item"
"9179","41694","SG-553-Night-Camo","item"
"9180","41695","R8-Revolver-Cobalt-Grip","item"
"9181","41696","Sawed-Off-Runoff","item"
"9182","41697","Galil-AR-Grey-Smoke","item"
"9183","41698","SSG-08-Grey-Smoke","item"
"9184","41699","MP5-SD-Lime-Hex","item"
"9185","41700","MAC-10-Storm-Camo","item"
"9186","41701","AWP-LongDog","item"
"9187","41702","MP9-Latte-Rush","item"
"9188","41703","M4A4-Hellish","item"
"9189","41704","Zeus-x27-Charged-Up","item"
"9190","41705","Tec-9-Whiteout","item"
"9191","41706","MAC-10-Derailment","item"
"9192","41707","XM1014-Run-Run-Run","item"
"9193","41708","UMP-45-Late-Night-Transit","item"
"9194","41709","Glock-18-Green-Line","item"
"9195","41710","FAMAS-2A2F","item"
"9196","41711","P250-Constructivist","item"
"9197","41712","Nova-Rain-Station","item"
"9198","41713","Galil-AR-Green-Apple","item"
"9199","41714","P90-Straight-Dimes","item"
"9200","41715","CZ75-Auto-Copper-Fiber","item"
"9201","41716","AUG-Steel-Sentinel","item"
"9202","41717","XM1014-Solitude","item"
"9203","42038","Sticker-Alpha-Legion-2","item"
"9204","42039","Sticker-Alpha-Legion-1","item"
"9205","42040","Sticker-Black-Legion-2","item"
"9206","42041","Sticker-Black-Legion-1","item"
"9207","42042","Sticker-Death-Guard-2","item"
"9208","42043","Sticker-Death-Guard-1","item"
"9209","42044","Sticker-Emperor's-Children-2","item"
"9210","42045","Sticker-Emperor's-Children-1","item"
"9211","42046","Sticker-Iron-Warriors-2","item"
"9212","42047","Sticker-Iron-Warriors-1","item"
"9213","42048","Sticker-Night-Lords-2","item"
"9214","42049","Sticker-Night-Lords-1","item"
"9215","42050","Sticker-Thousand-Sons-2","item"
"9216","42051","Sticker-Thousand-Sons-1","item"
"9217","42052","Sticker-Word-Bearers-2","item"
"9218","42053","Sticker-Word-Bearers-1","item"
"9219","42054","Sticker-World-Eaters-2","item"
"9220","42055","Sticker-World-Eaters-1","item"
"9221","42056","Sticker-Silver-Skulls","item"
"9222","42057","Sticker-Crimson-Fists","item"
"9223","42058","Sticker-Adeptus-Astartes","item"
"9224","42059","Sticker-Blood-Ravens","item"
"9225","42060","Sticker-Scythes-of-the-Emperor","item"
"9226","42061","Sticker-Flesh-Tearers","item"
"9227","42062","Sticker-Iron-Halo","item"
"9228","42063","Sticker-Iron-Hands","item"
"9229","42064","Sticker-Raptors","item"
"9230","42065","Sticker-Astartes-Skull","item"
"9231","42066","Sticker-Raven-Guard","item"
"9232","42067","Sticker-White-Scars","item"
"9233","42068","Sticker-Salamanders","item"
"9234","42069","Sticker-Imperial-Fists","item"
"9235","42070","Sticker-Space-Wolves","item"
"9236","42071","Sticker-Blood-Angels","item"
"9237","42072","Sticker-Dark-Angels","item"
"9238","42073","Sticker-Ultramarines","item"
"9239","42074","Sticker-Rogue-Trader","item"
"9240","42075","Sticker-Adeptus-Mechanicus-2","item"
"9241","42076","Sticker-Adeptus-Mechanicus-1","item"
"9242","42077","Sticker-Adeptus-Titanicus-2","item"
"9243","42078","Sticker-Adeptus-Titanicus-1","item"
"9244","42079","Sticker-Catachan","item"
"9245","42080","Sticker-Adeptus-Arbites","item"
"9246","42081","Sticker-Sisters-of-Battle-2","item"
"9247","42082","Sticker-Sisters-of-Battle-1","item"
"9248","42083","Sticker-Officio-Assassinorum","item"
"9249","42084","Sticker-Adeptus-Custodes-2","item"
"9250","42085","Sticker-Adeptus-Custodes-1","item"
"9251","42086","Sticker-Cadia","item"
"9252","42087","Sticker-Astra-Militarum-2","item"
"9253","42088","Sticker-Astra-Militarum-1","item"
"9254","42089","Sticker-Imperial-Knights","item"
"9255","42090","Sticker-Inquisition","item"
"9256","42091","Sticker-Ecclesiarchy","item"
"9257","42092","Sticker-Aeldari-2","item"
"9258","42093","Sticker-Aeldari-1","item"
"9259","42094","Sticker-Drukhari-2","item"
"9260","42095","Sticker-Drukhari-1","item"
"9261","42096","Sticker-Genestealer-Cults-2","item"
"9262","42097","Sticker-Genestealer-Cults-1","item"
"9263","42098","Sticker-Harlequins-2","item"
"9264","42099","Sticker-Harlequins-1","item"
"9265","42100","Sticker-Leagues-of-Votann-2","item"
"9266","42101","Sticker-Leagues-of-Votann-1","item"
"9267","42102","Sticker-Necron-Glyphs","item"
"9268","42103","Sticker-Necron-Ankh","item"
"9269","42104","Sticker-Orks-2","item"
"9270","42105","Sticker-Orks-1","item"
"9271","42106","Sticker-T'au-Empire-2","item"
"9272","42107","Sticker-T'au-Empire-1","item"
"9273","42108","Sticker-Tyranids-2","item"
"9274","42109","Sticker-Tyranids-1","item"
"9275","42158","Sticker-BLAST.tv-Gold-Austin-2025","item"
"9276","42159","Sticker-Team-Liquid-Gold-Austin-2025","item"
"9277","42160","Sticker-G2-Esports-Gold-Austin-2025","item"
"9278","42161","Sticker-Natus-Vincere-Gold-Austin-2025","item"
"9279","42162","Sticker-Aurora-Gold-Austin-2025","item"
"9280","42163","Sticker-The-Mongolz-Gold-Austin-2025","item"
"9281","42164","Sticker-Team-Spirit-Gold-Austin-2025","item"
"9282","42165","Sticker-MOUZ-Gold-Austin-2025","item"
"9283","42166","Sticker-Vitality-Gold-Austin-2025","item"
"9284","42167","Sticker-BLAST.tv-Holo-Austin-2025","item"
"9285","42168","Sticker-Team-Liquid-Holo-Austin-2025","item"
"9286","42169","Sticker-G2-Esports-Holo-Austin-2025","item"
"9287","42170","Sticker-Natus-Vincere-Holo-Austin-2025","item"
"9288","42171","Sticker-Aurora-Holo-Austin-2025","item"
"9289","42172","Sticker-The-Mongolz-Holo-Austin-2025","item"
"9290","42173","Sticker-Team-Spirit-Holo-Austin-2025","item"
"9291","42174","Sticker-MOUZ-Holo-Austin-2025","item"
"9292","42175","Sticker-Vitality-Holo-Austin-2025","item"
"9293","42176","Sticker-BLAST.tv-Foil-Austin-2025","item"
"9294","42177","Sticker-Team-Liquid-Foil-Austin-2025","item"
"9295","42178","Sticker-G2-Esports-Foil-Austin-2025","item"
"9296","42179","Sticker-Natus-Vincere-Foil-Austin-2025","item"
"9297","42180","Sticker-Aurora-Foil-Austin-2025","item"
"9298","42181","Sticker-The-Mongolz-Foil-Austin-2025","item"
"9299","42182","Sticker-Team-Spirit-Foil-Austin-2025","item"
"9300","42183","Sticker-MOUZ-Foil-Austin-2025","item"
"9301","42184","Sticker-Vitality-Foil-Austin-2025","item"
"9302","42185","Sticker-BLAST.tv-Austin-2025","item"
"9303","42186","Sticker-Team-Liquid-Austin-2025","item"
"9304","42187","Sticker-G2-Esports-Austin-2025","item"
"9305","42188","Sticker-Natus-Vincere-Austin-2025","item"
"9306","42189","Sticker-Aurora-Austin-2025","item"
"9307","42190","Sticker-The-Mongolz-Austin-2025","item"
"9308","42191","Sticker-Team-Spirit-Austin-2025","item"
"9309","42192","Sticker-MOUZ-Austin-2025","item"
"9310","42193","Sticker-Vitality-Austin-2025","item"
"9315","42195","Sticker-M80-Gold-Austin-2025","item"
"9316","42196","Sticker-MIBR-Gold-Austin-2025","item"
"9317","42197","Sticker-FURIA-Gold-Austin-2025","item"
"9318","42198","Sticker-paiN-Gaming-Gold-Austin-2025","item"
"9319","42199","Sticker-Virtus.Pro-Gold-Austin-2025","item"
"9320","42200","Sticker-3DMAX-Gold-Austin-2025","item"
"9321","42201","Sticker-FaZe-Clan-Gold-Austin-2025","item"
"9322","42202","Sticker-Falcons-Gold-Austin-2025","item"
"9323","42204","Sticker-M80-Holo-Austin-2025","item"
"9324","42205","Sticker-MIBR-Holo-Austin-2025","item"
"9325","42206","Sticker-FURIA-Holo-Austin-2025","item"
"9326","42207","Sticker-paiN-Gaming-Holo-Austin-2025","item"
"9327","42208","Sticker-Virtus.Pro-Holo-Austin-2025","item"
"9328","42209","Sticker-3DMAX-Holo-Austin-2025","item"
"9329","42210","Sticker-FaZe-Clan-Holo-Austin-2025","item"
"9330","42211","Sticker-Falcons-Holo-Austin-2025","item"
"9331","42213","Sticker-M80-Foil-Austin-2025","item"
"9332","42214","Sticker-MIBR-Foil-Austin-2025","item"
"9333","42215","Sticker-FURIA-Foil-Austin-2025","item"
"9334","42216","Sticker-paiN-Gaming-Foil-Austin-2025","item"
"9335","42217","Sticker-Virtus.Pro-Foil-Austin-2025","item"
"9336","42218","Sticker-3DMAX-Foil-Austin-2025","item"
"9337","42219","Sticker-FaZe-Clan-Foil-Austin-2025","item"
"9338","42220","Sticker-Falcons-Foil-Austin-2025","item"
"9339","42222","Sticker-M80-Austin-2025","item"
"9340","42223","Sticker-MIBR-Austin-2025","item"
"9341","42224","Sticker-FURIA-Austin-2025","item"
"9342","42225","Sticker-paiN-Gaming-Austin-2025","item"
"9343","42226","Sticker-Virtus.Pro-Austin-2025","item"
"9344","42227","Sticker-3DMAX-Austin-2025","item"
"9345","42228","Sticker-FaZe-Clan-Austin-2025","item"
"9346","42229","Sticker-Falcons-Austin-2025","item"
"9351","42230","Sticker-B8-Austin-2025","item"
"9352","42231","Sticker-B8-Foil-Austin-2025","item"
"9353","42232","Sticker-B8-Gold-Austin-2025","item"
"9354","42233","Sticker-B8-Holo-Austin-2025","item"
"9355","42234","Sticker-BetBoom-Austin-2025","item"
"9356","42235","Sticker-BetBoom-Foil-Austin-2025","item"
"9357","42236","Sticker-BetBoom-Gold-Austin-2025","item"
"9358","42237","Sticker-BetBoom-Holo-Austin-2025","item"
"9359","42242","Sticker-Chinggis-Warriors-Austin-2025","item"
"9360","42243","Sticker-Chinggis-Warriors-Foil-Austin-2025","item"
"9361","42244","Sticker-Chinggis-Warriors-Gold-Austin-2025","item"
"9362","42245","Sticker-Chinggis-Warriors-Holo-Austin-2025","item"
"9363","42246","Sticker-Complexity-Gaming-Austin-2025","item"
"9364","42247","Sticker-Complexity-Gaming-Foil-Austin-2025","item"
"9365","42248","Sticker-Complexity-Gaming-Gold-Austin-2025","item"
"9366","42249","Sticker-Complexity-Gaming-Holo-Austin-2025","item"
"9367","42250","Sticker-Fluxo-Austin-2025","item"
"9368","42251","Sticker-Fluxo-Foil-Austin-2025","item"
"9369","42252","Sticker-Fluxo-Gold-Austin-2025","item"
"9370","42253","Sticker-Fluxo-Holo-Austin-2025","item"
"9371","42254","Sticker-FlyQuest-Austin-2025","item"
"9372","42255","Sticker-FlyQuest-Foil-Austin-2025","item"
"9373","42256","Sticker-FlyQuest-Gold-Austin-2025","item"
"9374","42257","Sticker-FlyQuest-Holo-Austin-2025","item"
"9375","42258","Sticker-HEROIC-Austin-2025","item"
"9376","42259","Sticker-HEROIC-Foil-Austin-2025","item"
"9377","42260","Sticker-HEROIC-Gold-Austin-2025","item"
"9378","42261","Sticker-HEROIC-Holo-Austin-2025","item"
"9379","42262","Sticker-Imperial-Esports-Austin-2025","item"
"9380","42263","Sticker-Imperial-Esports-Foil-Austin-2025","item"
"9381","42264","Sticker-Imperial-Esports-Gold-Austin-2025","item"
"9382","42265","Sticker-Imperial-Esports-Holo-Austin-2025","item"
"9383","42266","Sticker-Legacy-Austin-2025","item"
"9384","42267","Sticker-Legacy-Foil-Austin-2025","item"
"9385","42268","Sticker-Legacy-Gold-Austin-2025","item"
"9386","42269","Sticker-Legacy-Holo-Austin-2025","item"
"9387","42270","Sticker-Lynn-Vision-Austin-2025","item"
"9388","42271","Sticker-Lynn-Vision-Foil-Austin-2025","item"
"9389","42272","Sticker-Lynn-Vision-Gold-Austin-2025","item"
"9390","42273","Sticker-Lynn-Vision-Holo-Austin-2025","item"
"9391","42274","Sticker-Metizport-Austin-2025","item"
"9392","42275","Sticker-Metizport-Foil-Austin-2025","item"
"9393","42276","Sticker-Metizport-Gold-Austin-2025","item"
"9394","42277","Sticker-Metizport-Holo-Austin-2025","item"
"9395","42278","Sticker-Nemiga-Austin-2025","item"
"9396","42279","Sticker-Nemiga-Foil-Austin-2025","item"
"9397","42280","Sticker-Nemiga-Gold-Austin-2025","item"
"9398","42281","Sticker-Nemiga-Holo-Austin-2025","item"
"9399","42282","Sticker-NRG-Austin-2025","item"
"9400","42283","Sticker-NRG-Foil-Austin-2025","item"
"9401","42284","Sticker-NRG-Gold-Austin-2025","item"
"9402","42285","Sticker-NRG-Holo-Austin-2025","item"
"9403","42286","Sticker-OG-Austin-2025","item"
"9404","42287","Sticker-OG-Foil-Austin-2025","item"
"9405","42288","Sticker-OG-Gold-Austin-2025","item"
"9406","42289","Sticker-OG-Holo-Austin-2025","item"
"9407","42290","Sticker-TYLOO-Austin-2025","item"
"9408","42291","Sticker-TYLOO-Foil-Austin-2025","item"
"9409","42292","Sticker-TYLOO-Gold-Austin-2025","item"
"9410","42293","Sticker-TYLOO-Holo-Austin-2025","item"
"9411","42294","Sticker-Wildcard-Austin-2025","item"
"9412","42295","Sticker-Wildcard-Foil-Austin-2025","item"
"9413","42296","Sticker-Wildcard-Gold-Austin-2025","item"
"9414","42297","Sticker-Wildcard-Holo-Austin-2025","item"
"9415","42298","Sticker-910-Austin-2025","item"
"9416","42299","Sticker-910-Foil-Austin-2025","item"
"9417","42300","Sticker-910-Gold-Austin-2025","item"
"9418","42301","Sticker-910-Holo-Austin-2025","item"
"9419","42302","Sticker-Aleksib-Austin-2025","item"
"9420","42303","Sticker-Aleksib-Foil-Austin-2025","item"
"9421","42304","Sticker-Aleksib-Gold-Austin-2025","item"
"9422","42305","Sticker-Aleksib-Holo-Austin-2025","item"
"9423","42306","Sticker-apEX-Austin-2025","item"
"9424","42307","Sticker-apEX-Foil-Austin-2025","item"
"9425","42308","Sticker-apEX-Gold-Austin-2025","item"
"9426","42309","Sticker-apEX-Holo-Austin-2025","item"
"9427","42310","Sticker-b1t-Austin-2025","item"
"9428","42311","Sticker-b1t-Foil-Austin-2025","item"
"9429","42312","Sticker-b1t-Gold-Austin-2025","item"
"9430","42313","Sticker-b1t-Holo-Austin-2025","item"
"9431","42314","Sticker-bLitz-Austin-2025","item"
"9432","42315","Sticker-bLitz-Foil-Austin-2025","item"
"9433","42316","Sticker-bLitz-Gold-Austin-2025","item"
"9434","42317","Sticker-bLitz-Holo-Austin-2025","item"
"9435","42318","Sticker-Brollan-Austin-2025","item"
"9436","42319","Sticker-Brollan-Foil-Austin-2025","item"
"9437","42320","Sticker-Brollan-Gold-Austin-2025","item"
"9438","42321","Sticker-Brollan-Holo-Austin-2025","item"
"9439","42322","Sticker-chopper-Austin-2025","item"
"9440","42323","Sticker-chopper-Foil-Austin-2025","item"
"9441","42324","Sticker-chopper-Gold-Austin-2025","item"
"9442","42325","Sticker-chopper-Holo-Austin-2025","item"
"9443","42326","Sticker-donk-Austin-2025","item"
"9444","42327","Sticker-donk-Foil-Austin-2025","item"
"9445","42328","Sticker-donk-Gold-Austin-2025","item"
"9446","42329","Sticker-donk-Holo-Austin-2025","item"
"9447","42330","Sticker-FlameZ-Austin-2025","item"
"9448","42331","Sticker-FlameZ-Foil-Austin-2025","item"
"9449","42332","Sticker-FlameZ-Gold-Austin-2025","item"
"9450","42333","Sticker-FlameZ-Holo-Austin-2025","item"
"9451","42334","Sticker-hades-Austin-2025","item"
"9452","42335","Sticker-hades-Foil-Austin-2025","item"
"9453","42336","Sticker-hades-Gold-Austin-2025","item"
"9454","42337","Sticker-hades-Holo-Austin-2025","item"
"9455","42338","Sticker-Heavygod-Austin-2025","item"
"9456","42339","Sticker-Heavygod-Foil-Austin-2025","item"
"9457","42340","Sticker-Heavygod-Gold-Austin-2025","item"
"9458","42341","Sticker-Heavygod-Holo-Austin-2025","item"
"9459","42342","Sticker-huNter--Austin-2025","item"
"9460","42343","Sticker-huNter--Foil-Austin-2025","item"
"9461","42344","Sticker-huNter--Gold-Austin-2025","item"
"9462","42345","Sticker-huNter--Holo-Austin-2025","item"
"9463","42346","Sticker-iM-Austin-2025","item"
"9464","42347","Sticker-iM-Foil-Austin-2025","item"
"9465","42348","Sticker-iM-Gold-Austin-2025","item"
"9466","42349","Sticker-iM-Holo-Austin-2025","item"
"9467","42350","Sticker-Jimpphat-Austin-2025","item"
"9468","42351","Sticker-Jimpphat-Foil-Austin-2025","item"
"9469","42352","Sticker-Jimpphat-Gold-Austin-2025","item"
"9470","42353","Sticker-Jimpphat-Holo-Austin-2025","item"
"9471","42354","Sticker-jL-Austin-2025","item"
"9472","42355","Sticker-jL-Foil-Austin-2025","item"
"9473","42356","Sticker-jL-Gold-Austin-2025","item"
"9474","42357","Sticker-jL-Holo-Austin-2025","item"
"9475","42358","Sticker-jottAAA-Austin-2025","item"
"9476","42359","Sticker-jottAAA-Foil-Austin-2025","item"
"9477","42360","Sticker-jottAAA-Gold-Austin-2025","item"
"9478","42361","Sticker-jottAAA-Holo-Austin-2025","item"
"9479","42362","Sticker-magixx-Austin-2025","item"
"9480","42363","Sticker-magixx-Foil-Austin-2025","item"
"9481","42364","Sticker-magixx-Gold-Austin-2025","item"
"9482","42365","Sticker-magixx-Holo-Austin-2025","item"
"9483","42366","Sticker-MAJ3R-Austin-2025","item"
"9484","42367","Sticker-MAJ3R-Foil-Austin-2025","item"
"9485","42368","Sticker-MAJ3R-Gold-Austin-2025","item"
"9486","42369","Sticker-MAJ3R-Holo-Austin-2025","item"
"9487","42370","Sticker-malbsMd-Austin-2025","item"
"9488","42371","Sticker-malbsMd-Foil-Austin-2025","item"
"9489","42372","Sticker-malbsMd-Gold-Austin-2025","item"
"9490","42373","Sticker-malbsMd-Holo-Austin-2025","item"
"9491","42374","Sticker-mezii-Austin-2025","item"
"9492","42375","Sticker-mezii-Foil-Austin-2025","item"
"9493","42376","Sticker-mezii-Gold-Austin-2025","item"
"9494","42377","Sticker-mezii-Holo-Austin-2025","item"
"9495","42378","Sticker-mzinho-Austin-2025","item"
"9496","42379","Sticker-mzinho-Foil-Austin-2025","item"
"9497","42380","Sticker-mzinho-Gold-Austin-2025","item"
"9498","42381","Sticker-mzinho-Holo-Austin-2025","item"
"9499","42382","Sticker-NAF-Austin-2025","item"
"9500","42383","Sticker-NAF-Foil-Austin-2025","item"
"9501","42384","Sticker-NAF-Gold-Austin-2025","item"
"9502","42385","Sticker-NAF-Holo-Austin-2025","item"
"9503","42386","Sticker-NertZ-Austin-2025","item"
"9504","42387","Sticker-NertZ-Foil-Austin-2025","item"
"9505","42388","Sticker-NertZ-Gold-Austin-2025","item"
"9506","42389","Sticker-NertZ-Holo-Austin-2025","item"
"9507","42390","Sticker-ropz-Austin-2025","item"
"9508","42391","Sticker-ropz-Foil-Austin-2025","item"
"9509","42392","Sticker-ropz-Gold-Austin-2025","item"
"9510","42393","Sticker-ropz-Holo-Austin-2025","item"
"9511","42394","Sticker-Senzu-Austin-2025","item"
"9512","42395","Sticker-Senzu-Foil-Austin-2025","item"
"9513","42396","Sticker-Senzu-Gold-Austin-2025","item"
"9514","42397","Sticker-Senzu-Holo-Austin-2025","item"
"9515","42398","Sticker-sh1ro-Austin-2025","item"
"9516","42399","Sticker-sh1ro-Foil-Austin-2025","item"
"9517","42400","Sticker-sh1ro-Gold-Austin-2025","item"
"9518","42401","Sticker-sh1ro-Holo-Austin-2025","item"
"9519","42402","Sticker-siuhy-Austin-2025","item"
"9520","42403","Sticker-siuhy-Foil-Austin-2025","item"
"9521","42404","Sticker-siuhy-Gold-Austin-2025","item"
"9522","42405","Sticker-siuhy-Holo-Austin-2025","item"
"9523","42406","Sticker-Snax-Austin-2025","item"
"9524","42407","Sticker-Snax-Foil-Austin-2025","item"
"9525","42408","Sticker-Snax-Gold-Austin-2025","item"
"9526","42409","Sticker-Snax-Holo-Austin-2025","item"
"9527","42410","Sticker-Spinx-Austin-2025","item"
"9528","42411","Sticker-Spinx-Foil-Austin-2025","item"
"9529","42412","Sticker-Spinx-Gold-Austin-2025","item"
"9530","42413","Sticker-Spinx-Holo-Austin-2025","item"
"9531","42414","Sticker-Techno4K-Austin-2025","item"
"9532","42415","Sticker-Techno4K-Foil-Austin-2025","item"
"9533","42416","Sticker-Techno4K-Gold-Austin-2025","item"
"9534","42417","Sticker-Techno4K-Holo-Austin-2025","item"
"9535","42418","Sticker-torzsi-Austin-2025","item"
"9536","42419","Sticker-torzsi-Foil-Austin-2025","item"
"9537","42420","Sticker-torzsi-Gold-Austin-2025","item"
"9538","42421","Sticker-torzsi-Holo-Austin-2025","item"
"9539","42422","Sticker-Twistzz-Austin-2025","item"
"9540","42423","Sticker-Twistzz-Foil-Austin-2025","item"
"9541","42424","Sticker-Twistzz-Gold-Austin-2025","item"
"9542","42425","Sticker-Twistzz-Holo-Austin-2025","item"
"9543","42426","Sticker-ultimate-Austin-2025","item"
"9544","42427","Sticker-ultimate-Foil-Austin-2025","item"
"9545","42428","Sticker-ultimate-Gold-Austin-2025","item"
"9546","42429","Sticker-ultimate-Holo-Austin-2025","item"
"9547","42430","Sticker-w0nderful-Austin-2025","item"
"9548","42431","Sticker-w0nderful-Foil-Austin-2025","item"
"9549","42432","Sticker-w0nderful-Gold-Austin-2025","item"
"9550","42433","Sticker-w0nderful-Holo-Austin-2025","item"
"9551","42434","Sticker-Wicadia-Austin-2025","item"
"9552","42435","Sticker-Wicadia-Foil-Austin-2025","item"
"9553","42436","Sticker-Wicadia-Gold-Austin-2025","item"
"9554","42437","Sticker-Wicadia-Holo-Austin-2025","item"
"9555","42438","Sticker-woxic-Austin-2025","item"
"9556","42439","Sticker-woxic-Foil-Austin-2025","item"
"9557","42440","Sticker-woxic-Gold-Austin-2025","item"
"9558","42441","Sticker-woxic-Holo-Austin-2025","item"
"9559","42442","Sticker-XANTARES-Austin-2025","item"
"9560","42443","Sticker-XANTARES-Foil-Austin-2025","item"
"9561","42444","Sticker-XANTARES-Gold-Austin-2025","item"
"9562","42445","Sticker-XANTARES-Holo-Austin-2025","item"
"9563","42446","Sticker-xertioN-Austin-2025","item"
"9564","42447","Sticker-xertioN-Foil-Austin-2025","item"
"9565","42448","Sticker-xertioN-Gold-Austin-2025","item"
"9566","42449","Sticker-xertioN-Holo-Austin-2025","item"
"9567","42450","Sticker-zont1x-Austin-2025","item"
"9568","42451","Sticker-zont1x-Foil-Austin-2025","item"
"9569","42452","Sticker-zont1x-Gold-Austin-2025","item"
"9570","42453","Sticker-zont1x-Holo-Austin-2025","item"
"9571","42454","Sticker-ZywOo-Austin-2025","item"
"9572","42455","Sticker-ZywOo-Foil-Austin-2025","item"
"9573","42456","Sticker-ZywOo-Gold-Austin-2025","item"
"9574","42457","Sticker-ZywOo-Holo-Austin-2025","item"
"9575","42458","Sticker-biguzera-Austin-2025","item"
"9576","42459","Sticker-biguzera-Foil-Austin-2025","item"
"9577","42460","Sticker-biguzera-Gold-Austin-2025","item"
"9578","42461","Sticker-biguzera-Holo-Austin-2025","item"
"9579","42462","Sticker-bodyy-Austin-2025","item"
"9580","42463","Sticker-bodyy-Foil-Austin-2025","item"
"9581","42464","Sticker-bodyy-Gold-Austin-2025","item"
"9582","42465","Sticker-bodyy-Holo-Austin-2025","item"
"9583","42466","Sticker-brnz4n-Austin-2025","item"
"9584","42467","Sticker-brnz4n-Foil-Austin-2025","item"
"9585","42468","Sticker-brnz4n-Gold-Austin-2025","item"
"9586","42469","Sticker-brnz4n-Holo-Austin-2025","item"
"9587","42470","Sticker-broky-Austin-2025","item"
"9588","42471","Sticker-broky-Foil-Austin-2025","item"
"9589","42472","Sticker-broky-Gold-Austin-2025","item"
"9590","42473","Sticker-broky-Holo-Austin-2025","item"
"9591","42474","Sticker-dav1deuS-Austin-2025","item"
"9592","42475","Sticker-dav1deuS-Foil-Austin-2025","item"
"9593","42476","Sticker-dav1deuS-Gold-Austin-2025","item"
"9594","42477","Sticker-dav1deuS-Holo-Austin-2025","item"
"9595","42478","Sticker-dgt-Austin-2025","item"
"9596","42479","Sticker-dgt-Foil-Austin-2025","item"
"9597","42480","Sticker-dgt-Gold-Austin-2025","item"
"9598","42481","Sticker-dgt-Holo-Austin-2025","item"
"9599","42482","Sticker-electronic-Austin-2025","item"
"9600","42483","Sticker-electronic-Foil-Austin-2025","item"
"9601","42484","Sticker-electronic-Gold-Austin-2025","item"
"9602","42485","Sticker-electronic-Holo-Austin-2025","item"
"9603","42486","Sticker-EliGE-Austin-2025","item"
"9604","42487","Sticker-EliGE-Foil-Austin-2025","item"
"9605","42488","Sticker-EliGE-Gold-Austin-2025","item"
"9606","42489","Sticker-EliGE-Holo-Austin-2025","item"
"9607","42490","Sticker-Ex3rcice-Austin-2025","item"
"9608","42491","Sticker-Ex3rcice-Foil-Austin-2025","item"
"9609","42492","Sticker-Ex3rcice-Gold-Austin-2025","item"
"9610","42493","Sticker-Ex3rcice-Holo-Austin-2025","item"
"9611","42494","Sticker-exit-Austin-2025","item"
"9612","42495","Sticker-exit-Foil-Austin-2025","item"
"9613","42496","Sticker-exit-Gold-Austin-2025","item"
"9614","42497","Sticker-exit-Holo-Austin-2025","item"
"9615","42498","Sticker-FalleN-Austin-2025","item"
"9616","42499","Sticker-FalleN-Foil-Austin-2025","item"
"9617","42500","Sticker-FalleN-Gold-Austin-2025","item"
"9618","42501","Sticker-FalleN-Holo-Austin-2025","item"
"9619","42502","Sticker-fame-Austin-2025","item"
"9620","42503","Sticker-fame-Foil-Austin-2025","item"
"9621","42504","Sticker-fame-Gold-Austin-2025","item"
"9622","42505","Sticker-fame-Holo-Austin-2025","item"
"9623","42506","Sticker-FL1T-Austin-2025","item"
"9624","42507","Sticker-FL1T-Foil-Austin-2025","item"
"9625","42508","Sticker-FL1T-Gold-Austin-2025","item"
"9626","42509","Sticker-FL1T-Holo-Austin-2025","item"
"9627","42510","Sticker-FL4MUS-Austin-2025","item"
"9628","42511","Sticker-FL4MUS-Foil-Austin-2025","item"
"9629","42512","Sticker-FL4MUS-Gold-Austin-2025","item"
"9630","42513","Sticker-FL4MUS-Holo-Austin-2025","item"
"9631","42514","Sticker-frozen-Austin-2025","item"
"9632","42515","Sticker-frozen-Foil-Austin-2025","item"
"9633","42516","Sticker-frozen-Gold-Austin-2025","item"
"9634","42517","Sticker-frozen-Holo-Austin-2025","item"
"9635","42518","Sticker-Graviti-Austin-2025","item"
"9636","42519","Sticker-Graviti-Foil-Austin-2025","item"
"9637","42520","Sticker-Graviti-Gold-Austin-2025","item"
"9638","42521","Sticker-Graviti-Holo-Austin-2025","item"
"9639","42522","Sticker-ICY-Austin-2025","item"
"9640","42523","Sticker-ICY-Foil-Austin-2025","item"
"9641","42524","Sticker-ICY-Gold-Austin-2025","item"
"9642","42525","Sticker-ICY-Holo-Austin-2025","item"
"9643","42526","Sticker-insani-Austin-2025","item"
"9644","42527","Sticker-insani-Foil-Austin-2025","item"
"9645","42528","Sticker-insani-Gold-Austin-2025","item"
"9646","42529","Sticker-insani-Holo-Austin-2025","item"
"9647","42530","Sticker-karrigan-Austin-2025","item"
"9648","42531","Sticker-karrigan-Foil-Austin-2025","item"
"9649","42532","Sticker-karrigan-Gold-Austin-2025","item"
"9650","42533","Sticker-karrigan-Holo-Austin-2025","item"
"9651","42534","Sticker-KSCERATO-Austin-2025","item"
"9652","42535","Sticker-KSCERATO-Foil-Austin-2025","item"
"9653","42536","Sticker-KSCERATO-Gold-Austin-2025","item"
"9654","42537","Sticker-KSCERATO-Holo-Austin-2025","item"
"9655","42538","Sticker-kyxsan-Austin-2025","item"
"9656","42539","Sticker-kyxsan-Foil-Austin-2025","item"
"9657","42540","Sticker-kyxsan-Gold-Austin-2025","item"
"9658","42541","Sticker-kyxsan-Holo-Austin-2025","item"
"9659","42542","Sticker-Lake-Austin-2025","item"
"9660","42543","Sticker-Lake-Foil-Austin-2025","item"
"9661","42544","Sticker-Lake-Gold-Austin-2025","item"
"9662","42545","Sticker-Lake-Holo-Austin-2025","item"
"9663","42546","Sticker-Lucaozy-Austin-2025","item"
"9664","42547","Sticker-Lucaozy-Foil-Austin-2025","item"
"9665","42548","Sticker-Lucaozy-Gold-Austin-2025","item"
"9666","42549","Sticker-Lucaozy-Holo-Austin-2025","item"
"9667","42550","Sticker-Lucky-Austin-2025","item"
"9668","42551","Sticker-Lucky-Foil-Austin-2025","item"
"9669","42552","Sticker-Lucky-Gold-Austin-2025","item"
"9670","42553","Sticker-Lucky-Holo-Austin-2025","item"
"9671","42554","Sticker-m0NESY-Austin-2025","item"
"9672","42555","Sticker-m0NESY-Foil-Austin-2025","item"
"9673","42556","Sticker-m0NESY-Gold-Austin-2025","item"
"9674","42557","Sticker-m0NESY-Holo-Austin-2025","item"
"9675","42558","Sticker-Magisk-Austin-2025","item"
"9676","42559","Sticker-Magisk-Foil-Austin-2025","item"
"9677","42560","Sticker-Magisk-Gold-Austin-2025","item"
"9678","42561","Sticker-Magisk-Holo-Austin-2025","item"
"9679","42562","Sticker-Maka-Austin-2025","item"
"9680","42563","Sticker-Maka-Foil-Austin-2025","item"
"9681","42564","Sticker-Maka-Gold-Austin-2025","item"
"9682","42565","Sticker-Maka-Holo-Austin-2025","item"
"9683","42566","Sticker-molodoy-Austin-2025","item"
"9684","42567","Sticker-molodoy-Foil-Austin-2025","item"
"9685","42568","Sticker-molodoy-Gold-Austin-2025","item"
"9686","42569","Sticker-molodoy-Holo-Austin-2025","item"
"9687","42570","Sticker-NiKo-Austin-2025","item"
"9688","42571","Sticker-NiKo-Foil-Austin-2025","item"
"9689","42572","Sticker-NiKo-Gold-Austin-2025","item"
"9690","42573","Sticker-NiKo-Holo-Austin-2025","item"
"9691","42574","Sticker-NQZ-Austin-2025","item"
"9692","42575","Sticker-NQZ-Foil-Austin-2025","item"
"9693","42576","Sticker-NQZ-Gold-Austin-2025","item"
"9694","42577","Sticker-NQZ-Holo-Austin-2025","item"
"9695","42578","Sticker-rain-Austin-2025","item"
"9696","42579","Sticker-rain-Foil-Austin-2025","item"
"9697","42580","Sticker-rain-Gold-Austin-2025","item"
"9698","42581","Sticker-rain-Holo-Austin-2025","item"
"9699","42582","Sticker-reck-Austin-2025","item"
"9700","42583","Sticker-reck-Foil-Austin-2025","item"
"9701","42584","Sticker-reck-Gold-Austin-2025","item"
"9702","42585","Sticker-reck-Holo-Austin-2025","item"
"9703","42586","Sticker-s1n-Austin-2025","item"
"9704","42587","Sticker-s1n-Foil-Austin-2025","item"
"9705","42588","Sticker-s1n-Gold-Austin-2025","item"
"9706","42589","Sticker-s1n-Holo-Austin-2025","item"
"9707","42590","Sticker-saffee-Austin-2025","item"
"9708","42591","Sticker-saffee-Foil-Austin-2025","item"
"9709","42592","Sticker-saffee-Gold-Austin-2025","item"
"9710","42593","Sticker-saffee-Holo-Austin-2025","item"
"9711","42594","Sticker-skullz-Austin-2025","item"
"9712","42595","Sticker-skullz-Foil-Austin-2025","item"
"9713","42596","Sticker-skullz-Gold-Austin-2025","item"
"9714","42597","Sticker-skullz-Holo-Austin-2025","item"
"9715","42598","Sticker-slaxz--Austin-2025","item"
"9716","42599","Sticker-slaxz--Foil-Austin-2025","item"
"9717","42600","Sticker-slaxz--Gold-Austin-2025","item"
"9718","42601","Sticker-slaxz--Holo-Austin-2025","item"
"9719","42602","Sticker-snow-Austin-2025","item"
"9720","42603","Sticker-snow-Foil-Austin-2025","item"
"9721","42604","Sticker-snow-Gold-Austin-2025","item"
"9722","42605","Sticker-snow-Holo-Austin-2025","item"
"9723","42606","Sticker-Swisher-Austin-2025","item"
"9724","42607","Sticker-Swisher-Foil-Austin-2025","item"
"9725","42608","Sticker-Swisher-Gold-Austin-2025","item"
"9726","42609","Sticker-Swisher-Holo-Austin-2025","item"
"9727","42610","Sticker-TeSeS-Austin-2025","item"
"9728","42611","Sticker-TeSeS-Foil-Austin-2025","item"
"9729","42612","Sticker-TeSeS-Gold-Austin-2025","item"
"9730","42613","Sticker-TeSeS-Holo-Austin-2025","item"
"9731","42614","Sticker-yuurih-Austin-2025","item"
"9732","42615","Sticker-yuurih-Foil-Austin-2025","item"
"9733","42616","Sticker-yuurih-Gold-Austin-2025","item"
"9734","42617","Sticker-yuurih-Holo-Austin-2025","item"
"9735","42618","Sticker-1eeR-Austin-2025","item"
"9736","42619","Sticker-1eeR-Foil-Austin-2025","item"
"9737","42620","Sticker-1eeR-Gold-Austin-2025","item"
"9738","42621","Sticker-1eeR-Holo-Austin-2025","item"
"9739","42622","Sticker-adamb-Austin-2025","item"
"9740","42623","Sticker-adamb-Foil-Austin-2025","item"
"9741","42624","Sticker-adamb-Gold-Austin-2025","item"
"9742","42625","Sticker-adamb-Holo-Austin-2025","item"
"9743","42626","Sticker-alex666-Austin-2025","item"
"9744","42627","Sticker-alex666-Foil-Austin-2025","item"
"9745","42628","Sticker-alex666-Gold-Austin-2025","item"
"9746","42629","Sticker-alex666-Holo-Austin-2025","item"
"9747","42630","Sticker-Ariucle-Austin-2025","item"
"9748","42631","Sticker-Ariucle-Foil-Austin-2025","item"
"9749","42632","Sticker-Ariucle-Gold-Austin-2025","item"
"9750","42633","Sticker-Ariucle-Holo-Austin-2025","item"
"9751","42634","Sticker-arT-Austin-2025","item"
"9752","42635","Sticker-arT-Foil-Austin-2025","item"
"9753","42636","Sticker-arT-Gold-Austin-2025","item"
"9754","42637","Sticker-arT-Holo-Austin-2025","item"
"9755","42638","Sticker-Attacker-Austin-2025","item"
"9756","42639","Sticker-Attacker-Foil-Austin-2025","item"
"9757","42640","Sticker-Attacker-Gold-Austin-2025","item"
"9758","42641","Sticker-Attacker-Holo-Austin-2025","item"
"9759","42642","Sticker-Ax1Le-Austin-2025","item"
"9760","42643","Sticker-Ax1Le-Foil-Austin-2025","item"
"9761","42644","Sticker-Ax1Le-Gold-Austin-2025","item"
"9762","42645","Sticker-Ax1Le-Holo-Austin-2025","item"
"9763","42646","Sticker-Boombl4-Austin-2025","item"
"9764","42647","Sticker-Boombl4-Foil-Austin-2025","item"
"9765","42648","Sticker-Boombl4-Gold-Austin-2025","item"
"9766","42649","Sticker-Boombl4-Holo-Austin-2025","item"
"9767","42650","Sticker-br0-Austin-2025","item"
"9768","42651","Sticker-br0-Foil-Austin-2025","item"
"9769","42652","Sticker-br0-Gold-Austin-2025","item"
"9770","42653","Sticker-br0-Holo-Austin-2025","item"
"9771","42654","Sticker-Buzz-Austin-2025","item"
"9772","42655","Sticker-Buzz-Foil-Austin-2025","item"
"9773","42656","Sticker-Buzz-Gold-Austin-2025","item"
"9774","42657","Sticker-Buzz-Holo-Austin-2025","item"
"9775","42658","Sticker-C4LLM3SU3-Austin-2025","item"
"9776","42659","Sticker-C4LLM3SU3-Foil-Austin-2025","item"
"9777","42660","Sticker-C4LLM3SU3-Gold-Austin-2025","item"
"9778","42661","Sticker-C4LLM3SU3-Holo-Austin-2025","item"
"9779","42662","Sticker-chayJESUS-Austin-2025","item"
"9780","42663","Sticker-chayJESUS-Foil-Austin-2025","item"
"9781","42664","Sticker-chayJESUS-Gold-Austin-2025","item"
"9782","42665","Sticker-chayJESUS-Holo-Austin-2025","item"
"9783","42666","Sticker-Chr1zN-Austin-2025","item"
"9784","42667","Sticker-Chr1zN-Foil-Austin-2025","item"
"9785","42668","Sticker-Chr1zN-Gold-Austin-2025","item"
"9786","42669","Sticker-Chr1zN-Holo-Austin-2025","item"
"9787","42670","Sticker-controlez-Austin-2025","item"
"9788","42671","Sticker-controlez-Foil-Austin-2025","item"
"9789","42672","Sticker-controlez-Gold-Austin-2025","item"
"9790","42673","Sticker-controlez-Holo-Austin-2025","item"
"9791","42674","Sticker-cool4st-Austin-2025","item"
"9792","42675","Sticker-cool4st-Foil-Austin-2025","item"
"9793","42676","Sticker-cool4st-Gold-Austin-2025","item"
"9794","42677","Sticker-cool4st-Holo-Austin-2025","item"
"9795","42678","Sticker-Cxzi-Austin-2025","item"
"9796","42679","Sticker-Cxzi-Foil-Austin-2025","item"
"9797","42680","Sticker-Cxzi-Gold-Austin-2025","item"
"9798","42681","Sticker-Cxzi-Holo-Austin-2025","item"
"9799","42682","Sticker-decenty-Austin-2025","item"
"9800","42683","Sticker-decenty-Foil-Austin-2025","item"
"9801","42684","Sticker-decenty-Gold-Austin-2025","item"
"9802","42685","Sticker-decenty-Holo-Austin-2025","item"
"9803","42686","Sticker-dumau-Austin-2025","item"
"9804","42687","Sticker-dumau-Foil-Austin-2025","item"
"9805","42688","Sticker-dumau-Gold-Austin-2025","item"
"9806","42689","Sticker-dumau-Holo-Austin-2025","item"
"9807","42690","Sticker-efire-Austin-2025","item"
"9808","42691","Sticker-efire-Foil-Austin-2025","item"
"9809","42692","Sticker-efire-Gold-Austin-2025","item"
"9810","42693","Sticker-efire-Holo-Austin-2025","item"
"9811","42694","Sticker-EmiliaQAQ-Austin-2025","item"
"9812","42695","Sticker-EmiliaQAQ-Foil-Austin-2025","item"
"9813","42696","Sticker-EmiliaQAQ-Gold-Austin-2025","item"
"9814","42697","Sticker-EmiliaQAQ-Holo-Austin-2025","item"
"9815","42698","Sticker-esenthial-Austin-2025","item"
"9816","42699","Sticker-esenthial-Foil-Austin-2025","item"
"9817","42700","Sticker-esenthial-Gold-Austin-2025","item"
"9818","42701","Sticker-esenthial-Holo-Austin-2025","item"
"9819","42702","Sticker-F1KU-Austin-2025","item"
"9820","42703","Sticker-F1KU-Foil-Austin-2025","item"
"9821","42704","Sticker-F1KU-Gold-Austin-2025","item"
"9822","42705","Sticker-F1KU-Holo-Austin-2025","item"
"9823","42706","Sticker-Grim-Austin-2025","item"
"9824","42707","Sticker-Grim-Foil-Austin-2025","item"
"9825","42708","Sticker-Grim-Gold-Austin-2025","item"
"9826","42709","Sticker-Grim-Holo-Austin-2025","item"
"9827","42710","Sticker-hallzerk-Austin-2025","item"
"9828","42711","Sticker-hallzerk-Foil-Austin-2025","item"
"9829","42712","Sticker-hallzerk-Gold-Austin-2025","item"
"9830","42713","Sticker-hallzerk-Holo-Austin-2025","item"
"9831","42714","Sticker-hampus-Austin-2025","item"
"9832","42715","Sticker-hampus-Foil-Austin-2025","item"
"9833","42716","Sticker-hampus-Gold-Austin-2025","item"
"9834","42717","Sticker-hampus-Holo-Austin-2025","item"
"9835","42718","Sticker-headtr1ck-Austin-2025","item"
"9836","42719","Sticker-headtr1ck-Foil-Austin-2025","item"
"9837","42720","Sticker-headtr1ck-Gold-Austin-2025","item"
"9838","42721","Sticker-headtr1ck-Holo-Austin-2025","item"
"9839","42722","Sticker-HexT-Austin-2025","item"
"9840","42723","Sticker-HexT-Foil-Austin-2025","item"
"9841","42724","Sticker-HexT-Gold-Austin-2025","item"
"9842","42725","Sticker-HexT-Holo-Austin-2025","item"
"9843","42726","Sticker-INS-Austin-2025","item"
"9844","42727","Sticker-INS-Foil-Austin-2025","item"
"9845","42728","Sticker-INS-Gold-Austin-2025","item"
"9846","42729","Sticker-INS-Holo-Austin-2025","item"
"9847","42730","Sticker-isak-Austin-2025","item"
"9848","42731","Sticker-isak-Foil-Austin-2025","item"
"9849","42732","Sticker-isak-Gold-Austin-2025","item"
"9850","42733","Sticker-isak-Holo-Austin-2025","item"
"9851","42734","Sticker-JamYoung-Austin-2025","item"
"9852","42735","Sticker-JamYoung-Foil-Austin-2025","item"
"9853","42736","Sticker-JamYoung-Gold-Austin-2025","item"
"9854","42737","Sticker-JamYoung-Holo-Austin-2025","item"
"9855","42738","Sticker-JBa-Austin-2025","item"
"9856","42739","Sticker-JBa-Foil-Austin-2025","item"
"9857","42740","Sticker-JBa-Gold-Austin-2025","item"
"9858","42741","Sticker-JBa-Holo-Austin-2025","item"
"9859","42742","Sticker-Jee-Austin-2025","item"
"9860","42743","Sticker-Jee-Foil-Austin-2025","item"
"9861","42744","Sticker-Jee-Gold-Austin-2025","item"
"9862","42745","Sticker-Jee-Holo-Austin-2025","item"
"9863","42746","Sticker-jeorge-Austin-2025","item"
"9864","42747","Sticker-jeorge-Foil-Austin-2025","item"
"9865","42748","Sticker-jeorge-Gold-Austin-2025","item"
"9866","42749","Sticker-jeorge-Holo-Austin-2025","item"
"9867","42750","Sticker-JT-Austin-2025","item"
"9868","42751","Sticker-JT-Foil-Austin-2025","item"
"9869","42752","Sticker-JT-Gold-Austin-2025","item"
"9870","42753","Sticker-JT-Holo-Austin-2025","item"
"9871","42754","Sticker-kensizor-Austin-2025","item"
"9872","42755","Sticker-kensizor-Foil-Austin-2025","item"
"9873","42756","Sticker-kensizor-Gold-Austin-2025","item"
"9874","42757","Sticker-kensizor-Holo-Austin-2025","item"
"9875","42758","Sticker-khaN-Austin-2025","item"
"9876","42759","Sticker-khaN-Foil-Austin-2025","item"
"9877","42760","Sticker-khaN-Gold-Austin-2025","item"
"9878","42761","Sticker-khaN-Holo-Austin-2025","item"
"9879","42762","Sticker-kye-Austin-2025","item"
"9880","42763","Sticker-kye-Foil-Austin-2025","item"
"9881","42764","Sticker-kye-Gold-Austin-2025","item"
"9882","42765","Sticker-kye-Holo-Austin-2025","item"
"9883","42766","Sticker-L00m1-Austin-2025","item"
"9884","42767","Sticker-L00m1-Foil-Austin-2025","item"
"9885","42768","Sticker-L00m1-Gold-Austin-2025","item"
"9886","42769","Sticker-L00m1-Holo-Austin-2025","item"
"9887","42770","Sticker-latto-Austin-2025","item"
"9888","42771","Sticker-latto-Foil-Austin-2025","item"
"9889","42772","Sticker-latto-Gold-Austin-2025","item"
"9890","42773","Sticker-latto-Holo-Austin-2025","item"
"9891","42774","Sticker-Liazz-Austin-2025","item"
"9892","42775","Sticker-Liazz-Foil-Austin-2025","item"
"9893","42776","Sticker-Liazz-Gold-Austin-2025","item"
"9894","42777","Sticker-Liazz-Holo-Austin-2025","item"
"9895","42778","Sticker-LNZ-Austin-2025","item"
"9896","42779","Sticker-LNZ-Foil-Austin-2025","item"
"9897","42780","Sticker-LNZ-Gold-Austin-2025","item"
"9898","42781","Sticker-LNZ-Holo-Austin-2025","item"
"9899","42782","Sticker-lux-Austin-2025","item"
"9900","42783","Sticker-lux-Foil-Austin-2025","item"
"9901","42784","Sticker-lux-Gold-Austin-2025","item"
"9902","42785","Sticker-lux-Holo-Austin-2025","item"
"9903","42786","Sticker-Magnojez-Austin-2025","item"
"9904","42787","Sticker-Magnojez-Foil-Austin-2025","item"
"9905","42788","Sticker-Magnojez-Gold-Austin-2025","item"
"9906","42789","Sticker-Magnojez-Holo-Austin-2025","item"
"9907","42790","Sticker-Mercury-Austin-2025","item"
"9908","42791","Sticker-Mercury-Foil-Austin-2025","item"
"9909","42792","Sticker-Mercury-Gold-Austin-2025","item"
"9910","42793","Sticker-Mercury-Holo-Austin-2025","item"
"9911","42794","Sticker-mlhzin-Austin-2025","item"
"9912","42795","Sticker-mlhzin-Foil-Austin-2025","item"
"9913","42796","Sticker-mlhzin-Gold-Austin-2025","item"
"9914","42797","Sticker-mlhzin-Holo-Austin-2025","item"
"9915","42798","Sticker-Moseyuh-Austin-2025","item"
"9916","42799","Sticker-Moseyuh-Foil-Austin-2025","item"
"9917","42800","Sticker-Moseyuh-Gold-Austin-2025","item"
"9918","42801","Sticker-Moseyuh-Holo-Austin-2025","item"
"9919","42802","Sticker-n1ssim-Austin-2025","item"
"9920","42803","Sticker-n1ssim-Foil-Austin-2025","item"
"9921","42804","Sticker-n1ssim-Gold-Austin-2025","item"
"9922","42805","Sticker-n1ssim-Holo-Austin-2025","item"
"9923","42806","Sticker-nettik-Austin-2025","item"
"9924","42807","Sticker-nettik-Foil-Austin-2025","item"
"9925","42808","Sticker-nettik-Gold-Austin-2025","item"
"9926","42809","Sticker-nettik-Holo-Austin-2025","item"
"9927","42810","Sticker-nicoodoz-Austin-2025","item"
"9928","42811","Sticker-nicoodoz-Foil-Austin-2025","item"
"9929","42812","Sticker-nicoodoz-Gold-Austin-2025","item"
"9930","42813","Sticker-nicoodoz-Holo-Austin-2025","item"
"9931","42814","Sticker-nicx-Austin-2025","item"
"9932","42815","Sticker-nicx-Foil-Austin-2025","item"
"9933","42816","Sticker-nicx-Gold-Austin-2025","item"
"9934","42817","Sticker-nicx-Holo-Austin-2025","item"
"9935","42818","Sticker-nitr0-Austin-2025","item"
"9936","42819","Sticker-nitr0-Foil-Austin-2025","item"
"9937","42820","Sticker-nitr0-Gold-Austin-2025","item"
"9938","42821","Sticker-nitr0-Holo-Austin-2025","item"
"9939","42822","Sticker-noway-Austin-2025","item"
"9940","42823","Sticker-noway-Foil-Austin-2025","item"
"9941","42824","Sticker-noway-Gold-Austin-2025","item"
"9942","42825","Sticker-noway-Holo-Austin-2025","item"
"9943","42826","Sticker-npl-Austin-2025","item"
"9944","42827","Sticker-npl-Foil-Austin-2025","item"
"9945","42828","Sticker-npl-Gold-Austin-2025","item"
"9946","42829","Sticker-npl-Holo-Austin-2025","item"
"9947","42830","Sticker-oSee-Austin-2025","item"
"9948","42831","Sticker-oSee-Foil-Austin-2025","item"
"9949","42832","Sticker-oSee-Gold-Austin-2025","item"
"9950","42833","Sticker-oSee-Holo-Austin-2025","item"
"9951","42834","Sticker-phzy-Austin-2025","item"
"9952","42835","Sticker-phzy-Foil-Austin-2025","item"
"9953","42836","Sticker-phzy-Gold-Austin-2025","item"
"9954","42837","Sticker-phzy-Holo-Austin-2025","item"
"9955","42838","Sticker-piriajr-Austin-2025","item"
"9956","42839","Sticker-piriajr-Foil-Austin-2025","item"
"9957","42840","Sticker-piriajr-Gold-Austin-2025","item"
"9958","42841","Sticker-piriajr-Holo-Austin-2025","item"
"9959","42842","Sticker-Plopski-Austin-2025","item"
"9960","42843","Sticker-Plopski-Foil-Austin-2025","item"
"9961","42844","Sticker-Plopski-Gold-Austin-2025","item"
"9962","42845","Sticker-Plopski-Holo-Austin-2025","item"
"9963","42846","Sticker-regali-Austin-2025","item"
"9964","42847","Sticker-regali-Foil-Austin-2025","item"
"9965","42848","Sticker-regali-Gold-Austin-2025","item"
"9966","42849","Sticker-regali-Holo-Austin-2025","item"
"9967","42850","Sticker-riskyb0b-Austin-2025","item"
"9968","42851","Sticker-riskyb0b-Foil-Austin-2025","item"
"9969","42852","Sticker-riskyb0b-Gold-Austin-2025","item"
"9970","42853","Sticker-riskyb0b-Holo-Austin-2025","item"
"9971","42854","Sticker-ROUX-Austin-2025","item"
"9972","42855","Sticker-ROUX-Foil-Austin-2025","item"
"9973","42856","Sticker-ROUX-Gold-Austin-2025","item"
"9974","42857","Sticker-ROUX-Holo-Austin-2025","item"
"9975","42858","Sticker-S1ren-Austin-2025","item"
"9976","42859","Sticker-S1ren-Foil-Austin-2025","item"
"9977","42860","Sticker-S1ren-Gold-Austin-2025","item"
"9978","42861","Sticker-S1ren-Holo-Austin-2025","item"
"9979","42862","Sticker-saadzin-Austin-2025","item"
"9980","42863","Sticker-saadzin-Foil-Austin-2025","item"
"9981","42864","Sticker-saadzin-Gold-Austin-2025","item"
"9982","42865","Sticker-saadzin-Holo-Austin-2025","item"
"9983","42866","Sticker-Sonic-Austin-2025","item"
"9984","42867","Sticker-Sonic-Foil-Austin-2025","item"
"9985","42868","Sticker-Sonic-Gold-Austin-2025","item"
"9986","42869","Sticker-Sonic-Holo-Austin-2025","item"
"9987","42870","Sticker-spooke-Austin-2025","item"
"9988","42871","Sticker-spooke-Foil-Austin-2025","item"
"9989","42872","Sticker-spooke-Gold-Austin-2025","item"
"9990","42873","Sticker-spooke-Holo-Austin-2025","item"
"9991","42874","Sticker-stanislaw-Austin-2025","item"
"9992","42875","Sticker-stanislaw-Foil-Austin-2025","item"
"9993","42876","Sticker-stanislaw-Gold-Austin-2025","item"
"9994","42877","Sticker-stanislaw-Holo-Austin-2025","item"
"9995","42878","Sticker-Starry-Austin-2025","item"
"9996","42879","Sticker-Starry-Foil-Austin-2025","item"
"9997","42880","Sticker-Starry-Gold-Austin-2025","item"
"9998","42881","Sticker-Starry-Holo-Austin-2025","item"
"9999","42882","Sticker-SunPayus-Austin-2025","item"
"10000","42883","Sticker-SunPayus-Foil-Austin-2025","item"
"10001","42884","Sticker-SunPayus-Gold-Austin-2025","item"
"10002","42885","Sticker-SunPayus-Holo-Austin-2025","item"
"10003","42886","Sticker-susp-Austin-2025","item"
"10004","42887","Sticker-susp-Foil-Austin-2025","item"
"10005","42888","Sticker-susp-Gold-Austin-2025","item"
"10006","42889","Sticker-susp-Holo-Austin-2025","item"
"10007","42890","Sticker-tN1R-Austin-2025","item"
"10008","42891","Sticker-tN1R-Foil-Austin-2025","item"
"10009","42892","Sticker-tN1R-Gold-Austin-2025","item"
"10010","42893","Sticker-tN1R-Holo-Austin-2025","item"
"10011","42894","Sticker-TRY-Austin-2025","item"
"10012","42895","Sticker-TRY-Foil-Austin-2025","item"
"10013","42896","Sticker-TRY-Gold-Austin-2025","item"
"10014","42897","Sticker-TRY-Holo-Austin-2025","item"
"10015","42898","Sticker-vexite-Austin-2025","item"
"10016","42899","Sticker-vexite-Foil-Austin-2025","item"
"10017","42900","Sticker-vexite-Gold-Austin-2025","item"
"10018","42901","Sticker-vexite-Holo-Austin-2025","item"
"10019","42902","Sticker-VINI-Austin-2025","item"
"10020","42903","Sticker-VINI-Foil-Austin-2025","item"
"10021","42904","Sticker-VINI-Gold-Austin-2025","item"
"10022","42905","Sticker-VINI-Holo-Austin-2025","item"
"10023","42906","Sticker-westmelon-Austin-2025","item"
"10024","42907","Sticker-westmelon-Foil-Austin-2025","item"
"10025","42908","Sticker-westmelon-Gold-Austin-2025","item"
"10026","42909","Sticker-westmelon-Holo-Austin-2025","item"
"10027","42910","Sticker-Xant3r-Austin-2025","item"
"10028","42911","Sticker-Xant3r-Foil-Austin-2025","item"
"10029","42912","Sticker-Xant3r-Gold-Austin-2025","item"
"10030","42913","Sticker-Xant3r-Holo-Austin-2025","item"
"10031","42914","Sticker-xfl0ud-Austin-2025","item"
"10032","42915","Sticker-xfl0ud-Foil-Austin-2025","item"
"10033","42916","Sticker-xfl0ud-Gold-Austin-2025","item"
"10034","42917","Sticker-xfl0ud-Holo-Austin-2025","item"
"10035","42918","Sticker-yxngstxr-Austin-2025","item"
"10036","42919","Sticker-yxngstxr-Foil-Austin-2025","item"
"10037","42920","Sticker-yxngstxr-Gold-Austin-2025","item"
"10038","42921","Sticker-yxngstxr-Holo-Austin-2025","item"
"10039","42922","Sticker-z4KR-Austin-2025","item"
"10040","42923","Sticker-z4KR-Foil-Austin-2025","item"
"10041","42924","Sticker-z4KR-Gold-Austin-2025","item"
"10042","42925","Sticker-z4KR-Holo-Austin-2025","item"
"10043","42926","Sticker-zevy-Austin-2025","item"
"10044","42927","Sticker-zevy-Foil-Austin-2025","item"
"10045","42928","Sticker-zevy-Gold-Austin-2025","item"
"10046","42929","Sticker-zevy-Holo-Austin-2025","item"
"10047","42930","Sticker-zorte-Austin-2025","item"
"10048","42931","Sticker-zorte-Foil-Austin-2025","item"
"10049","42932","Sticker-zorte-Gold-Austin-2025","item"
"10050","42933","Sticker-zorte-Holo-Austin-2025","item"
"10051","42934","Sticker-zweih-Austin-2025","item"
"10052","42935","Sticker-zweih-Foil-Austin-2025","item"
"10053","42936","Sticker-zweih-Gold-Austin-2025","item"
"10054","42937","Sticker-zweih-Holo-Austin-2025","item"
"10055","43924","M4A4-Full-Throttle","item"
"10056","43925","AK-47-The-Oligarch","item"
"10057","43926","MP7-Smoking-Kills","item"
"10058","43927","Glock-18-Mirror-Mosaic","item"
"10059","43928","AWP-Ice-Coaled","item"
"10060","43929","UMP-45-Continuum","item"
"10061","43930","Nova-Ocular","item"
"10062","43931","MAC-10-Cat-Fight","item"
"10063","43932","M4A1-S-Liquidation","item"
"10064","43933","Dual-Berettas-Angel-Eyes","item"
"10065","43934","SCAR-20-Caged","item"
"10066","43935","P250-Bullfrog","item"
"10067","43936","P2000-Red-Wing","item"
"10068","43937","MP9-Broken-Record","item"
"10069","43938","MP5-SD-Focus","item"
"10070","43939","MAG-7-MAGnitude","item"
"10071","43940","AUG-Trigger-Discipline","item"
"10072","44132","Sticker-Lorena-Foil","item"
"10073","44133","Sticker-Clavis-Foil","item"
"10074","44134","Sticker-Lucas-Foil","item"
"10075","44135","Sticker-Lorena-Holo","item"
"10076","44136","Sticker-Clavis-Holo","item"
"10077","44137","Sticker-Lucas-Holo","item"
"10078","44138","Sticker-Lorena","item"
"10079","44139","Sticker-Lucas","item"
"10080","44140","Sticker-Clavis","item"
"10081","44141","Sticker-BullHit-Lenticular","item"
"10082","44142","Sticker-Neon-MVP-Lenticular","item"
"10083","44143","Sticker-Digi-Strike-Lenticular","item"
"10084","44144","Sticker-Good-As-New-Foil","item"
"10085","44145","Sticker-Hands-Off-Foil","item"
"10086","44146","Sticker-Eyes-In-The-Sky-Foil","item"
"10087","44147","Sticker-King-Crasswater-Foil","item"
"10088","44148","Sticker-Queen-Ava-Foil","item"
"10089","44149","Sticker-Ain't-A-Rental-Foil","item"
"10090","44150","Sticker-Chrome-Dome-Holo","item"
"10091","44151","Sticker-Froggles-Holo","item"
"10092","44152","Sticker-Evidence-Holo","item"
"10093","44153","Sticker-Cutie-Holo","item"
"10094","44154","Sticker-T-Tracks-Glitter","item"
"10095","44155","Sticker-Bomb-Planted-Holo","item"
"10096","44156","Sticker-CT-Tracks-Glitter","item"
"10097","44157","Sticker-Overloaded-Glitter","item"
"10098","44158","Sticker-Eyes-of-Farlow","item"
"10099","44159","Sticker-Vice-Cursor","item"
"10100","44160","Sticker-Sent-With-Love","item"
"10101","44161","Sticker-Mimicapsule","item"
"10102","44162","Sticker-POTS","item"
"10103","44163","Sticker-Cubix-Connexion","item"
"10104","44164","Sticker-Pop-Pup","item"
"10105","44165","Sticker-Lock-In","item"
"10106","44166","Sticker-Skelly-Stabby","item"
"10107","44167","Sticker-Candy-Apples","item"
"10108","44168","Sticker-Fade-Mangos","item"
"10109","44214","Sticker-Gloves-On","item"
"10110","44358","Sticker-Falcons-Budapest-2025","item"
"10111","44359","Sticker-Falcons-Embroidered-Budapest-2025","item"
"10112","44360","Sticker-Falcons-Gold-Budapest-2025","item"
"10113","44361","Sticker-Falcons-Holo-Budapest-2025","item"
"10114","44362","Sticker-FURIA-Budapest-2025","item"
"10115","44363","Sticker-FURIA-Embroidered-Budapest-2025","item"
"10116","44364","Sticker-FURIA-Gold-Budapest-2025","item"
"10117","44365","Sticker-FURIA-Holo-Budapest-2025","item"
"10118","44366","Sticker-G2-esports-Budapest-2025","item"
"10119","44367","Sticker-G2-esports-Embroidered-Budapest-2025","item"
"10120","44368","Sticker-G2-esports-Gold-Budapest-2025","item"
"10121","44369","Sticker-G2-esports-Holo-Budapest-2025","item"
"10122","44370","Sticker-MOUZ-Budapest-2025","item"
"10123","44371","Sticker-MOUZ-Embroidered-Budapest-2025","item"
"10124","44372","Sticker-MOUZ-Gold-Budapest-2025","item"
"10125","44373","Sticker-MOUZ-Holo-Budapest-2025","item"
"10126","44374","Sticker-paiN-Gaming-Budapest-2025","item"
"10127","44375","Sticker-paiN-Gaming-Embroidered-Budapest-2025","item"
"10128","44376","Sticker-paiN-Gaming-Gold-Budapest-2025","item"
"10129","44377","Sticker-paiN-Gaming-Holo-Budapest-2025","item"
"10130","44378","Sticker-StarLadder-Budapest-2025","item"
"10131","44379","Sticker-StarLadder-Embroidered-Budapest-2025","item"
"10132","44380","Sticker-StarLadder-Gold-Budapest-2025","item"
"10133","44381","Sticker-StarLadder-Holo-Budapest-2025","item"
"10134","44382","Sticker-Team-Spirit-Budapest-2025","item"
"10135","44383","Sticker-Team-Spirit-Embroidered-Budapest-2025","item"
"10136","44384","Sticker-Team-Spirit-Gold-Budapest-2025","item"
"10137","44385","Sticker-Team-Spirit-Holo-Budapest-2025","item"
"10138","44386","Sticker-The-Mongolz-Budapest-2025","item"
"10139","44387","Sticker-The-Mongolz-Embroidered-Budapest-2025","item"
"10140","44388","Sticker-The-Mongolz-Gold-Budapest-2025","item"
"10141","44389","Sticker-The-Mongolz-Holo-Budapest-2025","item"
"10142","44390","Sticker-Vitality-Budapest-2025","item"
"10143","44391","Sticker-Vitality-Embroidered-Budapest-2025","item"
"10144","44392","Sticker-Vitality-Gold-Budapest-2025","item"
"10145","44393","Sticker-Vitality-Holo-Budapest-2025","item"
"10146","44378","Sticker-StarLadder-Budapest-2025","item"
"10147","44379","Sticker-StarLadder-Embroidered-Budapest-2025","item"
"10148","44380","Sticker-StarLadder-Gold-Budapest-2025","item"
"10149","44381","Sticker-StarLadder-Holo-Budapest-2025","item"
"10150","44394","Sticker-3DMAX-Budapest-2025","item"
"10151","44395","Sticker-3DMAX-Embroidered-Budapest-2025","item"
"10152","44396","Sticker-3DMAX-Gold-Budapest-2025","item"
"10153","44397","Sticker-3DMAX-Holo-Budapest-2025","item"
"10154","44398","Sticker-Astralis-Budapest-2025","item"
"10155","44399","Sticker-Astralis-Embroidered-Budapest-2025","item"
"10156","44400","Sticker-Astralis-Gold-Budapest-2025","item"
"10157","44401","Sticker-Astralis-Holo-Budapest-2025","item"
"10158","44402","Sticker-Aurora-Budapest-2025","item"
"10159","44403","Sticker-Aurora-Embroidered-Budapest-2025","item"
"10160","44404","Sticker-Aurora-Gold-Budapest-2025","item"
"10161","44405","Sticker-Aurora-Holo-Budapest-2025","item"
"10162","44406","Sticker-MIBR-Budapest-2025","item"
"10163","44407","Sticker-MIBR-Embroidered-Budapest-2025","item"
"10164","44408","Sticker-MIBR-Gold-Budapest-2025","item"
"10165","44409","Sticker-MIBR-Holo-Budapest-2025","item"
"10166","44410","Sticker-Natus-Vincere-Budapest-2025","item"
"10167","44411","Sticker-Natus-Vincere-Embroidered-Budapest-2025","item"
"10168","44412","Sticker-Natus-Vincere-Gold-Budapest-2025","item"
"10169","44413","Sticker-Natus-Vincere-Holo-Budapest-2025","item"
"10170","44414","Sticker-Passion-UA-Budapest-2025","item"
"10171","44415","Sticker-Passion-UA-Embroidered-Budapest-2025","item"
"10172","44416","Sticker-Passion-UA-Gold-Budapest-2025","item"
"10173","44417","Sticker-Passion-UA-Holo-Budapest-2025","item"
"10174","44422","Sticker-Team-Liquid-Budapest-2025","item"
"10175","44423","Sticker-Team-Liquid-Embroidered-Budapest-2025","item"
"10176","44424","Sticker-Team-Liquid-Gold-Budapest-2025","item"
"10177","44425","Sticker-Team-Liquid-Holo-Budapest-2025","item"
"10178","44426","Sticker-TYLOO-Budapest-2025","item"
"10179","44427","Sticker-TYLOO-Embroidered-Budapest-2025","item"
"10180","44428","Sticker-TYLOO-Gold-Budapest-2025","item"
"10181","44429","Sticker-TYLOO-Holo-Budapest-2025","item"
"10182","44378","Sticker-StarLadder-Budapest-2025","item"
"10183","44379","Sticker-StarLadder-Embroidered-Budapest-2025","item"
"10184","44380","Sticker-StarLadder-Gold-Budapest-2025","item"
"10185","44381","Sticker-StarLadder-Holo-Budapest-2025","item"
"10186","44430","Sticker-B8-Budapest-2025","item"
"10187","44431","Sticker-B8-Embroidered-Budapest-2025","item"
"10188","44432","Sticker-B8-Gold-Budapest-2025","item"
"10189","44433","Sticker-B8-Holo-Budapest-2025","item"
"10190","44434","Sticker-FaZe-Clan-Budapest-2025","item"
"10191","44435","Sticker-FaZe-Clan-Embroidered-Budapest-2025","item"
"10192","44436","Sticker-FaZe-Clan-Gold-Budapest-2025","item"
"10193","44437","Sticker-FaZe-Clan-Holo-Budapest-2025","item"
"10194","44438","Sticker-Fluxo-Budapest-2025","item"
"10195","44439","Sticker-Fluxo-Embroidered-Budapest-2025","item"
"10196","44440","Sticker-Fluxo-Gold-Budapest-2025","item"
"10197","44441","Sticker-Fluxo-Holo-Budapest-2025","item"
"10198","44442","Sticker-FlyQuest-Budapest-2025","item"
"10199","44443","Sticker-FlyQuest-Embroidered-Budapest-2025","item"
"10200","44444","Sticker-FlyQuest-Gold-Budapest-2025","item"
"10201","44445","Sticker-FlyQuest-Holo-Budapest-2025","item"
"10202","44446","Sticker-fnatic-Budapest-2025","item"
"10203","44447","Sticker-fnatic-Embroidered-Budapest-2025","item"
"10204","44448","Sticker-fnatic-Gold-Budapest-2025","item"
"10205","44449","Sticker-fnatic-Holo-Budapest-2025","item"
"10206","44450","Sticker-GamerLegion-Budapest-2025","item"
"10207","44451","Sticker-GamerLegion-Embroidered-Budapest-2025","item"
"10208","44452","Sticker-GamerLegion-Gold-Budapest-2025","item"
"10209","44453","Sticker-GamerLegion-Holo-Budapest-2025","item"
"10210","44454","Sticker-Imperial-Esports-Budapest-2025","item"
"10211","44455","Sticker-Imperial-Esports-Embroidered-Budapest-2025","item"
"10212","44456","Sticker-Imperial-Esports-Gold-Budapest-2025","item"
"10213","44457","Sticker-Imperial-Esports-Holo-Budapest-2025","item"
"10214","44458","Sticker-Legacy-Budapest-2025","item"
"10215","44459","Sticker-Legacy-Embroidered-Budapest-2025","item"
"10216","44460","Sticker-Legacy-Gold-Budapest-2025","item"
"10217","44461","Sticker-Legacy-Holo-Budapest-2025","item"
"10218","44462","Sticker-Lynn-Vision-Budapest-2025","item"
"10219","44463","Sticker-Lynn-Vision-Embroidered-Budapest-2025","item"
"10220","44464","Sticker-Lynn-Vision-Gold-Budapest-2025","item"
"10221","44465","Sticker-Lynn-Vision-Holo-Budapest-2025","item"
"10222","44466","Sticker-M80-Budapest-2025","item"
"10223","44467","Sticker-M80-Embroidered-Budapest-2025","item"
"10224","44468","Sticker-M80-Gold-Budapest-2025","item"
"10225","44469","Sticker-M80-Holo-Budapest-2025","item"
"10226","44470","Sticker-Ninjas-in-Pyjamas-Budapest-2025","item"
"10227","44471","Sticker-Ninjas-in-Pyjamas-Embroidered-Budapest-2025","item"
"10228","44472","Sticker-Ninjas-in-Pyjamas-Gold-Budapest-2025","item"
"10229","44473","Sticker-Ninjas-in-Pyjamas-Holo-Budapest-2025","item"
"10230","44474","Sticker-NRG-Budapest-2025","item"
"10231","44475","Sticker-NRG-Embroidered-Budapest-2025","item"
"10232","44476","Sticker-NRG-Gold-Budapest-2025","item"
"10233","44477","Sticker-NRG-Holo-Budapest-2025","item"
"10234","44478","Sticker-PARIVISION-Budapest-2025","item"
"10235","44479","Sticker-PARIVISION-Embroidered-Budapest-2025","item"
"10236","44480","Sticker-PARIVISION-Gold-Budapest-2025","item"
"10237","44481","Sticker-PARIVISION-Holo-Budapest-2025","item"
"10238","44482","Sticker-Rare-Atom-Budapest-2025","item"
"10239","44483","Sticker-Rare-Atom-Embroidered-Budapest-2025","item"
"10240","44484","Sticker-Rare-Atom-Gold-Budapest-2025","item"
"10241","44485","Sticker-Rare-Atom-Holo-Budapest-2025","item"
"10242","44486","Sticker-RED-Canids-Budapest-2025","item"
"10243","44487","Sticker-RED-Canids-Embroidered-Budapest-2025","item"
"10244","44488","Sticker-RED-Canids-Gold-Budapest-2025","item"
"10245","44489","Sticker-RED-Canids-Holo-Budapest-2025","item"
"10246","44494","Sticker-The-Huns-Budapest-2025","item"
"10247","44495","Sticker-The-Huns-Embroidered-Budapest-2025","item"
"10248","44496","Sticker-The-Huns-Gold-Budapest-2025","item"
"10249","44497","Sticker-The-Huns-Holo-Budapest-2025","item"
"10250","44498","Sticker-910-Budapest-2025","item"
"10251","44499","Sticker-910-Embroidered-Budapest-2025","item"
"10252","44500","Sticker-910-Gold-Budapest-2025","item"
"10253","44501","Sticker-910-Holo-Budapest-2025","item"
"10254","44502","Sticker-apEX-Budapest-2025","item"
"10255","44503","Sticker-apEX-Embroidered-Budapest-2025","item"
"10256","44504","Sticker-apEX-Gold-Budapest-2025","item"
"10257","44505","Sticker-apEX-Holo-Budapest-2025","item"
"10258","44506","Sticker-biguzera-Budapest-2025","item"
"10259","44507","Sticker-biguzera-Embroidered-Budapest-2025","item"
"10260","44508","Sticker-biguzera-Gold-Budapest-2025","item"
"10261","44509","Sticker-biguzera-Holo-Budapest-2025","item"
"10262","44510","Sticker-bLitz-Budapest-2025","item"
"10263","44511","Sticker-bLitz-Embroidered-Budapest-2025","item"
"10264","44512","Sticker-bLitz-Gold-Budapest-2025","item"
"10265","44513","Sticker-bLitz-Holo-Budapest-2025","item"
"10266","44514","Sticker-Brollan-Budapest-2025","item"
"10267","44515","Sticker-Brollan-Embroidered-Budapest-2025","item"
"10268","44516","Sticker-Brollan-Gold-Budapest-2025","item"
"10269","44517","Sticker-Brollan-Holo-Budapest-2025","item"
"10270","44518","Sticker-chopper-Budapest-2025","item"
"10271","44519","Sticker-chopper-Embroidered-Budapest-2025","item"
"10272","44520","Sticker-chopper-Gold-Budapest-2025","item"
"10273","44521","Sticker-chopper-Holo-Budapest-2025","item"
"10274","44522","Sticker-dav1deuS-Budapest-2025","item"
"10275","44523","Sticker-dav1deuS-Embroidered-Budapest-2025","item"
"10276","44524","Sticker-dav1deuS-Gold-Budapest-2025","item"
"10277","44525","Sticker-dav1deuS-Holo-Budapest-2025","item"
"10278","44526","Sticker-dgt-Budapest-2025","item"
"10279","44527","Sticker-dgt-Embroidered-Budapest-2025","item"
"10280","44528","Sticker-dgt-Gold-Budapest-2025","item"
"10281","44529","Sticker-dgt-Holo-Budapest-2025","item"
"10282","44530","Sticker-donk-Budapest-2025","item"
"10283","44531","Sticker-donk-Embroidered-Budapest-2025","item"
"10284","44532","Sticker-donk-Gold-Budapest-2025","item"
"10285","44533","Sticker-donk-Holo-Budapest-2025","item"
"10286","44534","Sticker-FalleN-Budapest-2025","item"
"10287","44535","Sticker-FalleN-Embroidered-Budapest-2025","item"
"10288","44536","Sticker-FalleN-Gold-Budapest-2025","item"
"10289","44537","Sticker-FalleN-Holo-Budapest-2025","item"
"10290","44538","Sticker-FlameZ-Budapest-2025","item"
"10291","44539","Sticker-FlameZ-Embroidered-Budapest-2025","item"
"10292","44540","Sticker-FlameZ-Gold-Budapest-2025","item"
"10293","44541","Sticker-FlameZ-Holo-Budapest-2025","item"
"10294","44542","Sticker-Heavygod-Budapest-2025","item"
"10295","44543","Sticker-Heavygod-Embroidered-Budapest-2025","item"
"10296","44544","Sticker-Heavygod-Gold-Budapest-2025","item"
"10297","44545","Sticker-Heavygod-Holo-Budapest-2025","item"
"10298","44546","Sticker-huNter--Budapest-2025","item"
"10299","44547","Sticker-huNter--Embroidered-Budapest-2025","item"
"10300","44548","Sticker-huNter--Gold-Budapest-2025","item"
"10301","44549","Sticker-huNter--Holo-Budapest-2025","item"
"10302","44550","Sticker-Jimpphat-Budapest-2025","item"
"10303","44551","Sticker-Jimpphat-Embroidered-Budapest-2025","item"
"10304","44552","Sticker-Jimpphat-Gold-Budapest-2025","item"
"10305","44553","Sticker-Jimpphat-Holo-Budapest-2025","item"
"10306","44554","Sticker-KSCERATO-Budapest-2025","item"
"10307","44555","Sticker-KSCERATO-Embroidered-Budapest-2025","item"
"10308","44556","Sticker-KSCERATO-Gold-Budapest-2025","item"
"10309","44557","Sticker-KSCERATO-Holo-Budapest-2025","item"
"10310","44558","Sticker-kyousuke-Budapest-2025","item"
"10311","44559","Sticker-kyousuke-Embroidered-Budapest-2025","item"
"10312","44560","Sticker-kyousuke-Gold-Budapest-2025","item"
"10313","44561","Sticker-kyousuke-Holo-Budapest-2025","item"
"10314","44562","Sticker-kyxsan-Budapest-2025","item"
"10315","44563","Sticker-kyxsan-Embroidered-Budapest-2025","item"
"10316","44564","Sticker-kyxsan-Gold-Budapest-2025","item"
"10317","44565","Sticker-kyxsan-Holo-Budapest-2025","item"
"10318","44566","Sticker-m0NESY-Budapest-2025","item"
"10319","44567","Sticker-m0NESY-Embroidered-Budapest-2025","item"
"10320","44568","Sticker-m0NESY-Gold-Budapest-2025","item"
"10321","44569","Sticker-m0NESY-Holo-Budapest-2025","item"
"10322","44570","Sticker-malbsMd-Budapest-2025","item"
"10323","44571","Sticker-malbsMd-Embroidered-Budapest-2025","item"
"10324","44572","Sticker-malbsMd-Gold-Budapest-2025","item"
"10325","44573","Sticker-malbsMd-Holo-Budapest-2025","item"
"10326","44574","Sticker-MATYS-Budapest-2025","item"
"10327","44575","Sticker-MATYS-Embroidered-Budapest-2025","item"
"10328","44576","Sticker-MATYS-Gold-Budapest-2025","item"
"10329","44577","Sticker-MATYS-Holo-Budapest-2025","item"
"10330","44578","Sticker-mezii-Budapest-2025","item"
"10331","44579","Sticker-mezii-Embroidered-Budapest-2025","item"
"10332","44580","Sticker-mezii-Gold-Budapest-2025","item"
"10333","44581","Sticker-mezii-Holo-Budapest-2025","item"
"10334","44582","Sticker-molodoy-Budapest-2025","item"
"10335","44583","Sticker-molodoy-Embroidered-Budapest-2025","item"
"10336","44584","Sticker-molodoy-Gold-Budapest-2025","item"
"10337","44585","Sticker-molodoy-Holo-Budapest-2025","item"
"10338","44586","Sticker-mzinho-Budapest-2025","item"
"10339","44587","Sticker-mzinho-Embroidered-Budapest-2025","item"
"10340","44588","Sticker-mzinho-Gold-Budapest-2025","item"
"10341","44589","Sticker-mzinho-Holo-Budapest-2025","item"
"10342","44590","Sticker-NiKo-Budapest-2025","item"
"10343","44591","Sticker-NiKo-Embroidered-Budapest-2025","item"
"10344","44592","Sticker-NiKo-Gold-Budapest-2025","item"
"10345","44593","Sticker-NiKo-Holo-Budapest-2025","item"
"10346","44594","Sticker-NQZ-Budapest-2025","item"
"10347","44595","Sticker-NQZ-Embroidered-Budapest-2025","item"
"10348","44596","Sticker-NQZ-Gold-Budapest-2025","item"
"10349","44597","Sticker-NQZ-Holo-Budapest-2025","item"
"10350","44598","Sticker-ropz-Budapest-2025","item"
"10351","44599","Sticker-ropz-Embroidered-Budapest-2025","item"
"10352","44600","Sticker-ropz-Gold-Budapest-2025","item"
"10353","44601","Sticker-ropz-Holo-Budapest-2025","item"
"10354","44602","Sticker-Senzu-Budapest-2025","item"
"10355","44603","Sticker-Senzu-Embroidered-Budapest-2025","item"
"10356","44604","Sticker-Senzu-Gold-Budapest-2025","item"
"10357","44605","Sticker-Senzu-Holo-Budapest-2025","item"
"10358","44606","Sticker-sh1ro-Budapest-2025","item"
"10359","44607","Sticker-sh1ro-Embroidered-Budapest-2025","item"
"10360","44608","Sticker-sh1ro-Gold-Budapest-2025","item"
"10361","44609","Sticker-sh1ro-Holo-Budapest-2025","item"
"10362","44610","Sticker-snow-Budapest-2025","item"
"10363","44611","Sticker-snow-Embroidered-Budapest-2025","item"
"10364","44612","Sticker-snow-Gold-Budapest-2025","item"
"10365","44613","Sticker-snow-Holo-Budapest-2025","item"
"10366","44614","Sticker-Spinx-Budapest-2025","item"
"10367","44615","Sticker-Spinx-Embroidered-Budapest-2025","item"
"10368","44616","Sticker-Spinx-Gold-Budapest-2025","item"
"10369","44617","Sticker-Spinx-Holo-Budapest-2025","item"
"10370","44618","Sticker-SunPayus-Budapest-2025","item"
"10371","44619","Sticker-SunPayus-Embroidered-Budapest-2025","item"
"10372","44620","Sticker-SunPayus-Gold-Budapest-2025","item"
"10373","44621","Sticker-SunPayus-Holo-Budapest-2025","item"
"10374","44622","Sticker-Techno4K-Budapest-2025","item"
"10375","44623","Sticker-Techno4K-Embroidered-Budapest-2025","item"
"10376","44624","Sticker-Techno4K-Gold-Budapest-2025","item"
"10377","44625","Sticker-Techno4K-Holo-Budapest-2025","item"
"10378","44626","Sticker-TeSeS-Budapest-2025","item"
"10379","44627","Sticker-TeSeS-Embroidered-Budapest-2025","item"
"10380","44628","Sticker-TeSeS-Gold-Budapest-2025","item"
"10381","44629","Sticker-TeSeS-Holo-Budapest-2025","item"
"10382","44630","Sticker-torzsi-Budapest-2025","item"
"10383","44631","Sticker-torzsi-Embroidered-Budapest-2025","item"
"10384","44632","Sticker-torzsi-Gold-Budapest-2025","item"
"10385","44633","Sticker-torzsi-Holo-Budapest-2025","item"
"10386","44634","Sticker-xertioN-Budapest-2025","item"
"10387","44635","Sticker-xertioN-Embroidered-Budapest-2025","item"
"10388","44636","Sticker-xertioN-Gold-Budapest-2025","item"
"10389","44637","Sticker-xertioN-Holo-Budapest-2025","item"
"10390","44638","Sticker-YEKINDAR-Budapest-2025","item"
"10391","44639","Sticker-YEKINDAR-Embroidered-Budapest-2025","item"
"10392","44640","Sticker-YEKINDAR-Gold-Budapest-2025","item"
"10393","44641","Sticker-YEKINDAR-Holo-Budapest-2025","item"
"10394","44642","Sticker-yuurih-Budapest-2025","item"
"10395","44643","Sticker-yuurih-Embroidered-Budapest-2025","item"
"10396","44644","Sticker-yuurih-Gold-Budapest-2025","item"
"10397","44645","Sticker-yuurih-Holo-Budapest-2025","item"
"10398","44646","Sticker-zont1x-Budapest-2025","item"
"10399","44647","Sticker-zont1x-Embroidered-Budapest-2025","item"
"10400","44648","Sticker-zont1x-Gold-Budapest-2025","item"
"10401","44649","Sticker-zont1x-Holo-Budapest-2025","item"
"10402","44650","Sticker-zweih-Budapest-2025","item"
"10403","44651","Sticker-zweih-Embroidered-Budapest-2025","item"
"10404","44652","Sticker-zweih-Gold-Budapest-2025","item"
"10405","44653","Sticker-zweih-Holo-Budapest-2025","item"
"10406","44654","Sticker-ZywOo-Budapest-2025","item"
"10407","44655","Sticker-ZywOo-Embroidered-Budapest-2025","item"
"10408","44656","Sticker-ZywOo-Gold-Budapest-2025","item"
"10409","44657","Sticker-ZywOo-Holo-Budapest-2025","item"
"10410","44658","Sticker-Aleksib-Budapest-2025","item"
"10411","44659","Sticker-Aleksib-Embroidered-Budapest-2025","item"
"10412","44660","Sticker-Aleksib-Gold-Budapest-2025","item"
"10413","44661","Sticker-Aleksib-Holo-Budapest-2025","item"
"10414","44662","Sticker-Attacker-Budapest-2025","item"
"10415","44663","Sticker-Attacker-Embroidered-Budapest-2025","item"
"10416","44664","Sticker-Attacker-Gold-Budapest-2025","item"
"10417","44665","Sticker-Attacker-Holo-Budapest-2025","item"
"10418","44666","Sticker-b1t-Budapest-2025","item"
"10419","44667","Sticker-b1t-Embroidered-Budapest-2025","item"
"10420","44668","Sticker-b1t-Gold-Budapest-2025","item"
"10421","44669","Sticker-b1t-Holo-Budapest-2025","item"
"10422","44670","Sticker-bodyy-Budapest-2025","item"
"10423","44671","Sticker-bodyy-Embroidered-Budapest-2025","item"
"10424","44672","Sticker-bodyy-Gold-Budapest-2025","item"
"10425","44673","Sticker-bodyy-Holo-Budapest-2025","item"
"10426","44674","Sticker-brnz4n-Budapest-2025","item"
"10427","44675","Sticker-brnz4n-Embroidered-Budapest-2025","item"
"10428","44676","Sticker-brnz4n-Gold-Budapest-2025","item"
"10429","44677","Sticker-brnz4n-Holo-Budapest-2025","item"
"10430","44678","Sticker-device-Budapest-2025","item"
"10431","44679","Sticker-device-Embroidered-Budapest-2025","item"
"10432","44680","Sticker-device-Gold-Budapest-2025","item"
"10433","44681","Sticker-device-Holo-Budapest-2025","item"
"10434","44682","Sticker-EliGE-Budapest-2025","item"
"10435","44683","Sticker-EliGE-Embroidered-Budapest-2025","item"
"10436","44684","Sticker-EliGE-Gold-Budapest-2025","item"
"10437","44685","Sticker-EliGE-Holo-Budapest-2025","item"
"10438","44686","Sticker-Ex3rcice-Budapest-2025","item"
"10439","44687","Sticker-Ex3rcice-Embroidered-Budapest-2025","item"
"10440","44688","Sticker-Ex3rcice-Gold-Budapest-2025","item"
"10441","44689","Sticker-Ex3rcice-Holo-Budapest-2025","item"
"10442","44690","Sticker-exit-Budapest-2025","item"
"10443","44691","Sticker-exit-Embroidered-Budapest-2025","item"
"10444","44692","Sticker-exit-Gold-Budapest-2025","item"
"10445","44693","Sticker-exit-Holo-Budapest-2025","item"
"10446","44694","Sticker-Graviti-Budapest-2025","item"
"10447","44695","Sticker-Graviti-Embroidered-Budapest-2025","item"
"10448","44696","Sticker-Graviti-Gold-Budapest-2025","item"
"10449","44697","Sticker-Graviti-Holo-Budapest-2025","item"
"10450","44698","Sticker-Grim-Budapest-2025","item"
"10451","44699","Sticker-Grim-Embroidered-Budapest-2025","item"
"10452","44700","Sticker-Grim-Gold-Budapest-2025","item"
"10453","44701","Sticker-Grim-Holo-Budapest-2025","item"
"10454","44702","Sticker-hallzerk-Budapest-2025","item"
"10455","44703","Sticker-hallzerk-Embroidered-Budapest-2025","item"
"10456","44704","Sticker-hallzerk-Gold-Budapest-2025","item"
"10457","44705","Sticker-hallzerk-Holo-Budapest-2025","item"
"10458","44706","Sticker-HooXi-Budapest-2025","item"
"10459","44707","Sticker-HooXi-Embroidered-Budapest-2025","item"
"10460","44708","Sticker-HooXi-Gold-Budapest-2025","item"
"10461","44709","Sticker-HooXi-Holo-Budapest-2025","item"
"10462","44710","Sticker-iM-Budapest-2025","item"
"10463","44711","Sticker-iM-Embroidered-Budapest-2025","item"
"10464","44712","Sticker-iM-Gold-Budapest-2025","item"
"10465","44713","Sticker-iM-Holo-Budapest-2025","item"
"10466","44714","Sticker-insani-Budapest-2025","item"
"10467","44715","Sticker-insani-Embroidered-Budapest-2025","item"
"10468","44716","Sticker-insani-Gold-Budapest-2025","item"
"10469","44717","Sticker-insani-Holo-Budapest-2025","item"
"10470","44718","Sticker-jabbi-Budapest-2025","item"
"10471","44719","Sticker-jabbi-Embroidered-Budapest-2025","item"
"10472","44720","Sticker-jabbi-Gold-Budapest-2025","item"
"10473","44721","Sticker-jabbi-Holo-Budapest-2025","item"
"10474","44722","Sticker-JamYoung-Budapest-2025","item"
"10475","44723","Sticker-JamYoung-Embroidered-Budapest-2025","item"
"10476","44724","Sticker-JamYoung-Gold-Budapest-2025","item"
"10477","44725","Sticker-JamYoung-Holo-Budapest-2025","item"
"10478","44726","Sticker-Jee-Budapest-2025","item"
"10479","44727","Sticker-Jee-Embroidered-Budapest-2025","item"
"10480","44728","Sticker-Jee-Gold-Budapest-2025","item"
"10481","44729","Sticker-Jee-Holo-Budapest-2025","item"
"10482","44730","Sticker-jottAAA-Budapest-2025","item"
"10483","44731","Sticker-jottAAA-Embroidered-Budapest-2025","item"
"10484","44732","Sticker-jottAAA-Gold-Budapest-2025","item"
"10485","44733","Sticker-jottAAA-Holo-Budapest-2025","item"
"10486","44734","Sticker-JT-Budapest-2025","item"
"10487","44735","Sticker-JT-Embroidered-Budapest-2025","item"
"10488","44736","Sticker-JT-Gold-Budapest-2025","item"
"10489","44737","Sticker-JT-Holo-Budapest-2025","item"
"10490","44738","Sticker-kl1m-Budapest-2025","item"
"10491","44739","Sticker-kl1m-Embroidered-Budapest-2025","item"
"10492","44740","Sticker-kl1m-Gold-Budapest-2025","item"
"10493","44741","Sticker-kl1m-Holo-Budapest-2025","item"
"10494","44742","Sticker-Kvem-Budapest-2025","item"
"10495","44743","Sticker-Kvem-Embroidered-Budapest-2025","item"
"10496","44744","Sticker-Kvem-Gold-Budapest-2025","item"
"10497","44745","Sticker-Kvem-Holo-Budapest-2025","item"
"10498","44746","Sticker-Lucky-Budapest-2025","item"
"10499","44747","Sticker-Lucky-Embroidered-Budapest-2025","item"
"10500","44748","Sticker-Lucky-Gold-Budapest-2025","item"
"10501","44749","Sticker-Lucky-Holo-Budapest-2025","item"
"10502","44750","Sticker-Magisk-Budapest-2025","item"
"10503","44751","Sticker-Magisk-Embroidered-Budapest-2025","item"
"10504","44752","Sticker-Magisk-Gold-Budapest-2025","item"
"10505","44753","Sticker-Magisk-Holo-Budapest-2025","item"
"10506","44754","Sticker-MAJ3R-Budapest-2025","item"
"10507","44755","Sticker-MAJ3R-Embroidered-Budapest-2025","item"
"10508","44756","Sticker-MAJ3R-Gold-Budapest-2025","item"
"10509","44757","Sticker-MAJ3R-Holo-Budapest-2025","item"
"10510","44758","Sticker-Maka-Budapest-2025","item"
"10511","44759","Sticker-Maka-Embroidered-Budapest-2025","item"
"10512","44760","Sticker-Maka-Gold-Budapest-2025","item"
"10513","44761","Sticker-Maka-Holo-Budapest-2025","item"
"10514","44762","Sticker-makazze-Budapest-2025","item"
"10515","44763","Sticker-makazze-Embroidered-Budapest-2025","item"
"10516","44764","Sticker-makazze-Gold-Budapest-2025","item"
"10517","44765","Sticker-makazze-Holo-Budapest-2025","item"
"10518","44766","Sticker-Mercury-Budapest-2025","item"
"10519","44767","Sticker-Mercury-Embroidered-Budapest-2025","item"
"10520","44768","Sticker-Mercury-Gold-Budapest-2025","item"
"10521","44769","Sticker-Mercury-Holo-Budapest-2025","item"
"10522","44770","Sticker-Moseyuh-Budapest-2025","item"
"10523","44771","Sticker-Moseyuh-Embroidered-Budapest-2025","item"
"10524","44772","Sticker-Moseyuh-Gold-Budapest-2025","item"
"10525","44773","Sticker-Moseyuh-Holo-Budapest-2025","item"
"10526","44774","Sticker-NAF-Budapest-2025","item"
"10527","44775","Sticker-NAF-Embroidered-Budapest-2025","item"
"10528","44776","Sticker-NAF-Gold-Budapest-2025","item"
"10529","44777","Sticker-NAF-Holo-Budapest-2025","item"
"10530","44778","Sticker-NertZ-Budapest-2025","item"
"10531","44779","Sticker-NertZ-Embroidered-Budapest-2025","item"
"10532","44780","Sticker-NertZ-Gold-Budapest-2025","item"
"10533","44781","Sticker-NertZ-Holo-Budapest-2025","item"
"10534","44782","Sticker-nicx-Budapest-2025","item"
"10535","44783","Sticker-nicx-Embroidered-Budapest-2025","item"
"10536","44784","Sticker-nicx-Gold-Budapest-2025","item"
"10537","44785","Sticker-nicx-Holo-Budapest-2025","item"
"10538","44786","Sticker-qikert-Budapest-2025","item"
"10539","44787","Sticker-qikert-Embroidered-Budapest-2025","item"
"10540","44788","Sticker-qikert-Gold-Budapest-2025","item"
"10541","44789","Sticker-qikert-Holo-Budapest-2025","item"
"10542","44790","Sticker-siuhy-Budapest-2025","item"
"10543","44791","Sticker-siuhy-Embroidered-Budapest-2025","item"
"10544","44792","Sticker-siuhy-Gold-Budapest-2025","item"
"10545","44793","Sticker-siuhy-Holo-Budapest-2025","item"
"10546","44794","Sticker-Staehr-Budapest-2025","item"
"10547","44795","Sticker-Staehr-Embroidered-Budapest-2025","item"
"10548","44796","Sticker-Staehr-Gold-Budapest-2025","item"
"10549","44797","Sticker-Staehr-Holo-Budapest-2025","item"
"10550","44798","Sticker-ultimate-Budapest-2025","item"
"10551","44799","Sticker-ultimate-Embroidered-Budapest-2025","item"
"10552","44800","Sticker-ultimate-Gold-Budapest-2025","item"
"10553","44801","Sticker-ultimate-Holo-Budapest-2025","item"
"10554","44802","Sticker-w0nderful-Budapest-2025","item"
"10555","44803","Sticker-w0nderful-Embroidered-Budapest-2025","item"
"10556","44804","Sticker-w0nderful-Gold-Budapest-2025","item"
"10557","44805","Sticker-w0nderful-Holo-Budapest-2025","item"
"10558","44806","Sticker-Wicadia-Budapest-2025","item"
"10559","44807","Sticker-Wicadia-Embroidered-Budapest-2025","item"
"10560","44808","Sticker-Wicadia-Gold-Budapest-2025","item"
"10561","44809","Sticker-Wicadia-Holo-Budapest-2025","item"
"10562","44810","Sticker-woxic-Budapest-2025","item"
"10563","44811","Sticker-woxic-Embroidered-Budapest-2025","item"
"10564","44812","Sticker-woxic-Gold-Budapest-2025","item"
"10565","44813","Sticker-woxic-Holo-Budapest-2025","item"
"10566","44814","Sticker-XANTARES-Budapest-2025","item"
"10567","44815","Sticker-XANTARES-Embroidered-Budapest-2025","item"
"10568","44816","Sticker-XANTARES-Gold-Budapest-2025","item"
"10569","44817","Sticker-XANTARES-Holo-Budapest-2025","item"
"10570","44818","Sticker-alex666-Budapest-2025","item"
"10571","44819","Sticker-alex666-Embroidered-Budapest-2025","item"
"10572","44820","Sticker-alex666-Gold-Budapest-2025","item"
"10573","44821","Sticker-alex666-Holo-Budapest-2025","item"
"10574","44822","Sticker-arT-Budapest-2025","item"
"10575","44823","Sticker-arT-Embroidered-Budapest-2025","item"
"10576","44824","Sticker-arT-Gold-Budapest-2025","item"
"10577","44825","Sticker-arT-Holo-Budapest-2025","item"
"10578","44826","Sticker-AW-Budapest-2025","item"
"10579","44827","Sticker-AW-Embroidered-Budapest-2025","item"
"10580","44828","Sticker-AW-Gold-Budapest-2025","item"
"10581","44829","Sticker-AW-Holo-Budapest-2025","item"
"10582","44830","Sticker-Bart4k-Budapest-2025","item"
"10583","44831","Sticker-Bart4k-Embroidered-Budapest-2025","item"
"10584","44832","Sticker-Bart4k-Gold-Budapest-2025","item"
"10585","44833","Sticker-Bart4k-Holo-Budapest-2025","item"
"10586","44834","Sticker-BELCHONOKK-Budapest-2025","item"
"10587","44835","Sticker-BELCHONOKK-Embroidered-Budapest-2025","item"
"10588","44836","Sticker-BELCHONOKK-Gold-Budapest-2025","item"
"10589","44837","Sticker-BELCHONOKK-Holo-Budapest-2025","item"
"10590","44838","Sticker-blameF-Budapest-2025","item"
"10591","44839","Sticker-blameF-Embroidered-Budapest-2025","item"
"10592","44840","Sticker-blameF-Gold-Budapest-2025","item"
"10593","44841","Sticker-blameF-Holo-Budapest-2025","item"
"10594","44842","Sticker-br0-Budapest-2025","item"
"10595","44843","Sticker-br0-Embroidered-Budapest-2025","item"
"10596","44844","Sticker-br0-Gold-Budapest-2025","item"
"10597","44845","Sticker-br0-Holo-Budapest-2025","item"
"10598","44846","Sticker-broky-Budapest-2025","item"
"10599","44847","Sticker-broky-Embroidered-Budapest-2025","item"
"10600","44848","Sticker-broky-Gold-Budapest-2025","item"
"10601","44849","Sticker-broky-Holo-Budapest-2025","item"
"10602","44850","Sticker-C4LLM3SU3-Budapest-2025","item"
"10603","44851","Sticker-C4LLM3SU3-Embroidered-Budapest-2025","item"
"10604","44852","Sticker-C4LLM3SU3-Gold-Budapest-2025","item"
"10605","44853","Sticker-C4LLM3SU3-Holo-Budapest-2025","item"
"10606","44854","Sticker-chayJESUS-Budapest-2025","item"
"10607","44855","Sticker-chayJESUS-Embroidered-Budapest-2025","item"
"10608","44856","Sticker-chayJESUS-Gold-Budapest-2025","item"
"10609","44857","Sticker-chayJESUS-Holo-Budapest-2025","item"
"10610","44858","Sticker-chelo-Budapest-2025","item"
"10611","44859","Sticker-chelo-Embroidered-Budapest-2025","item"
"10612","44860","Sticker-chelo-Gold-Budapest-2025","item"
"10613","44861","Sticker-chelo-Holo-Budapest-2025","item"
"10614","44862","Sticker-ChildKing-Budapest-2025","item"
"10615","44863","Sticker-ChildKing-Embroidered-Budapest-2025","item"
"10616","44864","Sticker-ChildKing-Gold-Budapest-2025","item"
"10617","44865","Sticker-ChildKing-Holo-Budapest-2025","item"
"10618","44866","Sticker-cobra-Budapest-2025","item"
"10619","44867","Sticker-cobra-Embroidered-Budapest-2025","item"
"10620","44868","Sticker-cobra-Gold-Budapest-2025","item"
"10621","44869","Sticker-cobra-Holo-Budapest-2025","item"
"10622","44870","Sticker-Cypher-Budapest-2025","item"
"10623","44871","Sticker-Cypher-Embroidered-Budapest-2025","item"
"10624","44872","Sticker-Cypher-Gold-Budapest-2025","item"
"10625","44873","Sticker-Cypher-Holo-Budapest-2025","item"
"10626","44874","Sticker-decenty-Budapest-2025","item"
"10627","44875","Sticker-decenty-Embroidered-Budapest-2025","item"
"10628","44876","Sticker-decenty-Gold-Budapest-2025","item"
"10629","44877","Sticker-decenty-Holo-Budapest-2025","item"
"10630","44878","Sticker-drop-Budapest-2025","item"
"10631","44879","Sticker-drop-Embroidered-Budapest-2025","item"
"10632","44880","Sticker-drop-Gold-Budapest-2025","item"
"10633","44881","Sticker-drop-Holo-Budapest-2025","item"
"10634","44882","Sticker-dumau-Budapest-2025","item"
"10635","44883","Sticker-dumau-Embroidered-Budapest-2025","item"
"10636","44884","Sticker-dumau-Gold-Budapest-2025","item"
"10637","44885","Sticker-dumau-Holo-Budapest-2025","item"
"10638","44886","Sticker-EmiliaQAQ-Budapest-2025","item"
"10639","44887","Sticker-EmiliaQAQ-Embroidered-Budapest-2025","item"
"10640","44888","Sticker-EmiliaQAQ-Gold-Budapest-2025","item"
"10641","44889","Sticker-EmiliaQAQ-Holo-Budapest-2025","item"
"10642","44890","Sticker-esenthial-Budapest-2025","item"
"10643","44891","Sticker-esenthial-Embroidered-Budapest-2025","item"
"10644","44892","Sticker-esenthial-Gold-Budapest-2025","item"
"10645","44893","Sticker-esenthial-Holo-Budapest-2025","item"
"10646","44894","Sticker-ewjerkz-Budapest-2025","item"
"10647","44895","Sticker-ewjerkz-Embroidered-Budapest-2025","item"
"10648","44896","Sticker-ewjerkz-Gold-Budapest-2025","item"
"10649","44897","Sticker-ewjerkz-Holo-Budapest-2025","item"
"10650","44898","Sticker-fEAR-Budapest-2025","item"
"10651","44899","Sticker-fEAR-Embroidered-Budapest-2025","item"
"10652","44900","Sticker-fEAR-Gold-Budapest-2025","item"
"10653","44901","Sticker-fEAR-Holo-Budapest-2025","item"
"10654","44902","Sticker-frozen-Budapest-2025","item"
"10655","44903","Sticker-frozen-Embroidered-Budapest-2025","item"
"10656","44904","Sticker-frozen-Gold-Budapest-2025","item"
"10657","44905","Sticker-frozen-Holo-Budapest-2025","item"
"10658","44906","Sticker-headtr1ck-Budapest-2025","item"
"10659","44907","Sticker-headtr1ck-Embroidered-Budapest-2025","item"
"10660","44908","Sticker-headtr1ck-Gold-Budapest-2025","item"
"10661","44909","Sticker-headtr1ck-Holo-Budapest-2025","item"
"10662","44910","Sticker-HexT-Budapest-2025","item"
"10663","44911","Sticker-HexT-Embroidered-Budapest-2025","item"
"10664","44912","Sticker-HexT-Gold-Budapest-2025","item"
"10665","44913","Sticker-HexT-Holo-Budapest-2025","item"
"10666","44914","Sticker-History-Budapest-2025","item"
"10667","44915","Sticker-History-Embroidered-Budapest-2025","item"
"10668","44916","Sticker-History-Gold-Budapest-2025","item"
"10669","44917","Sticker-History-Holo-Budapest-2025","item"
"10670","44918","Sticker-INS-Budapest-2025","item"
"10671","44919","Sticker-INS-Embroidered-Budapest-2025","item"
"10672","44920","Sticker-INS-Gold-Budapest-2025","item"
"10673","44921","Sticker-INS-Holo-Budapest-2025","item"
"10674","44922","Sticker-jambo-Budapest-2025","item"
"10675","44923","Sticker-jambo-Embroidered-Budapest-2025","item"
"10676","44924","Sticker-jambo-Gold-Budapest-2025","item"
"10677","44925","Sticker-jambo-Holo-Budapest-2025","item"
"10678","44926","Sticker-Jame-Budapest-2025","item"
"10679","44927","Sticker-Jame-Embroidered-Budapest-2025","item"
"10680","44928","Sticker-Jame-Gold-Budapest-2025","item"
"10681","44929","Sticker-Jame-Holo-Budapest-2025","item"
"10682","44930","Sticker-jcobbb-Budapest-2025","item"
"10683","44931","Sticker-jcobbb-Embroidered-Budapest-2025","item"
"10684","44932","Sticker-jcobbb-Gold-Budapest-2025","item"
"10685","44933","Sticker-jcobbb-Holo-Budapest-2025","item"
"10686","44934","Sticker-jeorge-Budapest-2025","item"
"10687","44935","Sticker-jeorge-Embroidered-Budapest-2025","item"
"10688","44936","Sticker-jeorge-Gold-Budapest-2025","item"
"10689","44937","Sticker-jeorge-Holo-Budapest-2025","item"
"10690","44938","Sticker-jks-Budapest-2025","item"
"10691","44939","Sticker-jks-Embroidered-Budapest-2025","item"
"10692","44940","Sticker-jks-Gold-Budapest-2025","item"
"10693","44941","Sticker-jks-Holo-Budapest-2025","item"
"10694","44942","Sticker-karrigan-Budapest-2025","item"
"10695","44943","Sticker-karrigan-Embroidered-Budapest-2025","item"
"10696","44944","Sticker-karrigan-Gold-Budapest-2025","item"
"10697","44945","Sticker-karrigan-Holo-Budapest-2025","item"
"10698","44946","Sticker-kauez-Budapest-2025","item"
"10699","44947","Sticker-kauez-Embroidered-Budapest-2025","item"
"10700","44948","Sticker-kauez-Gold-Budapest-2025","item"
"10701","44949","Sticker-kauez-Holo-Budapest-2025","item"
"10702","44950","Sticker-kensizor-Budapest-2025","item"
"10703","44951","Sticker-kensizor-Embroidered-Budapest-2025","item"
"10704","44952","Sticker-kensizor-Gold-Budapest-2025","item"
"10705","44953","Sticker-kensizor-Holo-Budapest-2025","item"
"10706","44954","Sticker-KRIMZ-Budapest-2025","item"
"10707","44955","Sticker-KRIMZ-Embroidered-Budapest-2025","item"
"10708","44956","Sticker-KRIMZ-Gold-Budapest-2025","item"
"10709","44957","Sticker-KRIMZ-Holo-Budapest-2025","item"
"10710","44958","Sticker-Kursy-Budapest-2025","item"
"10711","44959","Sticker-Kursy-Embroidered-Budapest-2025","item"
"10712","44960","Sticker-Kursy-Gold-Budapest-2025","item"
"10713","44961","Sticker-Kursy-Holo-Budapest-2025","item"
"10714","44962","Sticker-kye-Budapest-2025","item"
"10715","44963","Sticker-kye-Embroidered-Budapest-2025","item"
"10716","44964","Sticker-kye-Gold-Budapest-2025","item"
"10717","44965","Sticker-kye-Holo-Budapest-2025","item"
"10718","44966","Sticker-L1haNg-Budapest-2025","item"
"10719","44967","Sticker-L1haNg-Embroidered-Budapest-2025","item"
"10720","44968","Sticker-L1haNg-Gold-Budapest-2025","item"
"10721","44969","Sticker-L1haNg-Holo-Budapest-2025","item"
"10722","44970","Sticker-Lake-Budapest-2025","item"
"10723","44971","Sticker-Lake-Embroidered-Budapest-2025","item"
"10724","44972","Sticker-Lake-Gold-Budapest-2025","item"
"10725","44973","Sticker-Lake-Holo-Budapest-2025","item"
"10726","44974","Sticker-latto-Budapest-2025","item"
"10727","44975","Sticker-latto-Embroidered-Budapest-2025","item"
"10728","44976","Sticker-latto-Gold-Budapest-2025","item"
"10729","44977","Sticker-latto-Holo-Budapest-2025","item"
"10730","44978","Sticker-Lucaozy-Budapest-2025","item"
"10731","44979","Sticker-Lucaozy-Embroidered-Budapest-2025","item"
"10732","44980","Sticker-Lucaozy-Gold-Budapest-2025","item"
"10733","44981","Sticker-Lucaozy-Holo-Budapest-2025","item"
"10734","44982","Sticker-lux-Budapest-2025","item"
"10735","44983","Sticker-lux-Embroidered-Budapest-2025","item"
"10736","44984","Sticker-lux-Gold-Budapest-2025","item"
"10737","44985","Sticker-lux-Holo-Budapest-2025","item"
"10738","44986","Sticker-Marek-Budapest-2025","item"
"10739","44987","Sticker-Marek-Embroidered-Budapest-2025","item"
"10740","44988","Sticker-Marek-Gold-Budapest-2025","item"
"10741","44989","Sticker-Marek-Holo-Budapest-2025","item"
"10742","44990","Sticker-n1ssim-Budapest-2025","item"
"10743","44991","Sticker-n1ssim-Embroidered-Budapest-2025","item"
"10744","44992","Sticker-n1ssim-Gold-Budapest-2025","item"
"10745","44993","Sticker-n1ssim-Holo-Budapest-2025","item"
"10746","44994","Sticker-nettik-Budapest-2025","item"
"10747","44995","Sticker-nettik-Embroidered-Budapest-2025","item"
"10748","44996","Sticker-nettik-Gold-Budapest-2025","item"
"10749","44997","Sticker-nettik-Holo-Budapest-2025","item"
"10750","44998","Sticker-nin9-Budapest-2025","item"
"10751","44999","Sticker-nin9-Embroidered-Budapest-2025","item"
"10752","45000","Sticker-nin9-Gold-Budapest-2025","item"
"10753","45001","Sticker-nin9-Holo-Budapest-2025","item"
"10754","45002","Sticker-nitr0-Budapest-2025","item"
"10755","45003","Sticker-nitr0-Embroidered-Budapest-2025","item"
"10756","45004","Sticker-nitr0-Gold-Budapest-2025","item"
"10757","45005","Sticker-nitr0-Holo-Budapest-2025","item"
"10758","45006","Sticker-nota-Budapest-2025","item"
"10759","45007","Sticker-nota-Embroidered-Budapest-2025","item"
"10760","45008","Sticker-nota-Gold-Budapest-2025","item"
"10761","45009","Sticker-nota-Holo-Budapest-2025","item"
"10762","45010","Sticker-noway-Budapest-2025","item"
"10763","45011","Sticker-noway-Embroidered-Budapest-2025","item"
"10764","45012","Sticker-noway-Gold-Budapest-2025","item"
"10765","45013","Sticker-noway-Holo-Budapest-2025","item"
"10766","45014","Sticker-npl-Budapest-2025","item"
"10767","45015","Sticker-npl-Embroidered-Budapest-2025","item"
"10768","45016","Sticker-npl-Gold-Budapest-2025","item"
"10769","45017","Sticker-npl-Holo-Budapest-2025","item"
"10770","45018","Sticker-PR-Budapest-2025","item"
"10771","45019","Sticker-PR-Embroidered-Budapest-2025","item"
"10772","45020","Sticker-PR-Gold-Budapest-2025","item"
"10773","45021","Sticker-PR-Holo-Budapest-2025","item"
"10774","45022","Sticker-r1nkle-Budapest-2025","item"
"10775","45023","Sticker-r1nkle-Embroidered-Budapest-2025","item"
"10776","45024","Sticker-r1nkle-Gold-Budapest-2025","item"
"10777","45025","Sticker-r1nkle-Holo-Budapest-2025","item"
"10778","45026","Sticker-rain-Budapest-2025","item"
"10779","45027","Sticker-rain-Embroidered-Budapest-2025","item"
"10780","45028","Sticker-rain-Gold-Budapest-2025","item"
"10781","45029","Sticker-rain-Holo-Budapest-2025","item"
"10782","45030","Sticker-regali-Budapest-2025","item"
"10783","45031","Sticker-regali-Embroidered-Budapest-2025","item"
"10784","45032","Sticker-regali-Gold-Budapest-2025","item"
"10785","45033","Sticker-regali-Holo-Budapest-2025","item"
"10786","45034","Sticker-REZ-Budapest-2025","item"
"10787","45035","Sticker-REZ-Embroidered-Budapest-2025","item"
"10788","45036","Sticker-REZ-Gold-Budapest-2025","item"
"10789","45037","Sticker-REZ-Holo-Budapest-2025","item"
"10790","45038","Sticker-s1n-Budapest-2025","item"
"10791","45039","Sticker-s1n-Embroidered-Budapest-2025","item"
"10792","45040","Sticker-s1n-Gold-Budapest-2025","item"
"10793","45041","Sticker-s1n-Holo-Budapest-2025","item"
"10794","45042","Sticker-saadzin-Budapest-2025","item"
"10795","45043","Sticker-saadzin-Embroidered-Budapest-2025","item"
"10796","45044","Sticker-saadzin-Gold-Budapest-2025","item"
"10797","45045","Sticker-saadzin-Holo-Budapest-2025","item"
"10798","45046","Sticker-sjuush-Budapest-2025","item"
"10799","45047","Sticker-sjuush-Embroidered-Budapest-2025","item"
"10800","45048","Sticker-sjuush-Gold-Budapest-2025","item"
"10801","45049","Sticker-sjuush-Holo-Budapest-2025","item"
"10802","45050","Sticker-sk0R-Budapest-2025","item"
"10803","45051","Sticker-sk0R-Embroidered-Budapest-2025","item"
"10804","45052","Sticker-sk0R-Gold-Budapest-2025","item"
"10805","45053","Sticker-sk0R-Holo-Budapest-2025","item"
"10806","45054","Sticker-skullz-Budapest-2025","item"
"10807","45055","Sticker-skullz-Embroidered-Budapest-2025","item"
"10808","45056","Sticker-skullz-Gold-Budapest-2025","item"
"10809","45057","Sticker-skullz-Holo-Budapest-2025","item"
"10810","45058","Sticker-slaxz--Budapest-2025","item"
"10811","45059","Sticker-slaxz--Embroidered-Budapest-2025","item"
"10812","45060","Sticker-slaxz--Gold-Budapest-2025","item"
"10813","45061","Sticker-slaxz--Holo-Budapest-2025","item"
"10814","45062","Sticker-Snappi-Budapest-2025","item"
"10815","45063","Sticker-Snappi-Embroidered-Budapest-2025","item"
"10816","45064","Sticker-Snappi-Gold-Budapest-2025","item"
"10817","45065","Sticker-Snappi-Holo-Budapest-2025","item"
"10818","45066","Sticker-Sonic-Budapest-2025","item"
"10819","45067","Sticker-Sonic-Embroidered-Budapest-2025","item"
"10820","45068","Sticker-Sonic-Gold-Budapest-2025","item"
"10821","45069","Sticker-Sonic-Holo-Budapest-2025","item"
"10822","45070","Sticker-Starry-Budapest-2025","item"
"10823","45071","Sticker-Starry-Embroidered-Budapest-2025","item"
"10824","45072","Sticker-Starry-Gold-Budapest-2025","item"
"10825","45073","Sticker-Starry-Holo-Budapest-2025","item"
"10826","45074","Sticker-Summer-Budapest-2025","item"
"10827","45075","Sticker-Summer-Embroidered-Budapest-2025","item"
"10828","45076","Sticker-Summer-Gold-Budapest-2025","item"
"10829","45077","Sticker-Summer-Holo-Budapest-2025","item"
"10830","45078","Sticker-Swisher-Budapest-2025","item"
"10831","45079","Sticker-Swisher-Embroidered-Budapest-2025","item"
"10832","45080","Sticker-Swisher-Gold-Budapest-2025","item"
"10833","45081","Sticker-Swisher-Holo-Budapest-2025","item"
"10834","45082","Sticker-Tauson-Budapest-2025","item"
"10835","45083","Sticker-Tauson-Embroidered-Budapest-2025","item"
"10836","45084","Sticker-Tauson-Gold-Budapest-2025","item"
"10837","45085","Sticker-Tauson-Holo-Budapest-2025","item"
"10838","45086","Sticker-Tiger-Budapest-2025","item"
"10839","45087","Sticker-Tiger-Embroidered-Budapest-2025","item"
"10840","45088","Sticker-Tiger-Gold-Budapest-2025","item"
"10841","45089","Sticker-Tiger-Holo-Budapest-2025","item"
"10842","45090","Sticker-TRY-Budapest-2025","item"
"10843","45091","Sticker-TRY-Embroidered-Budapest-2025","item"
"10844","45092","Sticker-TRY-Gold-Budapest-2025","item"
"10845","45093","Sticker-TRY-Holo-Budapest-2025","item"
"10846","45094","Sticker-venomzera-Budapest-2025","item"
"10847","45095","Sticker-venomzera-Embroidered-Budapest-2025","item"
"10848","45096","Sticker-venomzera-Gold-Budapest-2025","item"
"10849","45097","Sticker-venomzera-Holo-Budapest-2025","item"
"10850","45098","Sticker-vexite-Budapest-2025","item"
"10851","45099","Sticker-vexite-Embroidered-Budapest-2025","item"
"10852","45100","Sticker-vexite-Gold-Budapest-2025","item"
"10853","45101","Sticker-vexite-Holo-Budapest-2025","item"
"10854","45102","Sticker-VINI-Budapest-2025","item"
"10855","45103","Sticker-VINI-Embroidered-Budapest-2025","item"
"10856","45104","Sticker-VINI-Gold-Budapest-2025","item"
"10857","45105","Sticker-VINI-Holo-Budapest-2025","item"
"10858","45106","Sticker-westmelon-Budapest-2025","item"
"10859","45107","Sticker-westmelon-Embroidered-Budapest-2025","item"
"10860","45108","Sticker-westmelon-Gold-Budapest-2025","item"
"10861","45109","Sticker-westmelon-Holo-Budapest-2025","item"
"10862","45110","Sticker-xerolte-Budapest-2025","item"
"10863","45111","Sticker-xerolte-Embroidered-Budapest-2025","item"
"10864","45112","Sticker-xerolte-Gold-Budapest-2025","item"
"10865","45113","Sticker-xerolte-Holo-Budapest-2025","item"
"10866","45114","Sticker-xiELO-Budapest-2025","item"
"10867","45115","Sticker-xiELO-Embroidered-Budapest-2025","item"
"10868","45116","Sticker-xiELO-Gold-Budapest-2025","item"
"10869","45117","Sticker-xiELO-Holo-Budapest-2025","item"
"10870","45118","Sticker-xKacpersky-Budapest-2025","item"
"10871","45119","Sticker-xKacpersky-Embroidered-Budapest-2025","item"
"10872","45120","Sticker-xKacpersky-Gold-Budapest-2025","item"
"10873","45121","Sticker-xKacpersky-Holo-Budapest-2025","item"
"10874","45122","Sticker-XotiC-Budapest-2025","item"
"10875","45123","Sticker-XotiC-Embroidered-Budapest-2025","item"
"10876","45124","Sticker-XotiC-Gold-Budapest-2025","item"
"10877","45125","Sticker-XotiC-Holo-Budapest-2025","item"
"10878","45126","Sticker-z4KR-Budapest-2025","item"
"10879","45127","Sticker-z4KR-Embroidered-Budapest-2025","item"
"10880","45128","Sticker-z4KR-Gold-Budapest-2025","item"
"10881","45129","Sticker-z4KR-Holo-Budapest-2025","item"
"10882","45130","Sticker-zevy-Budapest-2025","item"
"10883","45131","Sticker-zevy-Embroidered-Budapest-2025","item"
"10884","45132","Sticker-zevy-Gold-Budapest-2025","item"
"10885","45133","Sticker-zevy-Holo-Budapest-2025","item"
"10886","45134","Sticker-ztr-Budapest-2025","item"
"10887","45135","Sticker-ztr-Embroidered-Budapest-2025","item"
"10888","45136","Sticker-ztr-Gold-Budapest-2025","item"
"10889","45137","Sticker-ztr-Holo-Budapest-2025","item"
"10890","45746","AWP-The-End","item"
"10891","45747","Glock-18-Trace-Lock","item"
"10892","45748","AK-47-Breakthrough","item"
"10893","45749","P90-Aeolian-Light","item"
"10894","45750","P2000-Grip-Tape","item"
"10895","45751","Desert-Eagle-The-Daily-Deagle","item"
"10896","45752","AUG-Creep","item"
"10897","45753","R8-Revolver-Dark-Chamber","item"
"10898","45754","MP5-SD-Snow-Splash","item"
"10899","45755","MAC-10-Snow-Splash","item"
"10900","45756","M4A4-Aeolian-Dark","item"
"10901","45757","FAMAS-Vendetta","item"
"10902","45758","SSG-08-Sans-Comic","item"
"10903","45759","SCAR-20-Zinc","item"
"10904","45760","PP-Bizon-Bizoom","item"
"10905","45761","P250-Sleet","item"
"10906","45762","Nova-Currents","item"
"10907","45763","MP9-Dizzy","item"
"10908","45764","M249-Sleet","item"
"10909","45765","Dual-Berettas-Silver-Pour","item"
"10910","45766","M4A1-S-Party-Animal","item"
"10911","45767","USP-S-Sleeping-Potion","item"
"10912","45768","AWP-Exothermic","item"
"10913","45769","Zeus-x27-Earth-Mandala","item"
"10914","45770","UMP-45-Warm-Blooded","item"
"10915","45771","Galil-AR-Sky-Mandala","item"
"10916","45772","Five-SeveN-Fraise-Crane","item"
"10917","45773","XM1014-XoooM","item"
"10918","45774","Tec-9-Banana-Leaf","item"
"10919","45775","SSG-08-Calligrafaux","item"
"10920","45776","MP7-Coral-Paisley","item"
"10921","45777","MP5-SD-Picnic","item"
"10922","45778","Sawed-Off-Crimson-Batik","item"
"10923","45779","SG-553-Safari-Print","item"
"10924","45780","R8-Revolver-Mauve-Aside","item"
"10925","45781","PP-Bizon-Thermal-Currents","item"
"10926","45782","MP9-Bee-Tron","item"
"10927","45783","FAMAS-Byproduct","item"
"10928","45784","CZ75-Auto-Honey-Paisley","item"
"10929","43669","M4A1-S-Solitude","item"
"10930","45785","AK-47-Aphrodite","item"
"10931","45919","Glock-18-Fully-Tuned","item"
"10932","45920","AWP-Queen's-Gambit","item"
"10933","45921","P90-Deathgaze","item"
"10934","45922","P250-Kintsugi","item"
"10935","45923","AK-47-Crane-Flight","item"
"10936","45924","MP9-Urban-Sovereign","item"
"10937","45925","MP7-Amberline","item"
"10938","45926","M4A1-S-Electrum","item"
"10939","45927","Galil-AR-Galigator","item"
"10940","45928","Desert-Eagle-Firebreathing","item"
"10941","45929","USP-S-Silent-Shot","item"
"10942","45930","UMP-45-Fragment","item"
"10943","45931","Sawed-Off-Fusion","item"
"10944","45932","PP-Bizon-RMX","item"
"10945","45933","M4A4-Zubastick","item"
"10946","45934","M249-Bock-Blocks","item"
"10947","45935","Five-SeveN-Dark-Polymer","item"
"10948","45936","Sport-Gloves-Violet-Beadwork","item"
"10949","45937","Sport-Gloves-Ultra-Violent","item"
"10950","45938","Sport-Gloves-Red-Racer","item"
"10951","45939","Sport-Gloves-Occult","item"
"10952","45940","Sport-Gloves-Frosty","item"
"10953","45941","Sport-Gloves-Creme-Pinstripe","item"
"10954","45942","Sport-Gloves-Blaze","item"
"10955","45943","Specialist-Gloves-Sunburst","item"
"10956","45944","Specialist-Gloves-Pillow-Punchers","item"
"10957","45945","Specialist-Gloves-Lime-Polycam","item"
"10958","45946","Specialist-Gloves-Cloud-Chaser","item"
"10959","45947","Specialist-Gloves-Chocolate-Chesterfield","item"
"10960","45948","Specialist-Gloves-Blackbook","item"
"10961","45949","Specialist-Gloves-Big-Swell","item"
"10962","45950","Driver-Gloves-Wave-Chaser","item"
"10963","45951","Driver-Gloves-Seigaiha","item"
"10964","45952","Driver-Gloves-Plum-Quill","item"
"10965","45953","Driver-Gloves-Hand-Sweaters","item"
"10966","45954","Driver-Gloves-Garden","item"
"10967","45955","Driver-Gloves-Dragon-Fists","item"
"10968","45956","Driver-Gloves-Brocade-Flowers","item"
"10969","45957","Driver-Gloves-Brocade-Crane","item"
